symbol,day,direction,entry_time,entry_price,exit_time,exit_price,exit_reason,shares,stop_price,target_price,risk_per_share,holding_minutes,gross_pnl,commission,reg_fees,net_pnl,r_multiple,relative_volume,or_width,equity_before,equity_after
SPY,2022-08-01 00:00:00-04:00,long,2022-08-01 09:53:00-04:00,389.73583199999996,2022-08-01 10:52:00-04:00,391.50333600000005,time,64,388.155,392.89749599999993,1.5808319999999867,60,113.12025600000561,0.64,0.20044970803200002,112.27980629197361,1.1097776191980568,,2.089999999999975,100000.0,100112.27980629198
QQQ,2022-08-01 00:00:00-04:00,long,2022-08-01 09:53:00-04:00,307.843088,2022-08-01 10:52:00-04:00,310.04593200000005,time,81,305.78999999999996,311.94926400000014,2.0530880000000593,60,178.4303640000022,0.81,0.20090976393600002,177.4194542360662,1.0668630046758658,,2.680000000000007,100112.27980629198,100289.69926052804
NVDA,2022-08-01 00:00:00-04:00,long,2022-08-01 09:53:00-04:00,18.397356,2022-08-01 10:52:00-04:00,18.762492,time,1362,18.115000000000002,18.96206799999999,0.2823559999999965,60,497.3152320000044,13.620000000000001,0.204436112832,483.4907958871724,1.2572281094221749,,0.34999999999999787,100289.69926052804,100773.19005641522
AMZN,2022-08-01 00:00:00-04:00,long,2022-08-01 09:54:00-04:00,136.50457999999998,2022-08-01 10:53:00-04:00,138.61433208000003,time,184,134.945,139.62373999999994,1.5595799999999826,60,388.1943827200091,1.84,0.20404029682176003,386.1503424231874,1.3456463697555965,,2.8700000000000045,100773.19005641522,101159.34039883841
META,2022-08-01 00:00:00-04:00,long,2022-08-01 10:01:00-04:00,157.292892,2022-08-01 11:00:00-04:00,161.165508,time,160,155.1,161.678676,2.1928920000000005,60,619.618559999999,1.6,0.20629185024,617.812268149759,1.7608375952559419,,2.4399999999999977,101159.34039883841,101777.15266698817
QQQ,2022-08-02 00:00:00-04:00,long,2022-08-02 09:46:00-04:00,306.782664,2022-08-02 09:53:00-04:00,305.457768,stop,82,305.58,309.18799200000007,1.202664000000027,8,-108.64147200000195,0.8200000000000001,0.200380295808,-109.66185229580995,-1.1119811203661154,,2.1200000000000045,101777.15266698817,101667.49081469236
NVDA,2022-08-02 00:00:00-04:00,long,2022-08-02 09:46:00-04:00,18.407359999999997,2022-08-02 09:56:00-04:00,18.207714,stop,1380,18.215,18.79207999999999,0.1923599999999972,11,-275.51147999999694,13.8,0.20101316255999999,-289.51249316255695,-1.0906199922645086,,0.3500000000000014,101667.49081469236,101377.9783215298
AMZN,2022-08-02 00:00:00-04:00,long,2022-08-02 09:46:00-04:00,136.36222308,2022-08-02 10:08:00-04:00,135.27591798,stop,185,135.33005,138.42656924000002,1.0321730800000068,23,-200.96644350000076,1.85,0.20020835861039998,-203.01665185861117,-1.0631814843919751,,1.8399,101377.9783215298,101174.96166967119
SPY,2022-08-02 00:00:00-04:00,short,2022-08-02 09:54:00-04:00,386.605296,2022-08-02 09:58:00-04:00,387.83507199999997,stop,65,387.68,384.455888,1.074703999999997,5,-79.9354399999973,0.65,0.20103475392,-80.7864747539173,-1.1564754968511906,,1.4600000000000364,101174.96166967119,101094.17519491728
META,2022-08-02 00:00:00-04:00,long,2022-08-02 10:54:00-04:00,159.543792,2022-08-02 11:53:00-04:00,159.4362,time,158,158.07,162.491376,1.473792000000003,60,-16.99953599999725,1.58,0.2015273568,-18.781063356797247,-0.08065418295117786,,2.680000000000007,101094.17519491728,101075.39413156048
META,2022-08-03 00:00:00-04:00,long,2022-08-03 09:46:00-04:00,164.195652,2022-08-03 10:45:00-04:00,165.093936,time,153,162.135,168.316956,2.0606520000000046,60,137.43745200000276,1.53,0.20207497766399998,135.70537702233875,0.4304284510494814,,3.950000000000017,101075.39413156048,101211.09950858282
QQQ,2022-08-03 00:00:00-04:00,long,2022-08-03 09:55:00-04:00,310.554172,2022-08-03 10:54:00-04:00,311.11550400000004,time,81,308.99,313.68251599999996,1.564171999999985,60,45.46789200000404,0.81,0.201602846592,44.45628915341204,0.3508840945676403,,2.340000000000032,101211.09950858282,101255.55579773623
NVDA,2022-08-03 00:00:00-04:00,long,2022-08-03 09:57:00-04:00,18.437372,2022-08-03 10:56:00-04:00,18.44262,time,1372,18.244999999999997,18.822116000000005,0.19237200000000243,60,7.200256000002327,13.72,0.20242619712,-6.722170197117674,-0.02546909612624625,,0.3099999999999987,101255.55579773623,101248.83362753912
AMZN,2022-08-03 00:00:00-04:00,long,2022-08-03 09:58:00-04:00,138.035192,2022-08-03 10:32:00-04:00,136.89522,stop,183,136.95,140.205576,1.0851920000000064,35,-208.61487600000004,1.83,0.20041460207999998,-210.64529060208005,-1.0607036927658824,,1.799999999999983,101248.83362753912,101038.18833693703
SPY,2022-08-03 00:00:00-04:00,long,2022-08-03 10:04:00-04:00,390.496136,2022-08-03 10:19:00-04:00,389.289222,stop,64,389.445,392.59840799999995,1.0511359999999854,16,-77.24249599999894,0.64,0.199316081664,-78.08181208166293,-1.1606759865288605,,1.6299999999999955,101038.18833693703,100960.10652485536
SPY,2022-08-04 00:00:00-04:00,long,2022-08-04 09:47:00-04:00,393.49733599999996,2022-08-04 09:52:00-04:00,392.397978,stop,64,392.555,395.38200799999987,0.9423359999999548,6,-70.35891199999605,0.64,0.200907764736,-71.19981976473206,-1.1805737909025993,,1.3500000000000227,100960.10652485536,100888.90670509063
QQQ,2022-08-04 00:00:00-04:00,long,2022-08-04 09:47:00-04:00,316.14640799999995,2022-08-04 09:53:00-04:00,314.74905,stop,79,314.875,318.68922399999985,1.2714079999999512,7,-110.39128199999527,0.79,0.1989213996,-111.38020339959527,-1.1089091718787314,,1.990000000000009,100888.90670509063,100777.52650169104
NVDA,2022-08-04 00:00:00-04:00,long,2022-08-04 09:47:00-04:00,19.097635999999998,2022-08-04 10:17:00-04:00,18.872448000000002,stop,1319,18.880000000000003,19.53290799999999,0.21763599999999528,31,-297.02297199999435,13.19,0.199142071296,-310.4121140712904,-1.0813421473653295,,0.33999999999999986,100777.52650169104,100467.11438761975
META,2022-08-04 00:00:00-04:00,long,2022-08-04 09:47:00-04:00,170.20805599999997,2022-08-04 10:06:00-04:00,168.062748,stop,147,168.13,174.36416799999992,2.0780559999999753,20,-315.3602759999958,1.47,0.197641791648,-317.0279177916438,-1.037822128943588,,3.960000000000008,100467.11438761975,100150.08646982811
SPY,2022-08-05 00:00:00-04:00,long,2022-08-05 09:52:00-04:00,390.666204,2022-08-05 10:51:00-04:00,391.023528,time,64,389.33500000000004,393.3286119999999,1.331203999999957,60,22.868736000000354,0.64,0.200204046336,22.028531953664352,0.2585597787987541,,2.170000000000016,100150.08646982811,100172.11500178177
QQQ,2022-08-05 00:00:00-04:00,long,2022-08-05 10:03:00-04:00,313.585384,2022-08-05 11:02:00-04:00,312.84481200000005,time,79,311.98,316.7961519999999,1.6053839999999582,60,-58.505187999994405,0.79,0.19771792118400003,-59.492905921178405,-0.4690932253566429,,2.2800000000000296,100172.11500178177,100112.6220958606
META,2022-08-05 00:00:00-04:00,long,2022-08-05 10:03:00-04:00,168.557396,2022-08-05 11:02:00-04:00,167.58294,time,148,166.42000000000002,172.832188,2.1373959999999954,60,-144.21948800000052,1.48,0.19841820096,-145.8979062009605,-0.461213861876791,,3.0800000000000125,100112.6220958606,99966.72418965964
AMZN,2022-08-05 00:00:00-04:00,long,2022-08-05 10:05:00-04:00,141.726668,2022-08-05 11:04:00-04:00,141.363432,time,176,140.595,143.99000399999997,1.1316679999999906,60,-63.9295360000001,1.76,0.19903971225599995,-65.8885757122561,-0.3308098377404006,,1.990000000000009,99966.72418965964,99900.83561394738
NVDA,2022-08-05 00:00:00-04:00,long,2022-08-05 10:10:00-04:00,18.977587999999997,2022-08-05 11:09:00-04:00,18.902436,time,1316,18.84,19.252763999999992,0.13758799999999738,60,-98.9000319999943,13.16,0.199004846208,-112.25903684620229,-0.6199902570572818,,0.240000000000002,99900.83561394738,99788.57657710118
NVDA,2022-08-08 00:00:00-04:00,long,2022-08-08 09:46:00-04:00,18.117244,2022-08-08 10:45:00-04:00,17.697917999999998,stop,1210,17.705,18.941732000000002,0.41224400000000117,60,-507.384460000002,12.1,0.17131584623999999,-519.6557758462419,-1.0417800704049067,,0.7900000000000027,99788.57657710118,99268.92080125494
META,2022-08-08 00:00:00-04:00,long,2022-08-08 09:47:00-04:00,172.248872,2022-08-08 10:46:00-04:00,172.670904,time,139,168.68,179.386616,3.568871999999999,60,58.66244800000021,1.3900000000000001,0.192010045248,57.08043795475221,0.11506454497891817,,6.0,99268.92080125494,99326.00123920968
SPY,2022-08-08 00:00:00-04:00,long,2022-08-08 09:51:00-04:00,395.698216,2022-08-08 10:50:00-04:00,394.76203200000003,time,62,394.365,398.364648,1.333215999999993,60,-58.04340799999807,0.62,0.195801967872,-58.859209967870065,-0.7120692342845973,,2.1499999999999773,99326.00123920968,99267.14202924182
QQQ,2022-08-08 00:00:00-04:00,long,2022-08-08 09:51:00-04:00,317.596988,2022-08-08 10:50:00-04:00,315.903588,time,78,315.29999999999995,322.1909640000001,2.2969880000000558,60,-132.08519999999976,0.78,0.197123838912,-133.06232383891177,-0.7426800787396171,,3.4399999999999977,99267.14202924182,99134.07970540291
AMZN,2022-08-08 00:00:00-04:00,short,2022-08-08 10:56:00-04:00,141.49338000000003,2022-08-08 11:55:00-04:00,140.47616799999997,time,175,142.8991,138.68194000000008,1.4057199999999739,60,178.01210000001007,1.75,0.19809073200000005,176.06400926801007,0.7157044453803576,,2.6381999999999834,99134.07970540291,99310.14371467092
NVDA,2022-08-09 00:00:00-04:00,long,2022-08-09 09:48:00-04:00,17.396956,2022-08-09 09:49:00-04:00,17.248098,stop,1427,17.255,17.680868,0.14195600000000042,2,-212.42036600000085,14.27,0.19690428676799998,-226.88727028676885,-1.1200370874355443,,0.25,99310.14371467092,99083.25644438415
SPY,2022-08-09 00:00:00-04:00,short,2022-08-09 09:54:00-04:00,389.574108,2022-08-09 10:50:00-04:00,390.79625599999997,stop,63,390.64,387.4423240000001,1.0658919999999625,57,-76.99532399999669,0.63,0.196345350432,-77.82166935042868,-1.1589022085389427,,1.1800000000000068,99083.25644438415,99005.43477503373
QQQ,2022-08-09 00:00:00-04:00,short,2022-08-09 09:54:00-04:00,308.536536,2022-08-09 10:53:00-04:00,309.1236,time,80,309.89,305.82960800000006,1.353463999999974,60,-46.96511999999984,0.8,0.19746338304,-47.96258338303984,-0.4429613881773062,,1.7799999999999727,99005.43477503373,98957.4721916507
META,2022-08-09 00:00:00-04:00,short,2022-08-09 09:56:00-04:00,165.643716,2022-08-09 10:55:00-04:00,166.04639199999997,time,149,166.925,163.081148,1.2812839999999994,60,-59.99872399999359,1.49,0.197447309472,-61.686171309465585,-0.3231142742186409,,2.25,98957.4721916507,98895.78602034123
AMZN,2022-08-09 00:00:00-04:00,short,2022-08-09 10:01:00-04:00,136.605336,2022-08-09 10:33:00-04:00,137.87127646,stop,180,137.81615,134.183708,1.2108139999999992,33,-227.86928279999927,1.8,0.19671168383999998,-229.86599448383927,-1.054689905045694,,2.2723000000000013,98895.78602034123,98665.92002585738
META,2022-08-10 00:00:00-04:00,long,2022-08-10 09:47:00-04:00,176.760676,2022-08-10 10:20:00-04:00,174.415206,stop,139,174.485,181.31202799999994,2.275675999999976,34,-326.0203299999969,1.3900000000000001,0.19394970907200001,-327.60427970906886,-1.0356770127417094,,4.090000000000003,98665.92002585738,98338.31574614832
SPY,2022-08-10 00:00:00-04:00,long,2022-08-10 09:50:00-04:00,397.148796,2022-08-10 09:54:00-04:00,396.05651400000005,stop,61,396.21500000000003,399.01638799999995,0.9337959999999725,5,-66.62920199999724,0.61,0.19327557883200003,-67.43247757882924,-1.1838243600443643,,1.5100000000000477,98338.31574614832,98270.8832685695
AMZN,2022-08-10 00:00:00-04:00,short,2022-08-10 09:54:00-04:00,141.953196,2022-08-10 10:53:00-04:00,142.54199400000002,time,173,143.405,139.04958799999997,1.4518040000000099,60,-101.8620540000044,1.73,0.19646322326399998,-103.78851722326841,-0.4132332088684295,,2.3899999999999864,98270.8832685695,98167.09475134623
QQQ,2022-08-10 00:00:00-04:00,short,2022-08-10 10:20:00-04:00,314.084316,2022-08-10 10:40:00-04:00,315.67621999999994,stop,78,315.54999999999995,311.1529480000001,1.4656839999999534,21,-124.16851199999553,0.78,0.195988613184,-125.14450061317953,-1.0946538780037127,,2.180000000000007,98167.09475134623,98041.95025073305
NVDA,2022-08-10 00:00:00-04:00,short,2022-08-10 10:20:00-04:00,17.29308,2022-08-10 10:49:00-04:00,17.506999999999998,stop,1417,17.5,16.87924,0.20692000000000021,30,-303.1246399999973,14.17,0.19603435487999998,-317.49067435487734,-1.082825945486168,,0.3200000000000003,98041.95025073305,97724.45957637817
NVDA,2022-08-11 00:00:00-04:00,long,2022-08-11 09:47:00-04:00,18.30732,2022-08-11 10:46:00-04:00,18.452616000000003,time,1334,18.115000000000002,18.691959999999998,0.19231999999999871,60,193.8248640000025,13.34,0.19692631795200002,180.28793768205048,0.7027265966722274,,0.3099999999999987,97724.45957637817,97904.74751406022
SPY,2022-08-11 00:00:00-04:00,long,2022-08-11 09:49:00-04:00,401.380488,2022-08-11 10:48:00-04:00,401.05951200000004,time,60,400.665,402.811464,0.7154879999999935,60,-19.258559999998397,0.6,0.19250856576000003,-20.0510685657584,-0.46707209079114725,,0.8700000000000045,97904.74751406022,97884.69644549445
QQQ,2022-08-11 00:00:00-04:00,long,2022-08-11 10:01:00-04:00,320.60819200000003,2022-08-11 10:47:00-04:00,319.527138,stop,76,319.655,322.51457600000015,0.9531920000000582,47,-82.16010400000391,0.76,0.194272499904,-83.11437649990792,-1.147313675633015,,1.3100000000000023,97884.69644549445,97801.58206899454
META,2022-08-11 00:00:00-04:00,long,2022-08-11 10:12:00-04:00,180.842308,2022-08-11 10:42:00-04:00,179.09833200000003,stop,135,179.17000000000002,184.18692399999998,1.6723079999999868,31,-235.43675999999664,1.35,0.19342619856,-236.98018619855662,-1.0496922735859595,,2.859999999999985,97801.58206899454,97564.60188279598
AMZN,2022-08-11 00:00:00-04:00,long,2022-08-11 10:17:00-04:00,144.4447548,2022-08-11 10:25:00-04:00,143.607534,stop,168,143.665,146.0042644,0.7797548000000063,9,-140.65309440000192,1.68,0.19300852569599997,-142.52610292569793,-1.087995431733161,,1.3100000000000023,97564.60188279598,97422.07577987028
NVDA,2022-08-12 00:00:00-04:00,long,2022-08-12 09:47:00-04:00,18.2573,2022-08-12 10:46:00-04:00,18.2427,time,1334,18.07,18.6319,0.18730000000000047,60,-19.476400000002002,13.34,0.19468609439999998,-33.011086094402,-0.13211928243460458,,0.33999999999999986,97422.07577987028,97389.06469377589
AMZN,2022-08-12 00:00:00-04:00,short,2022-08-12 09:49:00-04:00,140.39382,2022-08-12 10:19:00-04:00,141.51158199999998,stop,173,141.45499999999998,138.27146000000005,1.061179999999979,31,-193.37282599999492,1.73,0.19430504688,-195.2971310468749,-1.0638017589475801,,1.4699999999999989,97389.06469377589,97193.76756272902
SPY,2022-08-12 00:00:00-04:00,short,2022-08-12 10:01:00-04:00,399.220248,2022-08-12 10:08:00-04:00,400.330068,stop,60,400.17,397.32074400000005,0.9497519999999895,8,-66.58919999999739,0.6,0.19162571904,-67.38082571903739,-1.1824284255089423,,1.3600000000000136,97193.76756272902,97126.38673700998
QQQ,2022-08-12 00:00:00-04:00,long,2022-08-12 10:11:00-04:00,318.787464,2022-08-12 10:47:00-04:00,317.42298000000005,stop,76,317.55,321.262392,1.2374639999999886,37,-103.70078399999602,0.76,0.19299317184,-104.65377717183603,-1.1127785404989239,,1.7200000000000273,97126.38673700998,97021.73295983813
META,2022-08-12 00:00:00-04:00,short,2022-08-12 10:49:00-04:00,177.32904000000002,2022-08-12 11:02:00-04:00,178.79648999999998,stop,136,178.725,174.53712000000007,1.3959599999999739,14,-199.57319999999413,1.36,0.19293399552,-201.12613399551415,-1.0593918395369386,,2.3100000000000023,97021.73295983813,96820.60682584262
SPY,2022-08-15 00:00:00-04:00,long,2022-08-15 09:47:00-04:00,403.801456,2022-08-15 10:46:00-04:00,403.928364,time,59,403.03999999999996,405.324368,0.7614560000000097,60,7.487572000000853,0.59,0.19065418780799998,6.706917812192853,0.14928843306509243,,0.9399999999999977,96820.60682584262,96827.31374365481
QQQ,2022-08-15 00:00:00-04:00,long,2022-08-15 09:55:00-04:00,322.91911600000003,2022-08-15 10:13:00-04:00,321.601308,stop,74,321.73,325.29734800000006,1.1891160000000127,19,-97.51779200000101,0.74,0.190387974336,-98.44817997433701,-1.118798174832396,,1.6999999999999886,96827.31374365481,96728.86556368048
META,2022-08-15 00:00:00-04:00,long,2022-08-15 09:59:00-04:00,179.691848,2022-08-15 10:02:00-04:00,178.343634,stop,134,178.415,182.245544,1.276848000000001,4,-180.66067599999792,1.34,0.191184375648,-182.19186037564592,-1.0648415074245199,,2.3700000000000045,96728.86556368048,96546.67370330483
AMZN,2022-08-15 00:00:00-04:00,short,2022-08-15 10:13:00-04:00,141.97528716000002,2022-08-15 11:12:00-04:00,141.736672,time,170,142.94,140.04586148000007,0.9647128399999758,60,40.56457720000395,1.7,0.19308639053760002,38.67149080946635,0.23580007259232594,,1.6399999999999864,96546.67370330483,96585.3451941143
NVDA,2022-08-16 00:00:00-04:00,short,2022-08-16 09:48:00-04:00,18.732504,2022-08-16 10:32:00-04:00,18.504911004799993,target,1289,18.85,18.497511999999993,0.11749600000000271,45,293.3673708128071,12.89,0.19316958124799996,280.2842012315591,1.8506428743787064,,0.22000000000000242,96585.3451941143,96865.62939534585
QQQ,2022-08-16 00:00:00-04:00,short,2022-08-16 09:50:00-04:00,322.331016,2022-08-16 10:49:00-04:00,321.8787,time,75,323.28,320.433048,0.9489839999999958,60,33.92369999999971,0.75,0.1933986096,32.98030139039971,0.46337699252252734,,1.1800000000000068,96865.62939534585,96898.60969673625
META,2022-08-16 00:00:00-04:00,short,2022-08-16 09:50:00-04:00,176.049552,2022-08-16 10:11:00-04:00,177.741068,stop,137,177.67000000000002,172.80865599999998,1.6204480000000103,22,-231.73769200000098,1.37,0.192950308992,-233.300642308993,-1.0508972805150159,,2.219999999999999,96898.60969673625,96665.30905442726
SPY,2022-08-16 00:00:00-04:00,short,2022-08-16 10:02:00-04:00,405.177864,2022-08-16 10:11:00-04:00,406.042352,stop,59,405.88,403.773592,0.7021359999999959,10,-51.00479199999967,0.59,0.191243951808,-51.78603595180767,-1.2500846316269207,,1.1000000000000227,96665.30905442726,96613.52301847545
AMZN,2022-08-16 00:00:00-04:00,short,2022-08-16 10:02:00-04:00,142.55795400000002,2022-08-16 11:01:00-04:00,142.717064,time,169,143.62,140.43386200000006,1.062045999999981,60,-26.88958999999491,1.69,0.19273835380800003,-28.772328353802912,-0.1603042275306088,,1.539999999999992,96613.52301847545,96584.75069012164
NVDA,2022-08-17 00:00:00-04:00,short,2022-08-17 09:51:00-04:00,18.352656,2022-08-17 10:50:00-04:00,18.207279999999997,time,1315,18.505000000000003,18.047967999999994,0.15234400000000292,60,191.16944000000314,13.15,0.19306994112,177.82637005888313,0.8876567423200112,,0.2699999999999996,96584.75069012164,96762.57706018053
QQQ,2022-08-17 00:00:00-04:00,short,2022-08-17 10:15:00-04:00,319.582116,2022-08-17 11:14:00-04:00,318.847488,time,75,320.72,317.3063479999999,1.1378840000000423,60,55.09709999999899,0.75,0.1917492696,54.155350730398986,0.6345737729610045,,1.920000000000016,96762.57706018053,96816.73241091093
META,2022-08-17 00:00:00-04:00,short,2022-08-17 10:16:00-04:00,173.560548,2022-08-17 11:15:00-04:00,173.26927999999998,time,139,175.22,170.24164400000004,1.6594519999999875,60,40.48625200000427,1.3900000000000001,0.192999329376,38.90325267062827,0.16865779523362703,,2.740000000000009,96816.73241091093,96855.63566358156
AMZN,2022-08-17 00:00:00-04:00,short,2022-08-17 10:16:00-04:00,141.553356,2022-08-17 11:15:00-04:00,141.3300094,time,171,142.48995000000002,139.68016799999998,0.9365940000000137,60,38.19226860000231,1.71,0.193644991008,36.28862360899431,0.22658075233453384,,1.6799000000000035,96855.63566358156,96891.92428719056
SPY,2022-08-17 00:00:00-04:00,short,2022-08-17 10:38:00-04:00,403.48854,2022-08-17 10:45:00-04:00,404.57676599999996,stop,60,404.41499999999996,401.6356200000001,0.9264599999999632,8,-65.2935599999978,0.6,0.1936744992,-66.08723449919779,-1.1888844724219145,,1.4300000000000068,96891.92428719056,96825.83705269136
NVDA,2022-08-18 00:00:00-04:00,long,2022-08-18 09:48:00-04:00,18.447376000000002,2022-08-18 10:47:00-04:00,18.532584,time,1312,18.28,18.782128000000004,0.16737600000000086,60,111.79289599999731,13.120000000000001,0.194518001664,98.47837799833331,0.4484498334767085,,0.3000000000000007,96825.83705269136,96924.31543068969
SPY,2022-08-18 00:00:00-04:00,short,2022-08-18 09:50:00-04:00,403.568508,2022-08-18 10:21:00-04:00,404.43170799999996,stop,60,404.27,402.16552400000006,0.7014919999999734,32,-51.79199999999696,0.6,0.19371288384,-52.58571288383696,-1.2493778233593293,,0.9800000000000182,96924.31543068969,96871.72971780585
META,2022-08-18 00:00:00-04:00,short,2022-08-18 09:59:00-04:00,170.651712,2022-08-18 10:18:00-04:00,172.16383800000003,stop,141,172.09500000000003,167.76513599999996,1.4432880000000239,20,-213.2097660000033,1.41,0.192495131136,-214.8122611311393,-1.055569791819788,,2.469999999999999,96871.72971780585,96656.91745667471
QQQ,2022-08-18 00:00:00-04:00,short,2022-08-18 10:01:00-04:00,318.312624,2022-08-18 10:06:00-04:00,319.507752,stop,75,319.38,316.1778720000001,1.0673759999999675,6,-89.63459999999657,0.75,0.1909875744,-90.57558757439656,-1.1314424354604105,,1.4399999999999977,96656.91745667471,96566.34186910032
AMZN,2022-08-18 00:00:00-04:00,short,2022-08-18 10:01:00-04:00,140.60613504,2022-08-18 10:06:00-04:00,141.33151,stop,171,141.275,139.26840511999998,0.6688649600000076,6,-124.0391181600018,1.71,0.19234919273472,-125.94146735273652,-1.1011188403116858,,1.1100000000000136,96566.34186910032,96440.40040174758
SPY,2022-08-19 00:00:00-04:00,short,2022-08-19 09:47:00-04:00,401.609292,2022-08-19 10:46:00-04:00,401.570564,time,60,402.44,399.94787599999995,0.8307080000000155,60,2.323679999999513,0.6,0.19277246016,1.5309075398395127,0.03071491506521112,,1.2999999999999545,96440.40040174758,96441.93130928742
QQQ,2022-08-19 00:00:00-04:00,short,2022-08-19 09:47:00-04:00,316.11350400000003,2022-08-19 10:46:00-04:00,315.736244,time,76,317.39,313.56051200000013,1.276495999999952,60,28.671760000002678,0.76,0.192197010432,27.719562989570676,0.28572834694981336,,2.0,96441.93130928742,96469.650872277
AMZN,2022-08-19 00:00:00-04:00,short,2022-08-19 09:47:00-04:00,139.46419200000003,2022-08-19 10:46:00-04:00,139.735872,time,172,140.365,137.66257600000006,0.9008079999999836,60,-46.72895999999571,1.72,0.19190272819200002,-48.640862728187706,-0.31393561506556356,,1.490000000000009,96469.650872277,96421.0100095488
NVDA,2022-08-19 00:00:00-04:00,short,2022-08-19 09:49:00-04:00,18.132744000000002,2022-08-19 10:48:00-04:00,17.997196,time,1329,18.31,17.77823200000001,0.1772559999999963,60,180.14329200000472,13.290000000000001,0.192787334208,166.66050466579674,0.707467944938429,,0.3200000000000003,96421.0100095488,96587.6705142146
META,2022-08-19 00:00:00-04:00,short,2022-08-19 09:51:00-04:00,168.362628,2022-08-19 10:50:00-04:00,167.47696399999998,time,143,169.655,165.777884,1.2923720000000003,60,126.64995200000283,1.43,0.192606846432,125.02734515357082,0.6765212330319904,,2.329999999999984,96587.6705142146,96712.69785936817
AMZN,2022-08-22 00:00:00-04:00,short,2022-08-22 09:49:00-04:00,134.126328,2022-08-22 10:48:00-04:00,134.123628,time,180,135.33499999999998,131.70898400000004,1.2086719999999787,60,0.4860000000007858,1.8,0.19314191232,-1.5071419123192142,-0.0069274465065756324,,1.9699999999999989,96712.69785936817,96711.19071745586
SPY,2022-08-22 00:00:00-04:00,short,2022-08-22 09:50:00-04:00,394.04232,2022-08-22 10:49:00-04:00,393.827468,time,61,394.885,392.3569600000001,0.842679999999973,60,13.105972000000463,0.61,0.19229265216,12.303679347840463,0.23935498818058343,,1.1899999999999977,96711.19071745586,96723.4943968037
QQQ,2022-08-22 00:00:00-04:00,short,2022-08-22 09:50:00-04:00,308.6265,2022-08-22 10:49:00-04:00,308.353292,time,78,309.675,306.52950000000004,1.04849999999999,60,21.310224000000858,0.78,0.192582936,20.337641064000856,0.24867810014307434,,1.6499999999999773,96723.4943968037,96743.8320378677
NVDA,2022-08-22 00:00:00-04:00,short,2022-08-22 10:24:00-04:00,17.183124000000003,2022-08-22 11:23:00-04:00,17.186871999999997,time,1407,17.345,16.85937200000001,0.1618759999999959,60,-5.273435999992309,14.07,0.19341324374400004,-19.53684924373631,-0.08577840440828094,,0.28999999999999915,96743.8320378677,96724.29518862396
META,2022-08-22 00:00:00-04:00,short,2022-08-22 10:24:00-04:00,161.07554399999998,2022-08-22 11:23:00-04:00,162.174844,time,150,162.69,157.84663199999994,1.6144560000000183,60,-164.8950000000042,1.5,0.19329065279999996,-166.58829065280418,-0.6879026770330162,,2.719999999999999,96724.29518862396,96557.70689797116
SPY,2022-08-23 00:00:00-04:00,long,2022-08-23 09:51:00-04:00,392.867084,2022-08-23 10:50:00-04:00,392.233044,time,61,391.62,395.3612519999999,1.2470839999999725,60,-38.676439999998195,0.61,0.19140972547199997,-39.47784972547019,-0.518952904817947,,1.5199999999999818,96557.70689797116,96518.22904824569
QQQ,2022-08-23 00:00:00-04:00,long,2022-08-23 09:51:00-04:00,307.793068,2022-08-23 10:50:00-04:00,307.03713600000003,time,78,306.23,310.919204,1.563067999999987,60,-58.96269599999789,0.78,0.19159117286400001,-59.93428717286189,-0.4915898074095173,,2.0,96518.22904824569,96458.29476107283
NVDA,2022-08-23 00:00:00-04:00,long,2022-08-23 09:51:00-04:00,17.246895999999996,2022-08-23 10:50:00-04:00,17.233104,time,1398,17.065,17.610687999999985,0.18189599999999473,60,-19.281215999993208,13.98,0.19273503513600002,-33.453951035129215,-0.13155794977347407,,0.28999999999999915,96458.29476107283,96424.8408100377
META,2022-08-23 00:00:00-04:00,long,2022-08-23 09:51:00-04:00,162.625024,2022-08-23 10:50:00-04:00,161.845236,time,148,161.53,164.815072,1.0950239999999951,60,-115.40862399999946,1.48,0.19162475942399998,-117.08024875942347,-0.7224341766828855,,1.839999999999975,96424.8408100377,96307.76056127828
AMZN,2022-08-23 00:00:00-04:00,long,2022-08-23 09:51:00-04:00,134.60642104000001,2022-08-23 10:02:00-04:00,133.65651599999998,stop,178,133.70999999999998,136.3992631200001,0.8964210400000354,12,-169.08309712000585,1.78,0.19032687878399995,-171.05342399878984,-1.0720122010166058,,1.5200000000000102,96307.76056127828,96136.70713727949
NVDA,2022-08-24 00:00:00-04:00,short,2022-08-24 09:47:00-04:00,16.883244,2022-08-24 10:00:00-04:00,17.011802000000003,stop,1423,17.005000000000003,16.639732,0.12175600000000131,14,-182.93803400000246,14.23,0.192198849696,-197.36023284969846,-1.139106622688001,,0.129999999999999,96136.70713727949,95939.3469044298
AMZN,2022-08-24 00:00:00-04:00,long,2022-08-24 09:49:00-04:00,133.58331196,2022-08-24 10:48:00-04:00,133.70659596,time,179,132.735,135.27993587999998,0.8483119599999895,60,22.06783599999713,1.79,0.19146784541471998,20.08636815458241,0.13227957699936865,,1.2700000000000102,95939.3469044298,95959.43327258439
QQQ,2022-08-24 00:00:00-04:00,long,2022-08-24 09:52:00-04:00,306.482544,2022-08-24 09:55:00-04:00,305.422782,stop,78,305.54499999999996,308.35763200000014,0.9375440000000594,4,-82.66143600000271,0.78,0.19058381596799998,-83.63201981597071,-1.1436320666080384,,1.3100000000000023,95959.43327258439,95875.80125276842
META,2022-08-24 00:00:00-04:00,long,2022-08-24 09:52:00-04:00,160.684248,2022-08-24 10:51:00-04:00,161.29545600000003,time,149,159.425,163.20274399999997,1.2592479999999853,60,91.06999200000496,1.49,0.19226418355200003,89.38772781645297,0.47640944146986164,,2.0900000000000034,95875.80125276842,95965.18898058488
SPY,2022-08-24 00:00:00-04:00,long,2022-08-24 10:02:00-04:00,391.336472,2022-08-24 10:04:00-04:00,390.403776,stop,61,390.56,392.88941600000004,0.7764720000000125,3,-56.8944560000013,0.61,0.190517042688,-57.6949730426893,-1.2180983090285369,,1.2200000000000273,95965.18898058488,95907.49400754219
QQQ,2022-08-25 00:00:00-04:00,short,2022-08-25 09:51:00-04:00,307.506948,2022-08-25 09:53:00-04:00,308.363296,stop,77,308.24,306.04084400000005,0.7330519999999865,3,-65.93879599999758,0.77,0.18942427996800001,-66.89822027996557,-1.1851929407245112,,1.1000000000000227,95907.49400754219,95840.59578726222
SPY,2022-08-25 00:00:00-04:00,long,2022-08-25 09:54:00-04:00,393.827468,2022-08-25 10:24:00-04:00,395.19426303840004,target,60,393.065,395.35240400000004,0.7624680000000126,31,82.00770230400167,0.6,0.189693246258432,81.21800905774325,1.7753315343013718,,1.1299999999999955,95840.59578726222,95921.81379631997
META,2022-08-25 00:00:00-04:00,long,2022-08-25 09:54:00-04:00,164.29569199999997,2022-08-25 10:24:00-04:00,166.13059716959992,target,145,163.345,166.19707599999992,0.9506919999999752,31,266.06124959199263,1.45,0.19271149271673588,264.4185380992759,1.9181565899604078,,1.509999999999991,95921.81379631997,96186.23233441924
AMZN,2022-08-25 00:00:00-04:00,long,2022-08-25 09:58:00-04:00,135.60422,2022-08-25 10:40:00-04:00,137.077806936,target,177,134.84,137.13266,0.7642199999999946,43,260.82488767200067,1.77,0.194102174621376,258.8607854973793,1.9137032707133106,,1.1200000000000045,96186.23233441924,96445.09311991662
NVDA,2022-08-25 00:00:00-04:00,long,2022-08-25 10:02:00-04:00,17.196876,2022-08-25 10:25:00-04:00,17.633571748799998,target,1402,16.975,17.640627999999996,0.22187599999999819,24,612.2474398175976,14.02,0.19777814073454075,598.0296616768632,1.922491302466294,,0.370000000000001,96445.09311991662,97043.12278159348
NVDA,2022-08-26 00:00:00-04:00,short,2022-08-26 09:46:00-04:00,17.532984,2022-08-26 10:09:00-04:00,17.722085999999997,stop,1383,17.715,17.168951999999997,0.18201600000000084,24,-261.5280659999977,13.83,0.19398493497599997,-275.5520509349737,-1.0946414813642615,,0.28999999999999915,97043.12278159348,96767.57073065851
QQQ,2022-08-26 00:00:00-04:00,short,2022-08-26 09:48:00-04:00,311.05552800000004,2022-08-26 09:55:00-04:00,311.89970999999997,stop,77,311.775,309.61658400000016,0.7194719999999393,8,-65.0020139999948,0.77,0.19161020524800002,-65.9636242052428,-1.190693236462301,,1.0300000000000296,96767.57073065851,96701.60710645327
SPY,2022-08-26 00:00:00-04:00,short,2022-08-26 09:50:00-04:00,396.63128400000005,2022-08-26 09:55:00-04:00,397.423906,stop,60,397.265,395.3638520000002,0.6337159999999358,6,-47.55731999999625,0.6,0.19038301632000001,-48.34770301631625,-1.2715396964444945,,0.910000000000025,96701.60710645327,96653.25940343695
META,2022-08-26 00:00:00-04:00,short,2022-08-26 09:51:00-04:00,166.663308,2022-08-26 10:09:00-04:00,168.19225,stop,144,168.125,163.739924,1.4616919999999993,19,-220.1676480000001,1.44,0.19199613081599998,-221.7996441308161,-1.0537618776486437,,2.6100000000000136,96653.25940343695,96431.45975930613
AMZN,2022-08-26 00:00:00-04:00,short,2022-08-26 10:02:00-04:00,136.015572,2022-08-26 10:09:00-04:00,137.10482000000002,stop,177,137.05,133.94671599999995,1.0344280000000197,8,-192.79689600000464,1.77,0.192598049952,-194.75949404995666,-1.0637145597141662,,1.1599999999999966,96431.45975930613,96236.70026525618
SPY,2022-08-29 00:00:00-04:00,long,2022-08-29 09:56:00-04:00,382.98313199999996,2022-08-29 10:00:00-04:00,381.51233399999995,stop,62,381.66499999999996,385.61939599999994,1.3181319999999914,5,-91.18947600000013,0.62,0.18923011766399997,-91.99870611766413,-1.1257219297248013,1.5170638489564423,2.170000000000016,96236.70026525618,96144.70155913851
NVDA,2022-08-29 00:00:00-04:00,short,2022-08-29 10:14:00-04:00,15.923628,2022-08-29 10:16:00-04:00,16.13145,stop,1509,16.125,15.520884000000002,0.20137199999999922,3,-313.60339800000025,15.09,0.192230037216,-328.88562803721624,-1.0823222147269778,1.071155942869273,0.3299999999999983,96144.70155913851,95815.8159311013
META,2022-08-29 00:00:00-04:00,long,2022-08-29 10:18:00-04:00,161.66464,2022-08-29 10:36:00-04:00,160.005972,stop,148,160.07,164.85392,1.5946399999999983,19,-245.48286399999665,1.48,0.189447070848,-247.15231107084463,-1.047225736075841,0.9211824507656852,2.1200000000000045,95815.8159311013,95568.66362003045
QQQ,2022-08-29 00:00:00-04:00,short,2022-08-29 10:54:00-04:00,295.771644,2022-08-29 11:53:00-04:00,296.738648,time,80,297.67499999999995,291.96493200000003,1.9033559999999738,60,-77.3603200000025,0.8,0.18929385215999997,-78.3496138521625,-0.5145491296173941,1.473402264288292,3.0500000000000114,95568.66362003045,95490.31400617829
AMZN,2022-08-29 00:00:00-04:00,short,2022-08-29 10:54:00-04:00,129.2392836,2022-08-29 11:53:00-04:00,129.421748,time,184,130.66495,126.38795079999997,1.4256664000000114,60,-33.57344960000273,1.84,0.19024022545919997,-35.603689825461935,-0.135724819122351,0.9421651229833552,2.5699000000000183,95490.31400617829,95454.71031635282
NVDA,2022-08-30 00:00:00-04:00,short,2022-08-30 09:46:00-04:00,15.723708,2022-08-30 10:31:00-04:00,15.4573044496,target,1517,15.86,15.451124000000002,0.1362919999999992,46,404.1341859567996,15.17,0.190822920288,388.7733630365116,1.8803580601649492,0.8148214287812231,0.2599999999999998,95454.71031635282,95843.48367938933
AMZN,2022-08-30 00:00:00-04:00,short,2022-08-30 09:46:00-04:00,130.30775604000002,2022-08-30 10:31:00-04:00,128.40010762724805,target,183,131.28725,128.34876812000005,0.979493959999985,46,349.09965953361007,1.83,0.19077055484256003,347.0788889787675,1.9363120429080305,0.6870605184017698,1.5745000000000005,95843.48367938933,96190.5625683681
SPY,2022-08-30 00:00:00-04:00,short,2022-08-30 09:47:00-04:00,380.82760800000005,2022-08-30 10:32:00-04:00,378.23405712960005,target,63,382.20000000000005,378.0828240000001,1.3723919999999907,46,163.39370483520054,0.63,0.191937114432,162.57176772076855,1.8802967734699898,0.8658135798879152,1.6800000000000068,96190.5625683681,96353.13433608887
QQQ,2022-08-30 00:00:00-04:00,short,2022-08-30 09:47:00-04:00,296.18148,2022-08-30 10:33:00-04:00,293.15165377600005,target,81,297.755,293.0344400000001,1.5735199999999736,47,245.41592414399804,0.81,0.19192559904,244.41399854495805,1.917647549544986,0.8568012075733359,2.090000000000032,96353.13433608887,96597.54833463383
META,2022-08-30 00:00:00-04:00,short,2022-08-30 09:47:00-04:00,158.02676400000001,2022-08-30 10:46:00-04:00,155.59250411680003,target,152,159.275,155.53029200000003,1.2482359999999915,60,370.00750224639773,1.52,0.192160545024,368.29534170137373,1.9411358662047895,0.7751727889898928,1.9499999999999886,96597.54833463383,96965.84367633521
SPY,2022-08-31 00:00:00-04:00,long,2022-08-31 09:48:00-04:00,380.30206,2022-08-31 09:59:00-04:00,378.55351800000005,stop,63,378.70500000000004,383.49617999999987,1.5970599999999422,12,-110.15814599999555,0.63,0.19079097307200002,-110.97893697306755,-1.1030082953326694,1.2066481448080097,2.5300000000000296,96965.84367633521,96854.86473936214
QQQ,2022-08-31 00:00:00-04:00,long,2022-08-31 09:48:00-04:00,296.70863599999996,2022-08-31 10:00:00-04:00,295.21186800000004,stop,81,295.33000000000004,299.4659079999998,1.378635999999915,13,-121.23820799999334,0.81,0.191297290464,-122.23950529045734,-1.0946542052753672,1.0936404610002932,2.339999999999975,96854.86473936214,96732.62523407167
NVDA,2022-08-31 00:00:00-04:00,long,2022-08-31 09:48:00-04:00,15.486191999999999,2022-08-31 09:59:00-04:00,15.273888000000001,stop,1561,15.280000000000001,15.898575999999995,0.20619199999999793,12,-331.4065439999966,15.610000000000001,0.19074031334400002,-347.2072843133406,-1.0787333703732447,0.8661905426121338,0.2599999999999998,96732.62523407167,96385.41794975834
AMZN,2022-08-31 00:00:00-04:00,long,2022-08-31 09:53:00-04:00,130.3641248,2022-08-31 10:07:00-04:00,129.138324,stop,184,129.19,132.71237440000004,1.1741248000000155,15,-225.54734720000033,1.84,0.190091612928,-227.57743881292834,-1.0534092343437302,0.9573486200382699,2.1000000000000227,96385.41794975834,96157.84051094542
META,2022-08-31 00:00:00-04:00,long,2022-08-31 10:43:00-04:00,166.386528,2022-08-31 10:59:00-04:00,164.04435600000002,stop,144,164.11,170.93958399999997,2.276527999999985,17,-337.27276799999663,1.44,0.18897909811200003,-338.9017470981086,-1.0338042645853651,2.242435107668953,3.460000000000008,96157.84051094542,95818.93876384731
NVDA,2022-09-01 00:00:00-04:00,short,2022-09-01 09:47:00-04:00,14.034384,2022-09-01 10:17:00-04:00,13.698629260799997,target,1706,14.205,13.693151999999998,0.17061600000000077,31,572.7975850752038,17.06,0.19154127283199998,555.5460438023719,1.9086279371688517,2.0322972059578004,0.2699999999999996,95818.93876384731,96374.48480764969
SPY,2022-09-01 00:00:00-04:00,short,2022-09-01 10:03:00-04:00,370.811616,2022-09-01 10:28:00-04:00,372.40890399999995,stop,64,372.26,367.91484800000006,1.448383999999976,26,-102.22643199999584,0.64,0.189855547392,-103.05628754738784,-1.1117593766072822,1.249990574976348,1.3799999999999955,96374.48480764969,96271.4285201023
QQQ,2022-09-01 00:00:00-04:00,short,2022-09-01 10:03:00-04:00,287.704872,2022-09-01 11:02:00-04:00,286.51455999999996,time,83,289.235,284.64461600000004,1.5301279999999906,60,98.7958960000052,0.8300000000000001,0.191036035008,97.7748599649972,0.7698770044232051,1.009964621297981,1.990000000000009,96271.4285201023,96369.2033800673
AMZN,2022-09-01 00:00:00-04:00,short,2022-09-01 10:14:00-04:00,125.71069560000001,2022-09-01 11:13:00-04:00,124.92995199999999,time,191,126.73,123.67208680000002,1.0193043999999958,60,149.12202760000426,1.9100000000000001,0.1920859428768,147.01994165712748,0.7551600036605607,1.0661935118584076,1.8799999999999955,96369.2033800673,96516.22332172442
META,2022-09-01 00:00:00-04:00,short,2022-09-01 10:50:00-04:00,161.29545600000003,2022-09-01 11:49:00-04:00,160.21406,time,149,163.66500000000002,156.55636800000005,2.3695439999999905,60,161.12800400000606,1.49,0.19226418355200003,159.44573981645405,0.4516082572647078,1.6661428778122565,4.469999999999999,96516.22332172442,96675.66906154087
AMZN,2022-09-02 00:00:00-04:00,short,2022-09-02 09:46:00-04:00,128.203698,2022-09-02 09:52:00-04:00,129.19610778,stop,188,129.14445,126.322194,0.9407520000000034,7,-186.5730386400005,1.8800000000000001,0.19281836179200001,-188.6458570017925,-1.0666311733421763,1.0213739148060874,1.6911000000000058,96675.66906154087,96487.02320453909
SPY,2022-09-02 00:00:00-04:00,short,2022-09-02 10:01:00-04:00,376.70925600000004,2022-09-02 10:12:00-04:00,378.386294,stop,64,378.235,373.6577680000001,1.5257439999999747,12,-107.33043199999884,0.64,0.19287513907200002,-108.16330713907084,-1.107690198387154,1.4852966016868119,2.6499999999999773,96487.02320453909,96378.85989740002
QQQ,2022-09-02 00:00:00-04:00,short,2022-09-02 10:01:00-04:00,291.693276,2022-09-02 10:12:00-04:00,293.432326,stop,82,293.315,288.4498280000001,1.621723999999972,12,-142.602099999997,0.8200000000000001,0.191350789056,-143.613450789053,-1.0799516725460026,1.098512830542337,2.92999999999995,96378.85989740002,96235.24644661097
META,2022-09-02 00:00:00-04:00,short,2022-09-02 10:01:00-04:00,162.04515600000002,2022-09-02 10:15:00-04:00,164.39073,stop,148,164.325,157.48546800000008,2.2798439999999687,15,-347.14495199999567,1.48,0.191861464704,-348.8168134646997,-1.033785803435675,1.0514788327077913,4.289999999999992,96235.24644661097,95886.42963314627
NVDA,2022-09-02 00:00:00-04:00,short,2022-09-02 10:02:00-04:00,13.59456,2022-09-02 10:12:00-04:00,13.895556,stop,1622,13.89,13.003679999999997,0.29544000000000104,11,-488.21551199999936,16.22,0.17640301056,-504.61191501055936,-1.0530217860817712,1.3921209289584822,0.4800000000000004,95886.42963314627,95381.8177181357
SPY,2022-09-06 00:00:00-04:00,short,2022-09-06 09:47:00-04:00,371.391384,2022-09-06 10:03:00-04:00,369.18176566080007,target,64,372.57,369.03415200000006,1.1786159999999768,17,141.41557370879673,0.64,0.190152388608,140.58542132018874,1.8637513898742188,1.1023772695969727,2.019999999999982,95381.8177181357,95522.40313945588
AMZN,2022-09-06 00:00:00-04:00,short,2022-09-06 09:47:00-04:00,126.56935200000001,2022-09-06 10:46:00-04:00,126.20046,time,188,127.755,124.19805600000004,1.1856479999999863,60,69.35169600000046,1.8800000000000001,0.190360305408,67.28133569459246,0.3018429122167849,0.8352390279151596,1.730000000000004,95522.40313945588,95589.68447515048
QQQ,2022-09-06 00:00:00-04:00,short,2022-09-06 09:48:00-04:00,286.36540800000006,2022-09-06 10:12:00-04:00,283.48957448960016,target,83,287.86,283.37622400000015,1.4945919999999546,25,238.69418136319172,0.8300000000000001,0.19014663091200004,237.6740347322797,1.9159359792746027,1.0291710447433693,2.1399999999999864,95589.68447515048,95827.35850988276
META,2022-09-06 00:00:00-04:00,short,2022-09-06 09:59:00-04:00,158.04675600000002,2022-09-06 10:58:00-04:00,158.893532,time,151,159.25,155.64026800000005,1.2032439999999838,60,-127.86317599999654,1.51,0.190920481248,-129.56409648124455,-0.7131058821386093,0.7523700144158972,2.0600000000000023,95827.35850988276,95697.79441340151
NVDA,2022-09-06 00:00:00-04:00,short,2022-09-06 10:02:00-04:00,13.414632000000001,2022-09-06 10:52:00-04:00,13.600438,stop,1783,13.595,13.053896000000002,0.18036799999999964,51,-331.29209799999904,17.830000000000002,0.19134631084800002,-349.31344431084705,-1.08618666867737,0.8513434742057904,0.25,95697.79441340151,95348.48096909067
SPY,2022-09-07 00:00:00-04:00,long,2022-09-07 09:47:00-04:00,372.40890399999995,2022-09-07 10:00:00-04:00,370.88158799999997,stop,64,371.03,375.1667119999999,1.3789039999999773,14,-97.74822399999903,0.64,0.18989137305599998,-98.57811537305503,-1.117034291512687,1.1374092440570818,2.339999999999975,95348.48096909067,95249.90285371762
QQQ,2022-09-07 00:00:00-04:00,long,2022-09-07 09:49:00-04:00,288.095192,2022-09-07 09:53:00-04:00,286.770246,stop,82,286.885,290.515576,1.2101920000000064,5,-108.64557200000093,0.8200000000000001,0.18812128137599998,-109.65369328137692,-1.104981822692601,1.181171448577507,2.1100000000000136,95249.90285371762,95140.24916043624
NVDA,2022-09-07 00:00:00-04:00,short,2022-09-07 09:52:00-04:00,13.434624,2022-09-07 10:51:00-04:00,13.40536,time,1770,13.56,13.183871999999997,0.12537600000000104,60,51.797279999999134,17.7,0.19023427583999997,33.90704572415913,0.15279258397140882,0.9052458538834252,0.1999999999999993,95140.24916043624,95174.1562061604
META,2022-09-07 00:00:00-04:00,short,2022-09-07 10:09:00-04:00,156.11752800000002,2022-09-07 11:08:00-04:00,157.122824,time,152,157.29500000000002,153.76258400000003,1.1774719999999945,60,-152.80499199999804,1.52,0.18983891404800002,-154.51483091404606,-0.8633283341123967,0.5723006173891548,1.9899999999999807,95174.1562061604,95019.64137524636
AMZN,2022-09-07 00:00:00-04:00,short,2022-09-07 10:14:00-04:00,125.62373040000001,2022-09-07 10:31:00-04:00,126.52559,stop,189,126.475,123.92119120000005,0.8512695999999806,18,-170.45146439999627,1.8900000000000001,0.1899430803648,-172.53140748036105,-1.0723566186824962,0.6559767499302104,1.3100000000000023,95019.64137524636,94847.109967766
NVDA,2022-09-08 00:00:00-04:00,long,2022-09-08 09:46:00-04:00,13.585431999999999,2022-09-08 10:45:00-04:00,13.774488,time,1745,13.455,13.846295999999997,0.130431999999999,60,329.90272000000135,17.45,0.19229185248,312.26042814752134,1.3719470996074747,1.0433009127372292,0.23000000000000043,94847.109967766,95159.37039591352
META,2022-09-08 00:00:00-04:00,long,2022-09-08 09:46:00-04:00,158.783488,2022-09-08 10:45:00-04:00,159.876024,time,149,157.47,161.41046400000002,1.3134880000000067,60,162.78786399999933,1.49,0.190572220608,161.10729177939132,0.8231951809289387,0.8043375029912612,2.1999999999999886,95159.37039591352,95320.47768769291
AMZN,2022-09-08 00:00:00-04:00,long,2022-09-08 09:46:00-04:00,128.861524,2022-09-08 10:03:00-04:00,127.87313028000001,stop,184,127.9243,130.735972,0.9372240000000005,18,-181.86444447999827,1.84,0.18822924777216002,-183.89267372777044,-1.066358421297609,0.8018117104218987,1.5315999999999974,95320.47768769291,95136.58501396514
QQQ,2022-09-08 00:00:00-04:00,long,2022-09-08 09:52:00-04:00,290.826284,2022-09-08 10:51:00-04:00,292.10311200000007,time,81,289.065,294.34885199999997,1.7612839999999892,60,103.42306800000648,0.81,0.18928281657600005,102.42378518343048,0.7179371271777225,1.1373529742225033,2.509999999999991,95136.58501396514,95239.00879914858
SPY,2022-09-08 00:00:00-04:00,long,2022-09-08 09:54:00-04:00,376.370488,2022-09-08 10:53:00-04:00,378.40857600000004,time,63,374.885,379.3414640000001,1.4854880000000321,60,128.39954400000101,0.63,0.190717922304,127.57882607769702,1.363229276434392,1.3658456532720387,2.6100000000000136,95239.00879914858,95366.58762522627
QQQ,2022-09-09 00:00:00-04:00,long,2022-09-09 09:48:00-04:00,296.608596,2022-09-09 10:41:00-04:00,298.2664336847999,target,80,295.72,298.3857879999999,0.88859599999995,54,132.62701478399322,0.8,0.19089051755827194,131.63612426643493,1.851743146863737,1.2183178211402592,1.5200000000000387,95366.58762522627,95498.2237494927
META,2022-09-09 00:00:00-04:00,long,2022-09-09 09:49:00-04:00,165.04599199999998,2022-09-09 10:48:00-04:00,165.923604,time,144,163.20999999999998,168.717976,1.8359920000000045,60,126.37612800000397,1.44,0.191143991808,124.74498400819597,0.47183463281322874,0.9900109581404865,3.219999999999999,95498.2237494927,95622.9687335009
NVDA,2022-09-09 00:00:00-04:00,long,2022-09-09 09:58:00-04:00,14.2557,2022-09-09 10:57:00-04:00,14.274288,time,1676,14.165,14.4371,0.0907,60,31.153488000001943,16.76,0.191389653504,14.202098346497941,0.0934267441675982,0.823478007948326,0.15000000000000036,95622.9687335009,95637.1708318474
SPY,2022-09-09 00:00:00-04:00,long,2022-09-09 09:59:00-04:00,383.013144,2022-09-09 10:41:00-04:00,384.3056482272,target,62,382.29,384.459432,0.7231439999999907,43,80.13526208639814,0.62,0.19061560152069118,79.32464648487745,1.769260039513802,1.0963421660047685,1.1200000000000045,95637.1708318474,95716.49547833228
AMZN,2022-09-09 00:00:00-04:00,long,2022-09-09 10:09:00-04:00,132.31290399999997,2022-09-09 11:08:00-04:00,131.98718399999998,time,180,131.48,133.97871199999994,0.832903999999985,60,-58.62959999999816,1.8,0.19006154495999997,-60.61966154495816,-0.4043393926214736,1.0471726565714314,1.4399999999999977,95716.49547833228,95655.87581678732
META,2022-09-12 00:00:00-04:00,long,2022-09-12 09:46:00-04:00,168.41734,2022-09-12 10:45:00-04:00,168.27266400000002,time,141,167.01999999999998,171.21202000000002,1.397340000000014,60,-20.39931599999656,1.41,0.18981156499200003,-21.99912756498856,-0.1116565626919533,1.0932834174286454,2.4000000000000057,95655.87581678732,95633.87668922232
SPY,2022-09-12 00:00:00-04:00,long,2022-09-12 09:47:00-04:00,388.43531199999995,2022-09-12 10:18:00-04:00,389.76996562559987,target,61,387.69,389.92593599999987,0.7453119999999558,32,81.41387116159467,0.61,0.19020774322529274,80.61366341836938,1.7731305357688945,1.1378121337649736,1.0399999999999636,95633.87668922232,95714.49035264069
QQQ,2022-09-12 00:00:00-04:00,long,2022-09-12 09:53:00-04:00,301.96073599999994,2022-09-12 10:52:00-04:00,302.189076,time,79,301.0,303.8822079999998,0.9607359999999403,60,18.038860000004718,0.79,0.190983496032,17.057876503972718,0.22474695170376996,0.9818161387784214,1.3799999999999955,95714.49035264069,95731.54822914465
AMZN,2022-09-12 00:00:00-04:00,long,2022-09-12 09:56:00-04:00,135.35412,2022-09-12 10:55:00-04:00,135.455796,time,176,134.54500000000002,136.97235999999995,0.8091199999999787,60,17.894975999999588,1.76,0.19072176076799996,15.944254239231586,0.11196405184892232,0.9655332999456154,1.0900000000000034,95731.54822914465,95747.49248338389
NVDA,2022-09-12 00:00:00-04:00,long,2022-09-12 10:19:00-04:00,14.475788,2022-09-12 10:54:00-04:00,14.34426,stop,1653,14.35,14.727364,0.125788,36,-217.41578399999904,16.53,0.18968849424,-234.13547249423902,-1.1260434547015565,0.7545244886989102,0.1999999999999993,95747.49248338389,95513.35701088965
META,2022-09-13 00:00:00-04:00,short,2022-09-13 09:46:00-04:00,157.18710000000002,2022-09-13 10:45:00-04:00,154.671844,time,151,158.825,153.91130000000007,1.6378999999999735,60,379.80365600000334,1.51,0.1898820168,378.1037739832033,1.5287859473716725,1.7626405248499883,2.789999999999992,95513.35701088965,95891.46078487286
AMZN,2022-09-13 00:00:00-04:00,short,2022-09-13 09:57:00-04:00,129.53816400000002,2022-09-13 10:56:00-04:00,128.821508,time,185,130.61,127.39449200000004,1.0718359999999905,60,132.58136000000533,1.85,0.19171648272000003,130.53964351728533,0.6583280414989188,1.6841339919405134,1.5800000000000125,95891.46078487286,96022.00042839015
QQQ,2022-09-13 00:00:00-04:00,short,2022-09-13 09:59:00-04:00,292.462968,2022-09-13 10:58:00-04:00,290.66622,time,82,293.95500000000004,289.4789039999999,1.4920320000000515,60,147.33333599999833,0.8200000000000001,0.19185570700799998,146.32148029299034,1.1959584621884236,1.705939945047087,2.4499999999999886,96022.00042839015,96168.32190868314
SPY,2022-09-13 00:00:00-04:00,short,2022-09-13 10:01:00-04:00,379.428168,2022-09-13 11:00:00-04:00,377.721028,time,63,381.005,376.2745040000001,1.5768319999999676,60,107.5498200000024,0.63,0.19123179667200002,106.7285882033304,1.0743722696242042,1.892520854410593,2.169999999999959,96168.32190868314,96275.05049688647
NVDA,2022-09-13 00:00:00-04:00,short,2022-09-13 10:01:00-04:00,13.644540000000001,2022-09-13 11:00:00-04:00,13.435372,time,1763,13.780000000000001,13.37362,0.13546000000000014,60,368.76318400000315,17.63,0.19244259215999998,350.9407414078432,1.4695027586003366,1.0288106445841148,0.22000000000000064,96275.05049688647,96625.99123829431
SPY,2022-09-14 00:00:00-04:00,long,2022-09-14 09:46:00-04:00,374.64979999999997,2022-09-14 09:52:00-04:00,373.35060000000004,stop,64,373.5,376.9493999999999,1.1497999999999706,7,-83.14879999999539,0.64,0.19115550720000002,-83.97995550719538,-1.1412304790397994,0.999251033978481,1.9400000000000546,96625.99123829431,96542.01128278712
QQQ,2022-09-14 00:00:00-04:00,long,2022-09-14 09:46:00-04:00,287.99515199999996,2022-09-14 09:52:00-04:00,286.480362,stop,83,286.595,290.79545599999983,1.4001519999999346,7,-125.7275699999957,0.8300000000000001,0.190222960368,-126.7477929603637,-1.090654331026931,1.3472683500392004,2.0300000000000296,96542.01128278712,96415.26348982676
META,2022-09-14 00:00:00-04:00,short,2022-09-14 10:06:00-04:00,149.100336,2022-09-14 11:05:00-04:00,148.389332,time,161,150.765,145.77100800000002,1.6646639999999877,60,114.47164400000042,1.61,0.19204123276799998,112.66960276723242,0.42039186124767985,1.648729984829169,2.869999999999976,96415.26348982676,96527.93309259399
AMZN,2022-09-14 00:00:00-04:00,short,2022-09-14 10:30:00-04:00,126.44940000000001,2022-09-14 10:38:00-04:00,127.29884917999999,stop,190,127.24795,124.85230000000003,0.7985499999999917,9,-161.39534419999606,1.9000000000000001,0.19220308800000002,-163.48754728799608,-1.077528990294895,0.9904444887281368,1.464100000000002,96527.93309259399,96364.44554530599
SPY,2022-09-15 00:00:00-04:00,long,2022-09-15 09:49:00-04:00,373.639396,2022-09-15 10:28:00-04:00,372.47595,stop,64,372.625,375.66818799999993,1.0143959999999765,40,-74.46054399999775,0.64,0.1907076864,-75.29125168639776,-1.159730329772586,0.8915935471296311,1.57000000000005,96364.44554530599,96289.15429361959
META,2022-09-15 00:00:00-04:00,long,2022-09-15 09:49:00-04:00,152.180848,2022-09-15 10:27:00-04:00,149.91501000000002,stop,158,149.97500000000002,156.59254399999995,2.2058479999999747,39,-358.00240399999586,1.58,0.18949257264000002,-359.77189657263585,-1.032272994367699,1.2946661788984117,3.3499999999999943,96289.15429361959,95929.38239704695
QQQ,2022-09-15 00:00:00-04:00,long,2022-09-15 09:50:00-04:00,288.235248,2022-09-15 10:27:00-04:00,286.63030200000003,stop,83,286.745,291.21574400000003,1.4902480000000082,38,-133.21051799999867,0.8300000000000001,0.19032252052800003,-134.2308405205267,-1.0852147041405025,0.9627601912247515,1.6100000000000136,95929.38239704695,95795.15155652643
NVDA,2022-09-15 00:00:00-04:00,long,2022-09-15 09:50:00-04:00,13.145256,2022-09-15 10:29:00-04:00,12.989802000000001,stop,1821,12.995000000000001,13.445767999999997,0.15025599999999883,40,-283.08173399999794,18.21,0.189235435536,-301.4809694355339,-1.1018389842402307,0.7817074680642655,0.13000000000000078,95795.15155652643,95493.67058709089
AMZN,2022-09-15 00:00:00-04:00,long,2022-09-15 09:50:00-04:00,129.621828,2022-09-15 10:49:00-04:00,128.35613700000002,time,184,128.17000000000002,132.52548399999995,1.4518279999999777,60,-232.8871439999955,1.84,0.188940233664,-234.9160842336595,-0.8793864349606118,0.6866501846710935,2.140000000000015,95493.67058709089,95258.75450285723
SPY,2022-09-16 00:00:00-04:00,short,2022-09-16 09:54:00-04:00,364.194264,2022-09-16 10:06:00-04:00,365.451122,stop,65,365.305,361.9727919999999,1.1107360000000313,13,-81.69577000000146,0.65,0.18938101727999998,-82.53515101728146,-1.1431803363823507,1.691869509575397,1.6499999999999773,95258.75450285723,95176.21935183996
QQQ,2022-09-16 00:00:00-04:00,short,2022-09-16 09:54:00-04:00,278.598516,2022-09-16 10:05:00-04:00,279.676826,stop,85,279.565,276.66554800000006,0.9664839999999799,12,-91.65634999999895,0.85,0.18944699088,-92.69579699087895,-1.1283567944508242,1.3982048937895695,1.5499999999999545,95176.21935183996,95083.52355484907
META,2022-09-16 00:00:00-04:00,short,2022-09-16 09:54:00-04:00,144.682104,2022-09-16 10:20:00-04:00,146.10842,stop,164,146.05,141.946312,1.3678960000000018,27,-233.91582399999766,1.6400000000000001,0.189822920448,-235.74564692044564,-1.050864580956435,2.8282054279503344,2.4799999999999898,95083.52355484907,94847.77790792863
AMZN,2022-09-16 00:00:00-04:00,short,2022-09-16 09:56:00-04:00,120.861636,2022-09-16 10:06:00-04:00,122.078812,stop,196,122.03,118.52490800000001,1.1683639999999968,11,-238.566495999999,1.96,0.189511045248,-240.716007045247,-1.0511646140141242,5.502158284826729,1.9399999999999977,94847.77790792863,94607.06190088337
NVDA,2022-09-16 00:00:00-04:00,long,2022-09-16 10:04:00-04:00,12.80512,2022-09-16 10:32:00-04:00,13.030145856000003,target,1847,12.69,13.035360000000003,0.115120000000001,29,415.62275603200374,18.47,0.19253343516825605,396.9602225968355,1.8669355006354424,1.7203496634380717,0.1999999999999993,94607.06190088337,95004.02212348022
SPY,2022-09-19 00:00:00-04:00,long,2022-09-19 09:46:00-04:00,366.38649599999997,2022-09-19 10:45:00-04:00,368.16267600000003,time,64,364.89,369.3794879999999,1.4964959999999792,60,113.67552000000433,0.64,0.188499290112,112.84702070989232,1.1782421727770018,1.1170302554046114,2.2799999999999727,95004.02212348022,95116.8691441901
QQQ,2022-09-19 00:00:00-04:00,long,2022-09-19 09:46:00-04:00,282.1128,2022-09-19 10:45:00-04:00,283.156692,time,84,280.705,284.9284,1.4078000000000088,60,87.68692800000235,0.84,0.190281297024,86.65664670297835,0.7327935406052148,1.315846675715012,2.1299999999999955,95116.8691441901,95203.52579089308
AMZN,2022-09-19 00:00:00-04:00,long,2022-09-19 09:46:00-04:00,123.8550222,2022-09-19 10:45:00-04:00,124.16531400000001,time,192,122.61,126.34506659999998,1.245022199999994,60,59.57602560000305,1.92,0.190717922304,57.465307677699045,0.24039609694350617,0.7282202747567441,1.6200000000000045,95203.52579089308,95260.99109857078
META,2022-09-19 00:00:00-04:00,long,2022-09-19 09:53:00-04:00,146.40854,2022-09-19 10:01:00-04:00,144.946998,stop,162,145.005,149.21561999999997,1.4035399999999925,9,-236.76980399999678,1.62,0.187851309408,-238.57765530940478,-1.0492765264858772,0.7851373084638131,2.329999999999984,95260.99109857078,95022.41344326138
NVDA,2022-09-19 00:00:00-04:00,long,2022-09-19 10:18:00-04:00,13.325327999999999,2022-09-19 11:17:00-04:00,13.334664,time,1782,13.145,13.685983999999998,0.18032799999999938,60,16.636752000001998,17.82,0.190098969984,-1.3733469699820025,-0.004273752894718966,1.1023438752860972,0.33000000000000007,95022.41344326138,95021.0400962914
SPY,2022-09-20 00:00:00-04:00,short,2022-09-20 09:52:00-04:00,364.873992,2022-09-20 10:10:00-04:00,366.03635599999996,stop,65,365.89,362.841976,1.0160079999999994,19,-75.55365999999793,0.65,0.18973447584,-76.39339447583794,-1.1567654899724893,0.9736244102771665,1.660000000000025,95021.0400962914,94944.64670181557
NVDA,2022-09-20 00:00:00-04:00,long,2022-09-20 10:06:00-04:00,13.30532,2022-09-20 10:37:00-04:00,13.204716000000001,stop,1783,13.21,13.495959999999998,0.09531999999999918,32,-179.37693199999788,17.830000000000002,0.188352069024,-197.3952840690219,-1.1614523471254696,0.7116871956331999,0.15999999999999837,94944.64670181557,94747.25141774655
AMZN,2022-09-20 00:00:00-04:00,long,2022-09-20 10:07:00-04:00,123.99958,2022-09-20 10:13:00-04:00,123.25192950000002,stop,191,123.30125000000001,125.39623999999996,0.6983299999999844,7,-142.80124549999573,1.9100000000000001,0.18832894827600002,-144.89957444827172,-1.0863581908782305,0.6629853990315916,1.1975000000000051,94747.25141774655,94602.35184329828
META,2022-09-20 00:00:00-04:00,long,2022-09-20 10:24:00-04:00,146.848716,2022-09-20 11:23:00-04:00,146.72128800000002,time,161,145.485,149.57614799999996,1.3637159999999824,60,-20.51590799999687,1.61,0.188977018944,-22.31488501894087,-0.10163536271773768,0.8441230470241764,2.130000000000024,94602.35184329828,94580.03695827934
QQQ,2022-09-20 00:00:00-04:00,long,2022-09-20 10:51:00-04:00,282.903116,2022-09-20 11:50:00-04:00,283.23666000000003,time,83,282.05,284.609348,0.853116,60,27.68415200000146,0.8300000000000001,0.18806914224000001,26.666082857761463,0.37659369501922085,1.0101119013576274,1.3999999999999773,94580.03695827934,94606.7030411371
QQQ,2022-09-21 00:00:00-04:00,long,2022-09-21 09:48:00-04:00,283.71344,2022-09-21 09:56:00-04:00,282.906792,stop,83,283.02,285.10032,0.6934400000000096,9,-66.95178399999963,0.8300000000000001,0.187850109888,-67.96963410988764,-1.1809403183202358,0.6956892946485952,0.9200000000000159,94606.7030411371,94538.7334070272
NVDA,2022-09-21 00:00:00-04:00,long,2022-09-21 09:48:00-04:00,13.265303999999999,2022-09-21 10:47:00-04:00,13.324668,time,1781,13.155000000000001,13.485911999999994,0.11030399999999752,60,105.7272840000039,17.81,0.189849869664,87.7274341303399,0.4465604389324349,0.6205450641652199,0.15000000000000036,94538.7334070272,94626.46084115755
AMZN,2022-09-21 00:00:00-04:00,long,2022-09-21 09:48:00-04:00,122.63403399999999,2022-09-21 09:53:00-04:00,122.1383751,stop,192,122.18725,123.52760199999994,0.44678399999997964,6,-95.16650879999634,1.92,0.18760454415359998,-97.27411334414994,-1.1339618406227707,0.6031886899642446,0.714500000000001,94626.46084115755,94529.1867278134
SPY,2022-09-21 00:00:00-04:00,long,2022-09-21 09:49:00-04:00,368.257244,2022-09-21 09:56:00-04:00,367.293024,stop,64,367.44,369.89173200000005,0.8172440000000165,8,-61.710080000000744,0.64,0.188054028288,-62.538134028288745,-1.1956751523314848,0.9351454385458335,1.2200000000000273,94529.1867278134,94466.64859378511
META,2022-09-21 00:00:00-04:00,short,2022-09-21 10:06:00-04:00,142.9428,2022-09-21 11:05:00-04:00,143.167244,time,165,144.28,140.2684,1.3371999999999957,60,-37.033260000000894,1.6500000000000001,0.188684496,-38.87194449600089,-0.17617973556686073,0.7078758765992664,2.240000000000009,94466.64859378511,94427.77664928911
NVDA,2022-09-22 00:00:00-04:00,short,2022-09-22 09:46:00-04:00,12.794880000000001,2022-09-22 10:45:00-04:00,12.645056,time,1845,12.965,12.454640000000003,0.17011999999999894,60,276.4252800000011,18.45,0.18885242880000003,257.78642757120116,0.8213122558194303,1.0614797599619938,0.3099999999999987,94427.77664928911,94685.56307686032
SPY,2022-09-22 00:00:00-04:00,short,2022-09-22 09:54:00-04:00,356.57731200000006,2022-09-22 10:14:00-04:00,358.31827,stop,66,358.175,353.38193600000017,1.5976879999999483,21,-114.90322799999478,0.66,0.18827282073600002,-115.75150082073078,-1.0977178388371056,1.3575891663783235,2.5299999999999727,94685.56307686032,94569.81157603959
QQQ,2022-09-22 00:00:00-04:00,short,2022-09-22 09:54:00-04:00,274.17028799999997,2022-09-22 10:14:00-04:00,275.56518200000005,stop,86,275.45500000000004,271.60086399999983,1.28471200000007,21,-119.96088400000679,0.86,0.18862915814399997,-121.00951315815078,-1.0952550939852683,1.274488347569592,2.3100000000000023,94569.81157603959,94448.80206288144
META,2022-09-22 00:00:00-04:00,short,2022-09-22 10:02:00-04:00,139.953996,2022-09-22 10:13:00-04:00,140.98137,stop,168,140.925,138.01198799999995,0.971004000000022,12,-172.5988320000015,1.68,0.18809817062399997,-174.4669301706255,-1.0695049989165701,0.9407666128134484,1.8100000000000023,94448.80206288144,94274.33513271081
AMZN,2022-09-22 00:00:00-04:00,short,2022-09-22 10:02:00-04:00,116.77007328,2022-09-22 10:13:00-04:00,117.77709199999998,stop,201,117.72999999999999,114.85021984000004,0.9599267199999844,12,-202.41076271999526,2.0100000000000002,0.18776627783424,-204.6085289978295,-1.0604485315152317,1.0512385459974092,1.480000000000004,94274.33513271081,94069.72660371297
AMZN,2022-09-23 00:00:00-04:00,short,2022-09-23 09:47:00-04:00,113.88442800000001,2022-09-23 10:46:00-04:00,114.42075,time,206,115.03,111.59328400000004,1.1455719999999872,60,-110.48233199999675,2.06,0.187681537344,-112.73001353734075,-0.47769417847502416,1.2187208554820885,2.039999999999992,94069.72660371297,93956.99659017564
META,2022-09-23 00:00:00-04:00,short,2022-09-23 09:49:00-04:00,139.554156,2022-09-23 10:48:00-04:00,139.235672,time,168,140.6,137.46246800000003,1.0458439999999882,60,53.50531200000205,1.68,0.18756078566399997,51.63775121433805,0.29389427749455527,0.7967118326150152,1.5600000000000023,93956.99659017564,94008.63434138997
QQQ,2022-09-23 00:00:00-04:00,short,2022-09-23 09:50:00-04:00,269.49216,2022-09-23 10:49:00-04:00,269.68783199999996,time,87,270.625,267.22648000000004,1.1328399999999874,60,-17.023463999995215,0.87,0.18756654336,-18.081030543355215,-0.18345744966627883,1.3696642982442206,2.0299999999999727,94008.63434138997,93990.55331084662
SPY,2022-09-23 00:00:00-04:00,short,2022-09-23 09:51:00-04:00,350.179872,2022-09-23 10:50:00-04:00,350.15000399999997,time,67,351.70000000000005,347.1396159999999,1.5201280000000565,60,2.0011560000014583,0.67,0.18769641139199997,1.1434595886094585,0.01122705523746759,1.57778603528712,2.079999999999984,93990.55331084662,93991.69677043523
NVDA,2022-09-23 00:00:00-04:00,short,2022-09-23 09:59:00-04:00,12.315072,2022-09-23 10:43:00-04:00,12.464984000000001,stop,1908,12.46,12.025216,0.14492800000000017,45,-286.03209600000093,19.080000000000002,0.18797725900800002,-305.3000732590089,-1.1040690589534135,1.0712628972562879,0.2400000000000002,93991.69677043523,93686.39669717621
AMZN,2022-09-26 00:00:00-04:00,long,2022-09-26 09:47:00-04:00,115.74628,2022-09-26 10:46:00-04:00,116.13352800000001,time,202,114.31485,118.60913999999998,1.4314299999999918,60,78.22409600000279,2.02,0.18767178124800002,76.01642421875479,0.26289719495610403,1.0700569065395036,2.369700000000009,93686.39669717621,93762.41312139497
QQQ,2022-09-26 00:00:00-04:00,long,2022-09-26 09:51:00-04:00,271.778668,2022-09-26 10:50:00-04:00,271.09152,time,86,270.02,275.296004,1.7586680000000001,60,-59.09472799999821,0.86,0.18651096575999998,-60.14123896575821,-0.39763999354055407,1.1839605474253847,2.819999999999993,93762.41312139497,93702.27188242921
SPY,2022-09-26 00:00:00-04:00,long,2022-09-26 09:54:00-04:00,351.000344,2022-09-26 10:53:00-04:00,350.249844,time,66,349.6,353.8010319999999,1.4003439999999614,60,-49.53299999999922,0.66,0.18493191763199998,-50.377931917631216,-0.5450817790143059,0.9954927691238697,2.400000000000034,93702.27188242921,93651.89395051158
NVDA,2022-09-26 00:00:00-04:00,long,2022-09-26 10:01:00-04:00,12.595035999999999,2022-09-26 10:45:00-04:00,12.47001,stop,1858,12.475,12.835107999999996,0.12003599999999892,45,-232.29830799999684,18.580000000000002,0.18535422864,-251.06366222863684,-1.1257102875803886,0.9162998160627658,0.21000000000000085,93651.89395051158,93400.83028828294
META,2022-09-26 00:00:00-04:00,short,2022-09-26 10:49:00-04:00,138.434604,2022-09-26 11:48:00-04:00,137.194856,time,168,139.86,135.583812,1.4253960000000063,60,208.27766400000337,1.68,0.186056107776,206.41160789222735,0.8619643405537931,0.7779982057189918,2.280000000000001,93400.83028828294,93607.24189617517
META,2022-09-27 00:00:00-04:00,short,2022-09-27 09:51:00-04:00,135.89562,2022-09-27 10:45:00-04:00,137.364924,stop,172,137.31,133.06686000000002,1.4143799999999942,55,-252.72028799999896,1.72,0.18699237312,-254.62728037311896,-1.0466714496528515,0.8764896860259567,1.8000000000000114,93607.24189617517,93352.61461580206
AMZN,2022-09-27 00:00:00-04:00,short,2022-09-27 09:51:00-04:00,116.733288,2022-09-27 10:50:00-04:00,116.166448,time,199,117.57,115.05986400000002,0.8367119999999915,60,112.80115999999983,1.99,0.18583939449599998,110.62532060550383,0.6643936428496362,0.9935525293993295,1.5,93352.61461580206,93463.23993640755
SPY,2022-09-27 00:00:00-04:00,short,2022-09-27 10:01:00-04:00,349.44016799999997,2022-09-27 11:00:00-04:00,350.67021199999994,time,66,351.205,345.91050399999995,1.7648320000000126,60,-81.18290399999762,0.66,0.18450440870399995,-82.02740840870162,-0.704225400119646,1.3180881904314254,2.6499999999999773,93463.23993640755,93381.21252799885
QQQ,2022-09-27 00:00:00-04:00,short,2022-09-27 10:01:00-04:00,270.93158400000004,2022-09-27 11:00:00-04:00,272.128808,time,86,272.66999999999996,267.4547520000002,1.7384159999999156,60,-102.9612639999956,0.86,0.18640092979200004,-104.0076649297876,-0.6956858730430504,1.0399370582632843,2.5400000000000205,93381.21252799885,93277.20486306907
AMZN,2022-09-28 00:00:00-04:00,long,2022-09-28 09:49:00-04:00,115.49618,2022-09-28 10:05:00-04:00,114.499182,stop,201,114.545,117.39853999999998,0.9511799999999937,17,-200.39659799999814,2.0100000000000002,0.18411468465599998,-202.59071268465414,-1.0596459066170414,0.7805052732651211,1.490000000000009,93277.20486306907,93074.61415038441
NVDA,2022-09-28 00:00:00-04:00,long,2022-09-28 09:51:00-04:00,12.575028,2022-09-28 10:50:00-04:00,12.604956,time,1850,12.435,12.855083999999998,0.14002799999999915,60,55.36679999999991,18.5,0.1865533488,36.680246651199916,0.14159425509183932,0.8086557367929498,0.23000000000000043,93074.61415038441,93111.29439703561
SPY,2022-09-28 00:00:00-04:00,long,2022-09-28 09:52:00-04:00,347.3889,2022-09-28 10:08:00-04:00,345.9415680000001,stop,67,346.08000000000004,350.00669999999985,1.3088999999999373,17,-96.97124399999353,0.67,0.185424680448,-97.82666868044153,-1.1155164890701912,1.047129782540682,1.9399999999999977,93111.29439703561,93013.46772835517
QQQ,2022-09-28 00:00:00-04:00,long,2022-09-28 09:52:00-04:00,268.80748,2022-09-28 09:54:00-04:00,267.637902,stop,86,267.745,270.93244,1.0624799999999937,3,-100.58370800000012,0.86,0.184134876576,-101.62784287657611,-1.1122271508320236,0.9446591825707276,1.8100000000000023,93013.46772835517,92911.83988547859
META,2022-09-28 00:00:00-04:00,long,2022-09-28 10:25:00-04:00,135.934352,2022-09-28 11:24:00-04:00,138.02476800000002,time,170,134.425,138.95305599999995,1.5093519999999785,60,355.37072000000563,1.7,0.18771368448,353.48300631552564,1.3776188734344692,1.1880601692518715,2.6500000000000057,92911.83988547859,93265.32289179412
QQQ,2022-09-29 00:00:00-04:00,short,2022-09-29 09:48:00-04:00,266.723268,2022-09-29 10:47:00-04:00,265.546176,time,87,268.46000000000004,263.249804,1.7367320000000177,60,102.4070040000014,0.87,0.185639394528,101.35136460547339,0.6707760402042481,1.142080074443694,3.2199999999999704,93265.32289179412,93366.6742563996
META,2022-09-29 00:00:00-04:00,short,2022-09-29 09:48:00-04:00,136.31545200000002,2022-09-29 10:47:00-04:00,135.384132,time,171,137.60500000000002,133.73635600000003,1.2895479999999964,60,159.25572000000477,1.71,0.186479538336,157.35924046166878,0.7136062220126979,0.8089850391856973,2.030000000000001,93366.6742563996,93524.03349686126
AMZN,2022-09-29 00:00:00-04:00,short,2022-09-29 09:48:00-04:00,114.71409600000001,2022-09-29 10:47:00-04:00,114.080614,time,203,115.465,113.21228800000003,0.7509039999999914,60,128.59684600000304,2.0300000000000002,0.186295691904,126.38055030809905,0.8290863908462629,0.7411697748484105,1.2099999999999937,93524.03349686126,93650.41404716935
SPY,2022-09-29 00:00:00-04:00,short,2022-09-29 09:50:00-04:00,345.431772,2022-09-29 10:49:00-04:00,344.52775599999995,time,67,347.585,341.1253160000001,2.153227999999956,60,60.56907200000467,0.67,0.185151429792,59.713920570212665,0.4139146183423622,1.1498539288897132,3.6299999999999955,93650.41404716935,93710.12796773957
NVDA,2022-09-29 00:00:00-04:00,short,2022-09-29 09:59:00-04:00,12.215112000000001,2022-09-29 10:58:00-04:00,12.144856,time,1917,12.345,11.955336000000003,0.12988799999999934,60,134.68075200000104,19.17,0.18733095763200003,115.32342104236903,0.46315501897019623,0.8376616312630867,0.25,93710.12796773957,93825.45138878193
NVDA,2022-09-30 00:00:00-04:00,long,2022-09-30 09:46:00-04:00,12.394956,2022-09-30 10:45:00-04:00,12.495000000000001,time,1892,12.205,12.774868000000001,0.18995600000000046,60,189.28324800000087,18.92,0.18912431999999998,170.17412368000086,0.4734993366884976,0.8528307071199499,0.3099999999999987,93825.45138878193,93995.62551246193
SPY,2022-09-30 00:00:00-04:00,long,2022-09-30 09:55:00-04:00,345.558168,2022-09-30 10:54:00-04:00,346.451364,time,68,344.03,348.6145040000001,1.5281680000000506,60,60.73732799999925,0.68,0.18846954201600002,59.86885845798325,0.576130627711063,1.0394617390737717,2.4799999999999613,93995.62551246193,94055.49437091991
QQQ,2022-09-30 00:00:00-04:00,long,2022-09-30 09:56:00-04:00,266.626608,2022-09-30 10:55:00-04:00,267.19308,time,88,265.16499999999996,269.549824,1.4616080000000125,60,49.8495360000029,0.88,0.18810392832,48.7814320716829,0.37926342450234823,1.144775402759438,2.410000000000025,94055.49437091991,94104.2758029916
AMZN,2022-09-30 00:00:00-04:00,long,2022-09-30 09:57:00-04:00,114.685856,2022-09-30 10:56:00-04:00,115.483788,time,205,113.85,116.35756800000001,0.8358560000000068,60,163.5760600000006,2.05,0.18939341231999998,161.3366665876806,0.9415594668172467,0.6670143612455419,1.5,94104.2758029916,94265.61246957928
META,2022-09-30 00:00:00-04:00,long,2022-09-30 10:12:00-04:00,137.74507599999998,2022-09-30 11:11:00-04:00,139.104336,time,171,136.16000000000003,140.9152279999999,1.5850759999999582,60,232.43346000000105,1.71,0.19029473164799998,230.53316526835303,0.8505252526137811,0.8809817890940809,2.5999999999999943,94265.61246957928,94496.14563484763
AMZN,2022-10-03 00:00:00-04:00,short,2022-10-03 09:53:00-04:00,112.98478800000001,2022-10-03 10:03:00-04:00,113.87052999999999,stop,209,113.82499999999999,111.30436400000005,0.8402119999999798,11,-185.12007799999566,2.09,0.188910565536,-187.39898856553165,-1.0671662369782875,0.7248345468334447,1.5499999999999972,94496.14563484763,94308.7466462821
SPY,2022-10-03 00:00:00-04:00,long,2022-10-03 10:01:00-04:00,344.627796,2022-10-03 11:00:00-04:00,346.6113,time,68,342.95,347.983388,1.6777960000000007,60,134.87827200000265,0.68,0.18855654720000004,134.00971545280265,1.1745951889264477,0.9379957453561264,2.1399999999999864,94308.7466462821,94442.75636173491
QQQ,2022-10-03 00:00:00-04:00,long,2022-10-03 10:01:00-04:00,263.90552,2022-10-03 11:00:00-04:00,265.12390800000003,time,89,262.58500000000004,266.54656,1.3205199999999877,60,108.4365320000004,0.89,0.18876822249600003,107.3577637775044,0.9134787877018263,0.7358840170968622,2.069999999999993,94442.75636173491,94550.11412551241
NVDA,2022-10-03 00:00:00-04:00,long,2022-10-03 10:03:00-04:00,12.384952,2022-10-03 11:02:00-04:00,12.415032,time,1908,12.215,12.724856,0.16995200000000033,60,57.39263999999978,19.080000000000002,0.18950304844799998,38.12313695155177,0.11756660553567973,0.7450134586043345,0.2699999999999996,94550.11412551241,94588.23726246397
META,2022-10-03 00:00:00-04:00,long,2022-10-03 10:03:00-04:00,137.615024,2022-10-03 11:01:00-04:00,136.1955,stop,171,136.25,140.34507200000002,1.3650240000000053,59,-242.73860399999924,1.71,0.186315444,-244.63491944399925,-1.0480501178001194,0.8962924910131121,2.160000000000025,94588.23726246397,94343.60234301997
SPY,2022-10-04 00:00:00-04:00,long,2022-10-04 09:46:00-04:00,356.832676,2022-10-04 10:45:00-04:00,358.15668000000005,time,66,355.475,359.54802799999993,1.3576759999999695,60,87.3842640000039,0.66,0.18910672704,86.5351572729639,0.9657228577069114,1.4616657454866995,2.25,94343.60234301997,94430.13750029294
META,2022-10-04 00:00:00-04:00,short,2022-10-04 09:47:00-04:00,138.834444,2022-10-04 10:00:00-04:00,139.960962,stop,170,139.905,136.69333199999997,1.0705560000000105,14,-191.50806000000074,1.7,0.18881484383999997,-193.39687484384072,-1.0626521877902633,1.113837274195964,1.990000000000009,94430.13750029294,94236.7406254491
QQQ,2022-10-04 00:00:00-04:00,long,2022-10-04 09:49:00-04:00,274.469744,2022-10-04 10:43:00-04:00,276.34864830719994,target,85,273.475,276.45923199999993,0.9947439999999688,55,159.7068661119954,0.85,0.18791708084889594,158.6689490311465,1.8765567000288987,1.30214941800763,1.4499999999999886,94236.7406254491,94395.40957448025
AMZN,2022-10-04 00:00:00-04:00,long,2022-10-04 09:51:00-04:00,121.34791976,2022-10-04 10:50:00-04:00,122.580948,time,194,120.535,122.97375928,0.8129197599999998,60,239.20747856000196,1.94,0.190245631296,237.07723292870597,1.5032819382026221,1.3245939552575103,1.4899999999999949,94395.40957448025,94632.48680740895
NVDA,2022-10-04 00:00:00-04:00,long,2022-10-04 10:09:00-04:00,13.015203999999999,2022-10-04 11:08:00-04:00,13.134744000000001,time,1817,12.92,13.205611999999997,0.09520399999999896,60,217.2041800000044,18.17,0.190926638784,198.84325336122043,1.14947819469774,1.0758855772172597,0.14000000000000057,94632.48680740895,94831.33006077017
META,2022-10-05 00:00:00-04:00,short,2022-10-05 09:46:00-04:00,135.505776,2022-10-05 10:45:00-04:00,134.413744,time,174,136.615,133.28732799999997,1.1092240000000118,60,190.0135679999981,1.74,0.18862404019199996,188.08494395980608,0.9745082632470786,0.7752973830519984,1.990000000000009,94831.33006077017,95019.41500472998
SPY,2022-10-05 00:00:00-04:00,short,2022-10-05 10:01:00-04:00,354.887988,2022-10-05 11:00:00-04:00,353.82147199999997,time,66,356.185,352.293964,1.2970119999999952,60,70.39005600000235,0.66,0.187380857664,69.54267514233835,0.8123879317200146,0.9313019945771908,1.7899999999999636,95019.41500472998,95088.95767987231
QQQ,2022-10-05 00:00:00-04:00,short,2022-10-05 10:01:00-04:00,271.34142,2022-10-05 11:00:00-04:00,270.047976,time,87,272.5,269.0242600000001,1.1585799999999722,60,112.52962800000194,0.87,0.18885362832000002,111.47077437168193,1.1058996950060012,0.7594155200843334,1.740000000000009,95088.95767987231,95200.428454244
NVDA,2022-10-05 00:00:00-04:00,short,2022-10-05 10:03:00-04:00,12.654936000000001,2022-10-05 11:02:00-04:00,12.695075999999998,time,1880,12.815,12.334808000000004,0.16006399999999843,60,-75.46319999999511,18.8,0.19033023744000002,-94.4535302374351,-0.31388219392241784,0.9253409892060158,0.2699999999999996,95200.428454244,95105.97492400657
AMZN,2022-10-05 00:00:00-04:00,short,2022-10-05 10:30:00-04:00,118.10274000000001,2022-10-05 11:29:00-04:00,118.767488,time,201,119.2289,115.85042000000004,1.1261599999999845,60,-133.61434799999773,2.0100000000000002,0.18990920592,-135.81425720591773,-0.5999971779498455,0.7780859305909951,2.0378000000000043,95105.97492400657,94970.16066680066
AMZN,2022-10-06 00:00:00-04:00,short,2022-10-06 09:48:00-04:00,120.486786,2022-10-06 09:53:00-04:00,121.093418,stop,197,121.045,119.37035799999998,0.5582140000000066,6,-119.50650400000093,1.97,0.18988717473599998,-121.66639117473693,-1.106378367952071,0.6901566742243269,0.9699999999999989,94970.16066680066,94848.49427562593
SPY,2022-10-06 00:00:00-04:00,short,2022-10-06 10:02:00-04:00,356.617296,2022-10-06 11:01:00-04:00,358.11318800000004,time,66,358.845,352.161888,2.227704000000017,60,-98.72887200000173,0.66,0.188293932288,-99.57716593228973,-0.6772645460833283,0.965958699514087,3.2099999999999795,94848.49427562593,94748.91710969363
QQQ,2022-10-06 00:00:00-04:00,short,2022-10-06 10:02:00-04:00,274.20027600000003,2022-10-06 11:01:00-04:00,275.790272,time,86,276.245,270.1108280000001,2.044723999999974,60,-136.73965599999872,0.86,0.18864978988800002,-137.78830578988672,-0.7835725517028242,0.8946370624623045,3.1499999999999773,94748.91710969363,94611.12880390375
META,2022-10-06 00:00:00-04:00,short,2022-10-06 10:02:00-04:00,135.96559200000002,2022-10-06 10:49:00-04:00,137.169846,stop,173,137.115,133.66677600000003,1.149407999999994,48,-208.33594199999857,1.73,0.188176379328,-210.25411837932657,-1.0573632032628955,0.922725077167205,1.990000000000009,94611.12880390375,94400.87468552442
NVDA,2022-10-06 00:00:00-04:00,short,2022-10-06 10:21:00-04:00,13.134744000000001,2022-10-06 10:54:00-04:00,13.370346,stop,1796,13.365,12.674232000000003,0.2302559999999989,34,-423.141191999997,17.96,0.18872000179200002,-441.28991200178893,-1.067103910221664,1.1738199924454695,0.4499999999999993,94400.87468552442,93959.58477352264
SPY,2022-10-07 00:00:00-04:00,short,2022-10-07 09:48:00-04:00,348.870396,2022-10-07 10:47:00-04:00,349.279656,time,67,350.295,346.02118800000005,1.424603999999988,60,-27.420419999997364,0.67,0.186994532256,-28.277414532253367,-0.2962584431659354,1.1104076372911473,2.509999999999991,93959.58477352264,93931.3073589904
META,2022-10-07 00:00:00-04:00,short,2022-10-07 09:48:00-04:00,134.776068,2022-10-07 10:47:00-04:00,134.763884,time,174,135.995,132.33820400000002,1.2189319999999952,60,2.120016000003318,1.74,0.187608286656,0.19240771334731793,0.0009071805941751245,0.8866491113395398,2.1899999999999977,93931.3073589904,93931.49976670374
QQQ,2022-10-07 00:00:00-04:00,short,2022-10-07 09:50:00-04:00,266.773248,2022-10-07 10:49:00-04:00,266.766664,time,88,268.02,264.2797440000001,1.2467519999999581,60,0.5793920000028265,0.88,0.187808366592,-0.4884163665891735,-0.00445171612635718,1.1634740712029006,1.9599999999999795,93931.49976670374,93931.01135033715
AMZN,2022-10-07 00:00:00-04:00,short,2022-10-07 09:50:00-04:00,116.443404,2022-10-07 10:49:00-04:00,116.42155,time,201,117.45,114.430212,1.0065960000000018,60,4.392654000000945,2.0100000000000002,0.187240993632,2.195413006368945,0.010850880361142587,0.7348554028330206,1.4399999999999977,93931.01135033715,93933.20676334352
NVDA,2022-10-07 00:00:00-04:00,short,2022-10-07 10:40:00-04:00,12.405036,2022-10-07 11:39:00-04:00,12.274907999999998,time,1893,12.530000000000001,12.155108,0.1249640000000003,60,246.33230400000508,18.93,0.18786186518400003,227.21444213482107,0.9605067036266637,1.2025278888438156,0.22000000000000064,93933.20676334352,94160.42120547834
META,2022-10-10 00:00:00-04:00,long,2022-10-10 09:46:00-04:00,134.043596,2022-10-10 09:53:00-04:00,132.651918,stop,175,132.70499999999998,136.72078800000006,1.3385960000000239,8,-243.5436500000023,1.75,0.1857126852,-245.4793626852023,-1.0479182780644707,0.7880743990420411,2.130000000000024,94160.42120547834,93914.94184279314
AMZN,2022-10-10 00:00:00-04:00,long,2022-10-10 09:47:00-04:00,115.926352,2022-10-10 09:54:00-04:00,115.12893000000001,stop,202,115.17500000000001,117.42905599999996,0.7513519999999829,8,-161.0792439999966,2.02,0.18604835088,-163.2852923508766,-1.0758513072967153,0.703558322821938,1.269999999999996,93914.94184279314,93751.65655044226
SPY,2022-10-10 00:00:00-04:00,short,2022-10-10 09:53:00-04:00,344.52213600000005,2022-10-10 10:52:00-04:00,342.997144,time,68,345.71500000000003,342.1364080000001,1.192863999999986,60,103.69945600000369,0.68,0.187420041984,102.83203595801969,1.2677353184537987,0.7445525007213192,1.849999999999966,93751.65655044226,93854.48858640029
QQQ,2022-10-10 00:00:00-04:00,short,2022-10-10 09:54:00-04:00,260.785644,2022-10-10 10:53:00-04:00,259.49375599999996,time,89,262.435,257.48693199999997,1.6493560000000116,60,114.97803200000254,0.89,0.18567937852799998,113.90235262147455,0.775940254770965,0.8384060414636663,2.4700000000000273,93854.48858640029,93968.39093902176
NVDA,2022-10-10 00:00:00-04:00,short,2022-10-10 09:59:00-04:00,11.625348,2022-10-10 10:58:00-04:00,11.424567999999999,time,1960,11.865,11.146044000000002,0.23965199999999953,60,393.5288000000034,19.6,0.18228545664,373.7465145433634,0.7956828952648094,1.1148312012057864,0.4499999999999993,93968.39093902176,94342.13745356513
SPY,2022-10-11 00:00:00-04:00,short,2022-10-11 09:48:00-04:00,339.66408,2022-10-11 10:40:00-04:00,340.866292,stop,69,340.73,337.53224,1.0659200000000055,53,-82.95262799999824,0.6900000000000001,0.18749457216,-83.83012257215825,-1.1397940864604925,0.8503955760124675,1.7199999999999704,94342.13745356513,94258.30733099298
QQQ,2022-10-11 00:00:00-04:00,short,2022-10-11 09:48:00-04:00,257.24706000000003,2022-10-11 10:47:00-04:00,257.713044,time,91,258.375,254.9911800000001,1.1279399999999669,60,-42.40454399999925,0.91,0.18727585968000002,-43.501819859679244,-0.42381862198344394,0.8753229904495673,2.0299999999999727,94258.30733099298,94214.8055111333
NVDA,2022-10-11 00:00:00-04:00,short,2022-10-11 09:48:00-04:00,11.475408000000002,2022-10-11 10:04:00-04:00,11.270730489600004,target,2052,11.58,11.266224000000005,0.10459199999999846,17,419.998251340796,20.52,0.18838029772800002,399.28987104306805,1.8604262958543765,0.9097161409523372,0.16000000000000014,94214.8055111333,94614.09538217637
META,2022-10-11 00:00:00-04:00,short,2022-10-11 09:48:00-04:00,126.959196,2022-10-11 10:47:00-04:00,127.83111199999999,time,186,129.32999999999998,122.21758800000005,2.3708039999999784,60,-162.17637599999713,1.86,0.188915283648,-164.22529128364513,-0.3724186704459722,1.3084998300655906,4.359999999999985,94614.09538217637,94449.87009089273
AMZN,2022-10-11 00:00:00-04:00,short,2022-10-11 10:01:00-04:00,110.525772,2022-10-11 10:17:00-04:00,111.829714,stop,213,111.785,108.00731600000002,1.2592279999999931,17,-277.73964599999834,2.13,0.188335915488,-280.0579819154863,-1.0441526126928558,0.9007253941874757,2.230000000000004,94449.87009089273,94169.81210897725
NVDA,2022-10-12 00:00:00-04:00,short,2022-10-12 10:07:00-04:00,11.425428,2022-10-12 11:06:00-04:00,11.454579999999998,time,2060,11.565,11.146284000000001,0.13957199999999936,60,-60.05311999999602,20.6,0.18829105343999997,-80.84141105343602,-0.28116960009169634,0.8748947628733266,0.25,94169.81210897725,94088.97069792381
META,2022-10-12 00:00:00-04:00,short,2022-10-12 10:15:00-04:00,126.089544,2022-10-12 11:14:00-04:00,126.63063199999999,time,186,127.35499999999999,123.55863200000003,1.2654559999999861,60,-100.64236799999773,1.86,0.187621241472,-102.68998924146973,-0.43628282322893397,0.9627960291710853,2.3699999999999903,94088.97069792381,93986.28070868234
AMZN,2022-10-12 00:00:00-04:00,short,2022-10-12 10:46:00-04:00,111.390426,2022-10-12 11:06:00-04:00,112.43990797999999,stop,210,112.39495,109.38137800000003,1.0045239999999893,21,-220.39121579999616,2.1,0.18713591568,-222.67835171567614,-1.0555975799562707,0.8400719714826325,1.8699000000000012,93986.28070868234,93763.60235696667
SPY,2022-10-13 00:00:00-04:00,long,2022-10-13 09:47:00-04:00,333.523356,2022-10-13 10:05:00-04:00,335.84567597280005,target,70,332.29499999999996,335.980068,1.2283560000000193,19,162.56239809600515,0.7000000000000001,0.18807357854476803,161.6743245174604,1.8802637080718092,1.709102635633149,1.9499999999999886,93763.60235696667,93925.27668148413
QQQ,2022-10-13 00:00:00-04:00,long,2022-10-13 09:47:00-04:00,250.50016,2022-10-13 10:06:00-04:00,252.579407808,target,93,249.41,252.68048,1.0901599999999974,20,193.3700461440018,0.93,0.187919079409152,192.25212706459266,1.8962603404432015,1.4199522850675268,1.6800000000000068,93925.27668148413,94117.52880854873
NVDA,2022-10-13 00:00:00-04:00,long,2022-10-13 09:47:00-04:00,11.024408,2022-10-13 10:13:00-04:00,11.268714710400001,target,2134,10.899999999999999,11.273224,0.12440800000000074,27,521.3505199936039,21.34,0.1923794975359488,499.818140496068,1.882648709747904,1.2213307254862094,0.22000000000000064,94117.52880854873,94617.34694904479
META,2022-10-13 00:00:00-04:00,long,2022-10-13 09:49:00-04:00,123.74947999999999,2022-10-13 10:48:00-04:00,124.24028400000002,time,191,122.55,126.14843999999998,1.199479999999994,60,93.74356400000488,1.9100000000000001,0.18983915395200002,91.64372484605289,0.4000150713042551,1.2418961487119522,2.180000000000007,94617.34694904479,94708.99067389085
AMZN,2022-10-13 00:00:00-04:00,long,2022-10-13 10:06:00-04:00,108.8490222,2022-10-13 11:05:00-04:00,108.83145,time,217,107.02250000000001,112.50206659999996,1.8265221999999852,60,-3.8131673999976954,2.17,0.1889313972,-6.1720987971976955,-0.015572135723283084,2.0865676083763165,3.355000000000004,94708.99067389085,94702.81857509365
SPY,2022-10-14 00:00:00-04:00,short,2022-10-14 09:46:00-04:00,348.6105,2022-10-14 10:20:00-04:00,344.05906860000005,target,67,350.955,343.92150000000004,2.3444999999999823,35,304.94590379999704,0.67,0.18685522799999998,304.089048571997,1.9358679957346938,1.3043658089943848,2.8899999999999864,94702.81857509365,95006.90762366565
QQQ,2022-10-14 00:00:00-04:00,short,2022-10-14 09:46:00-04:00,262.32502800000003,2022-10-14 10:20:00-04:00,258.1783140336,target,90,264.45000000000005,258.075084,2.124972000000014,35,373.2042569760051,0.9,0.18887402016000002,372.1153829558452,1.945726986603132,1.1971012967963313,2.5600000000000023,95006.90762366565,95379.0230066215
NVDA,2022-10-14 00:00:00-04:00,short,2022-10-14 09:46:00-04:00,11.645340000000001,2022-10-14 10:45:00-04:00,11.294515999999998,time,1989,11.885,11.166020000000003,0.23965999999999887,60,697.7889360000058,19.89,0.18530065008000002,677.7136353499259,1.4217259337394832,1.2094257964168442,0.39000000000000057,95379.0230066215,96056.73664197142
META,2022-10-14 00:00:00-04:00,short,2022-10-14 09:46:00-04:00,128.178708,2022-10-14 10:45:00-04:00,126.50058,time,187,129.70999999999998,125.11612400000004,1.5312919999999792,60,313.80993600000016,1.87,0.191755347168,311.74818065283216,1.0886901847172346,0.58010796591939,1.8599999999999852,96056.73664197142,96368.48482262426
AMZN,2022-10-14 00:00:00-04:00,short,2022-10-14 09:46:00-04:00,112.614936,2022-10-14 10:45:00-04:00,109.85873392320002,target,213,114.01499999999999,109.81480800000003,1.4000639999999862,60,587.0710423583957,2.13,0.191895850944,584.7491465074518,1.9608397596909908,0.8111586570278898,1.8900000000000006,96368.48482262426,96953.23396913172
AMZN,2022-10-17 00:00:00-04:00,long,2022-10-17 10:04:00-04:00,112.304904,2022-10-17 11:03:00-04:00,112.63492800000002,time,215,111.095,114.72471199999998,1.2099039999999945,60,70.95516000000494,2.15,0.19373207616000002,68.61142792384493,0.2637588772134189,1.290838167518817,2.009999999999991,96953.23396913172,97021.84539705556
SPY,2022-10-17 00:00:00-04:00,long,2022-10-17 10:14:00-04:00,349.809868,2022-10-17 10:50:00-04:00,347.89578600000004,stop,69,348.035,353.35960399999993,1.7748679999999695,37,-132.0716579999966,0.6900000000000001,0.19203847387200002,-132.9536964738686,-1.0856385749745805,1.4821955039952344,3.25,97021.84539705556,96888.89170058169
QQQ,2022-10-17 00:00:00-04:00,long,2022-10-17 10:15:00-04:00,263.895516,2022-10-17 10:51:00-04:00,262.02015,stop,91,262.125,267.43654799999996,1.7705159999999864,37,-170.65830599999867,0.91,0.1907506692,-171.75905666919869,-1.0660520216705187,1.4326181452149942,2.7100000000000364,96888.89170058169,96717.1326439125
SPY,2022-10-18 00:00:00-04:00,short,2022-10-18 09:46:00-04:00,355.22785200000004,2022-10-18 10:45:00-04:00,353.901504,time,68,356.58,352.52355600000016,1.3521479999999428,60,90.19166400000358,0.68,0.193243951488,89.31842004851558,0.9714218984786489,1.2416344982131255,1.5199999999999818,96717.1326439125,96806.45106396101
QQQ,2022-10-18 00:00:00-04:00,short,2022-10-18 09:46:00-04:00,268.722468,2022-10-18 10:37:00-04:00,266.2638669616,target,90,270.005,266.157404,1.2825320000000033,52,221.27409345599915,0.9,0.19348017695999997,220.18061327903914,1.907516739275109,1.3586718051446702,2.009999999999991,96806.45106396101,97026.63167724005
NVDA,2022-10-18 00:00:00-04:00,short,2022-10-18 09:46:00-04:00,12.09516,2022-10-18 10:45:00-04:00,11.85474,time,2005,12.295000000000002,11.695479999999996,0.1998400000000018,60,482.0421000000006,20.05,0.1940063664,461.79809363360056,1.1525382241793345,1.1651052973807912,0.33000000000000007,97026.63167724005,97488.42977087364
META,2022-10-18 00:00:00-04:00,short,2022-10-18 09:46:00-04:00,133.626528,2022-10-18 10:45:00-04:00,133.043196,time,182,135.315,130.24958400000003,1.6884719999999902,60,106.16642400000234,1.82,0.194560224768,104.15186377523435,0.3389235875845239,1.0316192225260243,2.6499999999999773,97488.42977087364,97592.58163464887
AMZN,2022-10-18 00:00:00-04:00,short,2022-10-18 09:46:00-04:00,116.273472,2022-10-18 10:45:00-04:00,116.416548,time,209,118.03999999999999,112.74041600000001,1.7665279999999939,60,-29.90288400000162,2.09,0.194409245184,-32.18729324518562,-0.08718015665531953,1.4790696371022227,2.9599999999999937,97592.58163464887,97560.39434140369
AMZN,2022-10-19 00:00:00-04:00,short,2022-10-19 09:46:00-04:00,113.369634,2022-10-19 09:51:00-04:00,114.43325499999999,stop,215,114.38749999999999,111.33390200000004,1.0178659999999837,6,-228.67851499999645,2.15,0.19499577048,-231.02351077047646,-1.0556674032456146,0.9077920926846637,1.6149999999999949,97560.39434140369,97329.37083063321
SPY,2022-10-19 00:00:00-04:00,short,2022-10-19 09:50:00-04:00,350.139888,2022-10-19 10:05:00-04:00,351.935718,stop,69,351.795,346.8296639999999,1.655112000000031,16,-123.91227000000163,0.6900000000000001,0.193277218176,-124.79554721817762,-1.0927545199986404,0.8357561818646105,2.509999999999991,97329.37083063321,97204.57528341503
NVDA,2022-10-19 00:00:00-04:00,short,2022-10-19 10:01:00-04:00,11.815272,2022-10-19 10:05:00-04:00,11.939773999999998,stop,2056,11.934999999999999,11.575816000000003,0.1197279999999985,5,-255.97611199999568,20.56,0.194337593856,-276.7304495938517,-1.1241858393692334,0.735848885741187,0.1899999999999995,97204.57528341503,96927.84483382117
QQQ,2022-10-19 00:00:00-04:00,long,2022-10-19 10:16:00-04:00,266.286472,2022-10-19 11:15:00-04:00,266.013552,time,90,264.645,269.56941600000005,1.6414720000000216,60,-24.562799999999925,0.9,0.19152975744,-25.654329757439925,-0.17365395718964163,0.9008131296988187,2.4499999999999886,96927.84483382117,96902.19050406374
META,2022-10-19 00:00:00-04:00,long,2022-10-19 10:23:00-04:00,134.743876,2022-10-19 11:22:00-04:00,134.366232,time,179,133.10000000000002,138.03162799999996,1.6438759999999775,60,-67.59827600000065,1.79,0.192412444224,-69.58068844422466,-0.23646487317535447,0.9998092155640592,2.9000000000000057,96902.19050406374,96832.60981561951
QQQ,2022-10-20 00:00:00-04:00,long,2022-10-20 09:46:00-04:00,265.316084,2022-10-20 10:19:00-04:00,267.93103669920004,target,91,263.955,268.038252,1.3610840000000053,34,237.9606956272042,0.91,0.19505379471701761,236.85564183248718,1.9123061110897215,0.6392494427789592,1.7300000000000182,96832.60981561951,97069.465457452
AMZN,2022-10-20 00:00:00-04:00,long,2022-10-20 09:46:00-04:00,116.14643999999998,2022-10-20 10:45:00-04:00,117.582948,time,208,114.68,119.07931999999994,1.4664399999999773,60,298.7936640000037,2.08,0.195658025472,296.51800597453166,0.9721279673331603,0.7280616103400812,2.339999999999989,97069.465457452,97365.98346342653
SPY,2022-10-20 00:00:00-04:00,long,2022-10-20 09:47:00-04:00,351.450524,2022-10-20 10:19:00-04:00,353.9999153711999,target,69,350.105,354.1415719999999,1.3455239999999549,33,175.90800461279525,0.6900000000000001,0.19540795328490235,175.02259665951036,1.8851832980140426,0.6830233449061218,1.6100000000000136,97365.98346342653,97541.00606008605
NVDA,2022-10-20 00:00:00-04:00,long,2022-10-20 09:47:00-04:00,12.374947999999998,2022-10-20 10:21:00-04:00,12.709758062399995,target,1970,12.205,12.714843999999994,0.169947999999998,35,659.5758229279945,19.7,0.20030578706342392,639.6755171409311,1.9106337487672809,0.8078132725946496,0.25,97541.00606008605,98180.68157722698
META,2022-10-20 00:00:00-04:00,long,2022-10-20 09:47:00-04:00,133.75348,2022-10-20 10:46:00-04:00,134.586144,time,183,132.485,136.29043999999996,1.2684799999999825,60,152.37751199999892,1.83,0.19703411481599997,150.3504778851829,0.6476943356205894,0.6531074543212053,1.6900000000000261,98180.68157722698,98331.03205511215
SPY,2022-10-21 00:00:00-04:00,long,2022-10-21 09:46:00-04:00,349.64980399999996,2022-10-21 10:45:00-04:00,349.730052,time,70,347.405,354.13941199999994,2.244803999999988,60,5.6173600000028046,0.7000000000000001,0.19584882912,4.721511170882804,0.030047237791825224,1.1489581880026323,2.7900000000000205,98331.03205511215,98335.75356628303
QQQ,2022-10-21 00:00:00-04:00,long,2022-10-21 09:46:00-04:00,263.75545999999997,2022-10-21 10:45:00-04:00,263.734464,time,93,261.96000000000004,267.34637999999984,1.7954599999999346,60,-1.9526279999970484,0.93,0.196218441216,-3.0788464412130487,-0.018438659570232406,0.943305443550627,2.1999999999999886,98335.75356628303,98332.67471984182
NVDA,2022-10-21 00:00:00-04:00,long,2022-10-21 09:54:00-04:00,12.184871999999999,2022-10-21 10:53:00-04:00,12.135144,time,2017,12.01,12.534615999999996,0.1748719999999988,60,-100.30137599999641,20.17,0.195812683584,-120.6671886835804,-0.3421078340271663,1.0687974003346978,0.3000000000000007,98332.67471984182,98212.00753115823
AMZN,2022-10-21 00:00:00-04:00,long,2022-10-21 09:54:00-04:00,116.34652,2022-10-21 10:53:00-04:00,116.25338004,time,211,115.345,118.34956,1.0015199999999993,60,-19.652531560000426,2.11,0.19623570550752,-21.958767265507944,-0.10391204073839971,1.6491976154821195,1.6899999999999977,98212.00753115823,98190.04876389273
META,2022-10-21 00:00:00-04:00,long,2022-10-21 10:07:00-04:00,127.991176,2022-10-21 10:24:00-04:00,126.29946,stop,191,126.35,131.273528,1.6411760000000015,18,-323.11775599999993,1.9100000000000001,0.19298557487999998,-325.22074157488,-1.0375038360785183,2.257326320689491,2.8599999999999994,98190.04876389273,97864.82802231784
SPY,2022-10-24 00:00:00-04:00,long,2022-10-24 09:46:00-04:00,360.264048,2022-10-24 09:52:00-04:00,358.171674,stop,67,358.315,364.162144,1.9490480000000048,7,-140.18905800000044,0.67,0.191980017264,-141.05103801726443,-1.0801372636240878,0.9992464907338531,2.6299999999999955,97864.82802231784,97723.77698430058
QQQ,2022-10-24 00:00:00-04:00,long,2022-10-24 09:46:00-04:00,270.788272,2022-10-24 09:49:00-04:00,269.157294,stop,90,269.265,273.83481600000005,1.52327200000002,4,-146.78802000000246,0.9,0.19379325167999997,-147.88181325168247,-1.0786853945664372,1.285369101042421,2.329999999999984,97723.77698430058,97575.8951710489
NVDA,2022-10-24 00:00:00-04:00,short,2022-10-24 09:50:00-04:00,12.205116000000002,2022-10-24 10:49:00-04:00,12.15486,time,1998,12.375,11.865348000000006,0.16988399999999793,60,100.41148800000548,19.98,0.19508657414400005,80.23640142586147,0.2363869409244145,0.8341895390189588,0.28999999999999915,97575.8951710489,97656.13157247477
AMZN,2022-10-24 00:00:00-04:00,short,2022-10-24 10:02:00-04:00,118.60254,2022-10-24 10:21:00-04:00,116.93437504799999,target,205,119.46000000000001,116.88762,0.8574600000000032,20,341.97381516000246,2.05,0.1945081656,339.72930699440246,1.9327037199169708,0.9261217898920528,1.559999999999988,97656.13157247477,97995.86087946917
META,2022-10-24 00:00:00-04:00,long,2022-10-24 10:33:00-04:00,126.590616,2022-10-24 10:38:00-04:00,129.8298952608,target,193,124.945,129.881848,1.645616000000004,6,625.180897334398,1.93,0.20045735828267516,623.0504399761154,1.9617217027774982,1.536450444773383,2.6499999999999915,97995.86087946917,98618.91131944528
SPY,2022-10-25 00:00:00-04:00,long,2022-10-25 09:46:00-04:00,362.42491199999995,2022-10-25 10:45:00-04:00,363.694464,time,68,361.185,364.90473599999984,1.239911999999947,60,86.32953600000224,0.68,0.19784978841599998,85.45168621158624,1.0134932513662958,0.8271483937734254,1.490000000000009,98618.91131944528,98704.36300565687
QQQ,2022-10-25 00:00:00-04:00,long,2022-10-25 09:46:00-04:00,274.90992,2022-10-25 10:45:00-04:00,275.54973600000005,time,89,273.83,277.06976000000003,1.0799200000000155,60,56.94362400000472,0.89,0.19619141203200005,55.85743258797272,0.5811649030595266,0.8432789522133524,1.3600000000000136,98704.36300565687,98760.22043824484
NVDA,2022-10-25 00:00:00-04:00,long,2022-10-25 09:47:00-04:00,12.935172,2022-10-25 10:46:00-04:00,12.974808000000001,time,1908,12.760000000000002,13.285515999999996,0.1751719999999981,60,75.62548800000297,19.080000000000002,0.198047469312,56.347440530690974,0.168589737720651,0.8814535426282264,0.2599999999999998,98760.22043824484,98816.56787877553
META,2022-10-25 00:00:00-04:00,long,2022-10-25 09:47:00-04:00,133.3033,2022-10-25 10:46:00-04:00,132.14712,time,185,131.225,137.45990000000003,2.078300000000013,60,-213.89330000000115,1.85,0.1955777376,-215.93887773760113,-0.5616307448202853,1.1789676564282123,3.5500000000000114,98816.56787877553,98600.62900103793
AMZN,2022-10-25 00:00:00-04:00,long,2022-10-25 09:48:00-04:00,120.73257371999999,2022-10-25 10:33:00-04:00,119.737086,stop,204,119.785,122.62772115999998,0.9475737199999941,46,-203.07949487999707,2.04,0.195410924352,-205.31490580434905,-1.062129093964311,0.8658945549009253,1.6700000000000017,98600.62900103793,98395.31409523358
META,2022-10-26 00:00:00-04:00,long,2022-10-26 09:48:00-04:00,131.742676,2022-10-26 10:47:00-04:00,133.736484,time,186,130.45499999999998,134.318028,1.2876760000000047,60,370.84828800000025,1.86,0.19899988819199999,368.7892881118082,1.5397802771256077,1.4141620529037466,2.049999999999983,98395.31409523358,98764.10338334538
QQQ,2022-10-26 00:00:00-04:00,long,2022-10-26 09:49:00-04:00,273.6094,2022-10-26 10:48:00-04:00,276.069528,time,90,272.125,276.5782,1.4843999999999937,60,221.41151999999977,0.9,0.19877006015999998,220.31274993983976,1.6490969036486174,1.0455184903584736,1.7899999999999636,98764.10338334538,98984.41613328522
NVDA,2022-10-26 00:00:00-04:00,long,2022-10-26 09:49:00-04:00,12.955179999999999,2022-10-26 10:48:00-04:00,13.260233783999995,target,1910,12.8,13.265539999999994,0.15517999999999788,60,582.6527274399933,19.1,0.20261637221951992,563.3501110677738,1.9006811582016272,1.023793038339234,0.2400000000000002,98984.41613328522,99547.766244353
AMZN,2022-10-26 00:00:00-04:00,long,2022-10-26 09:49:00-04:00,116.24647999999999,2022-10-26 09:56:00-04:00,115.42881,stop,214,115.475,117.78943999999998,0.7714799999999968,8,-174.9813799999984,2.14,0.19761412271999998,-177.3189941227184,-1.0740309930004615,1.4126370251830316,1.3100000000000023,99547.766244353,99370.44725023028
SPY,2022-10-26 00:00:00-04:00,long,2022-10-26 10:01:00-04:00,365.166008,2022-10-26 11:00:00-04:00,366.833208,time,68,363.815,367.86802399999993,1.351007999999979,60,113.36960000000249,0.68,0.199557265152,112.49004273485049,1.2244674601009486,0.8592031947937858,1.7100000000000364,99370.44725023028,99482.93729296513
META,2022-10-27 00:00:00-04:00,long,2022-10-27 09:46:00-04:00,99.569812,2022-10-27 10:45:00-04:00,100.339848,time,249,97.885,102.93943599999999,1.6848119999999938,60,191.73896400000115,2.49,0.19987697721599998,189.04908702278513,0.45063382811613845,11.522731396939806,2.75,99482.93729296513,99671.98637998791
SPY,2022-10-27 00:00:00-04:00,short,2022-10-27 09:48:00-04:00,363.82441200000005,2022-10-27 10:12:00-04:00,365.05596399999996,stop,68,364.90999999999997,361.6532360000002,1.085587999999916,25,-83.74553599999376,0.68,0.197920480128,-84.62345648012177,-1.1463488867747291,0.6864233280884915,1.7600000000000477,99671.98637998791,99587.36292350778
QQQ,2022-10-27 00:00:00-04:00,short,2022-10-27 09:49:00-04:00,269.482164,2022-10-27 10:15:00-04:00,271.038372,stop,92,270.93,266.586492,1.4478359999999952,27,-143.1711359999972,0.92,0.198338872704,-144.2894748727012,-1.0832468990355086,0.7504204740350572,2.259999999999991,99587.36292350778,99443.07344863508
NVDA,2022-10-27 00:00:00-04:00,short,2022-10-27 09:50:00-04:00,13.204716000000001,2022-10-27 10:20:00-04:00,13.565424,stop,1399,13.56,12.494148000000003,0.35528399999999927,31,-504.63049199999847,13.99,0.147787181472,-518.7682791814705,-1.0437104899967342,1.634884530384471,0.4800000000000004,99443.07344863508,98924.30516945361
AMZN,2022-10-27 00:00:00-04:00,short,2022-10-27 09:51:00-04:00,112.18510800000001,2022-10-27 10:10:00-04:00,113.355324,stop,220,113.31,109.93532400000004,1.1248919999999885,20,-257.4475199999961,2.2,0.19744579008000002,-259.84496579007606,-1.0499794476838613,1.3360381131578056,1.6200000000000045,98924.30516945361,98664.46020366353
SPY,2022-10-28 00:00:00-04:00,long,2022-10-28 09:56:00-04:00,364.85588399999995,2022-10-28 10:11:00-04:00,362.799822,stop,67,362.945,368.67765199999985,1.9108839999999532,16,-137.756153999996,0.67,0.194460704592,-138.62061470458798,-1.0827263185918092,0.9459551003400289,3.1499999999999773,98664.46020366353,98525.83958895894
QQQ,2022-10-28 00:00:00-04:00,long,2022-10-28 10:26:00-04:00,269.997956,2022-10-28 11:25:00-04:00,271.84122,time,91,267.845,274.3038679999999,2.1529559999999606,60,167.73702400000303,0.91,0.19790040816,166.62912359184304,0.8505000892912196,1.1819248100475497,3.7299999999999613,98525.83958895894,98692.46871255079
AMZN,2022-10-28 00:00:00-04:00,long,2022-10-28 10:45:00-04:00,101.04170051999999,2022-10-28 11:44:00-04:00,100.574754,time,244,99.24095,104.64320155999998,1.800750519999994,60,-113.93495087999838,2.44,0.19632191980799998,-116.57127279980638,-0.26530666670694336,5.68899390582251,3.161900000000003,98692.46871255079,98575.89743975099
NVDA,2022-10-31 00:00:00-04:00,short,2022-10-31 09:46:00-04:00,13.464612,2022-10-31 10:45:00-04:00,13.395356,time,1830,13.655000000000001,13.083836,0.19038800000000045,60,126.738480000002,18.3,0.19712191968,108.241358080322,0.31067232758367624,0.700617816387142,0.2900000000000009,98575.89743975099,98684.13879783131
META,2022-10-31 00:00:00-04:00,short,2022-10-31 09:46:00-04:00,95.76168,2022-10-31 10:45:00-04:00,94.427756,time,257,97.16,92.96504,1.3983199999999982,60,342.81846799999903,2.57,0.19688601407999998,340.05158198591903,0.9462482883460137,1.462742499992122,2.5999999999999943,98684.13879783131,99024.19037981723
QQQ,2022-10-31 00:00:00-04:00,short,2022-10-31 09:47:00-04:00,271.401396,2022-10-31 10:46:00-04:00,271.39851600000003,time,91,272.685,268.8341879999999,1.2836040000000253,60,0.262079999995251,0.91,0.197580216288,-0.845500216292749,-0.0072383781665155324,0.8614862690491378,1.6299999999999955,99024.19037981723,99023.34487960093
AMZN,2022-10-31 00:00:00-04:00,short,2022-10-31 09:47:00-04:00,102.66811632,2022-10-31 10:46:00-04:00,101.7466824,time,241,103.935,100.13434895999998,1.2668836800000065,60,222.0655747199996,2.41,0.19794412826495997,219.45763059173464,0.7187815183391058,1.373533712142915,1.8700000000000045,99023.34487960093,99242.80251019266
SPY,2022-10-31 00:00:00-04:00,short,2022-10-31 09:50:00-04:00,367.063116,2022-10-31 10:17:00-04:00,368.29725999999994,stop,67,368.15,364.889348,1.0868839999999977,28,-82.68764799999718,0.67,0.19674583017599998,-83.55439383017318,-1.1473906184357858,0.89913133446799,1.259999999999991,99242.80251019266,99159.24811636249
SPY,2022-11-01 00:00:00-04:00,short,2022-11-01 09:46:00-04:00,369.782028,2022-11-01 10:07:00-04:00,367.41299043360016,target,67,371.03999999999996,367.26608400000015,1.2579719999999384,22,158.72551694879115,0.67,0.198203167008,157.85731378178318,1.872918721701265,0.769688715912168,1.0400000000000205,99159.24811636249,99317.10543014428
QQQ,2022-11-01 00:00:00-04:00,short,2022-11-01 09:46:00-04:00,273.75045600000004,2022-11-01 10:08:00-04:00,271.10976854720013,target,90,275.125,271.0013680000001,1.3745439999999576,23,237.66187075199184,0.9,0.19710032832000002,236.56477042367183,1.9122686863075975,0.7052899244319997,1.2699999999999818,99317.10543014428,99553.67020056795
AMZN,2022-11-01 00:00:00-04:00,short,2022-11-01 09:48:00-04:00,102.21909600000001,2022-11-01 10:40:00-04:00,99.65713491520003,target,243,103.52,99.61728800000003,1.3009039999999885,53,622.5565436063939,2.43,0.198713922624,619.9278296837699,1.9610542607540584,0.930312283453199,2.1200000000000045,99553.67020056795,100173.59803025173
NVDA,2022-11-01 00:00:00-04:00,short,2022-11-01 10:01:00-04:00,13.664532000000001,2022-11-01 11:00:00-04:00,13.595436,time,1832,13.8,13.393596000000002,0.13546799999999948,60,126.58387200000334,18.32,0.200267380992,108.06360461901134,0.435428911211519,0.9056162117155812,0.17999999999999972,100173.59803025173,100281.66163487073
META,2022-11-01 00:00:00-04:00,short,2022-11-01 10:12:00-04:00,92.91282000000001,2022-11-01 10:16:00-04:00,93.63743999999998,stop,269,93.6,91.53846000000004,0.6871799999999837,5,-194.92277999999277,2.69,0.19994838864,-197.81272838863276,-1.0701174402048816,1.4676261261842078,1.2600000000000051,100281.66163487073,100083.8489064821
NVDA,2022-11-02 00:00:00-04:00,long,2022-11-02 09:46:00-04:00,14.015604,2022-11-02 10:25:00-04:00,13.819469999999999,stop,1785,13.825,14.396812,0.19060400000000044,40,-350.0991900000013,17.85,0.19734203159999997,-368.1465320316013,-1.0820578569180093,1.0762167583708442,0.34999999999999964,100083.8489064821,99715.7023744505
SPY,2022-11-02 00:00:00-04:00,short,2022-11-02 09:58:00-04:00,364.00434,2022-11-02 10:57:00-04:00,364.69581999999997,time,68,364.885,362.24302000000006,0.8806599999999776,60,-47.020639999997,0.68,0.19801836096,-47.898658360957,-0.7998456097926258,0.707229369873514,1.3100000000000023,99715.7023744505,99667.80371608955
AMZN,2022-11-02 00:00:00-04:00,short,2022-11-02 09:58:00-04:00,96.61134000000001,2022-11-02 10:57:00-04:00,95.85832799999999,time,257,97.195,95.44402000000005,0.5836599999999805,60,193.52408400000684,2.57,0.19863291504000002,190.75545108496684,1.271697750882451,0.874218991151341,1.0899999999999892,99667.80371608955,99858.55916717452
QQQ,2022-11-02 00:00:00-04:00,short,2022-11-02 10:15:00-04:00,267.323028,2022-11-02 11:14:00-04:00,266.87670799999995,time,93,268.34000000000003,265.289084,1.0169720000000098,60,41.50776000000661,0.93,0.198888332832,40.378871667174614,0.4269354670296399,0.49927816992660967,1.6400000000000432,99858.55916717452,99898.93803884169
META,2022-11-02 00:00:00-04:00,short,2022-11-02 10:52:00-04:00,91.97319600000002,2022-11-02 11:51:00-04:00,92.21687200000001,time,271,93.11,89.69958800000005,1.1368039999999837,60,-66.03619599999826,2.71,0.19939788892800003,-68.94559388892625,-0.2237956460110953,1.1180247415105606,2.180000000000007,99898.93803884169,99829.99244495276
QQQ,2022-11-03 00:00:00-04:00,short,2022-11-03 09:46:00-04:00,255.577728,2022-11-03 10:15:00-04:00,256.957742,stop,97,256.855,253.023184,1.2772720000000106,30,-133.8613579999989,0.97,0.19832831692800001,-135.0296863169269,-1.0898685807126258,1.1111367889992392,1.4699999999999704,99829.99244495276,99694.96275863584
META,2022-11-03 00:00:00-04:00,short,2022-11-03 09:50:00-04:00,88.304664,2022-11-03 10:49:00-04:00,88.68546,time,282,88.93,87.053992,0.6253360000000043,60,-107.38447200000104,2.82,0.199215321984,-110.40368732198503,-0.6260673259047951,1.1209989618842846,1.1199999999999903,99694.96275863584,99584.55907131385
SPY,2022-11-03 00:00:00-04:00,short,2022-11-03 09:51:00-04:00,352.27903200000003,2022-11-03 10:14:00-04:00,353.551364,stop,70,353.40999999999997,350.01709600000015,1.130967999999939,24,-89.06323999999643,0.7000000000000001,0.19727625792,-89.96051625791642,-1.1363276699747635,1.0426124349521664,1.7800000000000296,99584.55907131385,99494.59855505594
AMZN,2022-11-03 00:00:00-04:00,short,2022-11-03 09:54:00-04:00,91.26348,2022-11-03 10:53:00-04:00,90.696264,time,272,92.41499999999999,88.96044000000002,1.1515199999999908,60,154.28275200000053,2.72,0.19858933248,151.36416266752053,0.48326202945672364,1.5179309426421355,2.1700000000000017,99494.59855505594,99645.96271772347
NVDA,2022-11-03 00:00:00-04:00,long,2022-11-03 10:12:00-04:00,13.2553,2022-11-03 10:47:00-04:00,13.62044964,target,1879,13.07,13.6259,0.1852999999999998,36,686.1161735600006,18.79,0.20474259898848,667.1214309610122,1.9160317129135496,0.7797278572972591,0.2400000000000002,99645.96271772347,100313.08414868447
NVDA,2022-11-04 00:00:00-04:00,short,2022-11-04 09:49:00-04:00,13.69452,2022-11-04 09:56:00-04:00,13.88055,stop,1831,13.875,13.333560000000002,0.1804799999999993,8,-340.6209299999978,18.31,0.20059732896000002,-359.1315273289578,-1.086766157801416,0.8810332221846859,0.3099999999999987,100313.08414868447,99953.95262135552
META,2022-11-04 00:00:00-04:00,short,2022-11-04 09:49:00-04:00,87.754884,2022-11-04 10:15:00-04:00,89.28569999999999,stop,284,89.25,84.76465200000001,1.495115999999996,27,-434.7517439999964,2.84,0.19937909644799998,-437.7911230964444,-1.0310357451007088,0.9070823375564903,2.680000000000007,99953.95262135552,99516.16149825908
SPY,2022-11-04 00:00:00-04:00,short,2022-11-04 09:50:00-04:00,354.498144,2022-11-04 09:59:00-04:00,357.14279999999997,stop,70,357.0,349.4944320000001,2.501855999999975,10,-185.12591999999586,0.7000000000000001,0.19851896064,-186.02443896063585,-1.0622082106851742,1.0022949731806348,4.340000000000032,99516.16149825908,99330.13705929845
AMZN,2022-11-04 00:00:00-04:00,short,2022-11-04 09:50:00-04:00,88.734492,2022-11-04 09:59:00-04:00,90.446164,stop,279,90.41,85.38347600000002,1.6755079999999936,10,-477.556487999998,2.79,0.198055386144,-480.54454338614204,-1.027975918906982,1.4055024193936805,3.239999999999995,99330.13705929845,98849.5925159123
NVDA,2022-11-07 00:00:00-05:00,short,2022-11-07 09:48:00-05:00,13.964412000000001,2022-11-07 10:02:00-05:00,14.135651999999999,stop,1769,14.129999999999999,13.633236000000005,0.16558799999999785,15,-302.9235599999954,17.69,0.19762435862400002,-320.8111843586194,-1.095198415923858,0.675249010865469,0.2599999999999998,98849.5925159123,98528.78133155368
QQQ,2022-11-07 00:00:00-05:00,short,2022-11-07 09:49:00-05:00,257.87680800000004,2022-11-07 10:02:00-05:00,259.40371999999996,stop,95,259.29999999999995,255.0304240000002,1.423191999999915,14,-145.05663999999285,0.9500000000000001,0.19598637408000003,-146.20262637407285,-1.08135445847364,0.7191349236726315,2.4599999999999795,98528.78133155368,98382.5787051796
AMZN,2022-11-07 00:00:00-05:00,short,2022-11-07 09:50:00-05:00,90.273876,2022-11-07 10:49:00-05:00,89.42415536,time,272,91.28,88.261628,1.0061239999999998,60,231.12401408000028,2.72,0.196435954176,228.20757812582428,0.8338916962442017,0.822740194447169,1.6599999999999966,98382.5787051796,98610.78628330542
SPY,2022-11-07 00:00:00-05:00,short,2022-11-07 09:53:00-05:00,357.716856,2022-11-07 10:05:00-05:00,359.24364,stop,68,359.1,354.950568,1.3831440000000157,13,-103.8213120000014,0.68,0.194597969664,-104.69590996966541,-1.113149270681869,0.5748294112685685,1.9799999999999613,98610.78628330542,98506.09037333576
META,2022-11-07 00:00:00-05:00,long,2022-11-07 10:16:00-05:00,95.348124,2022-11-07 11:15:00-05:00,95.671716,time,258,93.67,98.70437199999999,1.6781239999999968,60,83.48673600000129,2.58,0.197466421824,80.70926957817728,0.18641448800684907,1.7296275409365776,2.759999999999991,98506.09037333576,98586.79964291393
QQQ,2022-11-08 00:00:00-05:00,short,2022-11-08 09:46:00-05:00,261.425388,2022-11-08 09:52:00-05:00,262.54997799999995,stop,94,262.445,259.386164,1.019611999999995,7,-105.71145999999578,0.9400000000000001,0.196591891776,-106.84805189177177,-1.11481760032636,0.6713093548339518,1.6499999999999773,98586.79964291393,98479.95159102215
NVDA,2022-11-08 00:00:00-05:00,short,2022-11-08 09:46:00-05:00,14.474208,2022-11-08 09:55:00-05:00,14.685872,stop,1700,14.68,14.062624000000003,0.20579199999999886,10,-359.82879999999824,17.0,0.1968492288,-377.0256492287982,-1.0776890922096105,1.3625547728250553,0.33999999999999986,98479.95159102215,98102.92594179335
META,2022-11-08 00:00:00-05:00,short,2022-11-08 09:46:00-05:00,94.782072,2022-11-08 10:45:00-05:00,94.81791199999999,time,258,95.61000000000001,93.12621599999997,0.8279280000000142,60,-9.246719999998248,2.58,0.195630196608,-12.022350196606249,-0.05628298182449731,0.7502170787150685,1.3599999999999994,98102.92594179335,98090.90359159674
AMZN,2022-11-08 00:00:00-05:00,short,2022-11-08 09:46:00-05:00,89.19320844,2022-11-08 10:01:00-05:00,90.166052,stop,274,90.13,87.31962532000003,0.936791559999989,16,-266.55913543999645,2.74,0.19551151290048,-269.4946469528969,-1.049920972459998,0.729772461423782,1.6400000000000006,98090.90359159674,97821.40894464384
SPY,2022-11-08 00:00:00-05:00,long,2022-11-08 10:17:00-05:00,363.325272,2022-11-08 11:16:00-05:00,365.00394,time,67,362.03,365.915816,1.2952720000000113,60,112.47075600000107,0.67,0.19564211184,111.60511388816107,1.2860217533305758,0.5299177171035427,1.6199999999999477,97821.40894464384,97933.014058532
SPY,2022-11-09 00:00:00-05:00,long,2022-11-09 09:46:00-05:00,361.864688,2022-11-09 09:50:00-05:00,360.78562800000003,stop,67,360.93,363.734064,0.9346879999999942,5,-72.29701999999799,0.67,0.193381096608,-73.16040109660598,-1.1682468214248782,0.8079181915994035,1.3999999999999773,97933.014058532,97859.8536574354
QQQ,2022-11-09 00:00:00-05:00,long,2022-11-09 09:46:00-05:00,262.40492,2022-11-09 09:49:00-05:00,261.100518,stop,93,261.205,264.80476000000004,1.19992000000002,4,-121.30938599999831,0.93,0.194258785392,-122.43364478539031,-1.0971488133741916,0.8786659566045004,1.1499999999999773,97859.8536574354,97737.42001265
AMZN,2022-11-09 00:00:00-05:00,short,2022-11-09 09:49:00-05:00,88.06016184,2022-11-09 10:48:00-05:00,87.535,time,277,88.905,86.37048552000002,0.8448381599999948,60,145.4698296800027,2.77,0.19514131863744,142.50468836136525,0.6089419051635794,0.6628317549433612,1.1700000000000017,97737.42001265,97879.92470101138
META,2022-11-09 00:00:00-05:00,long,2022-11-09 10:03:00-05:00,102.621032,2022-11-09 11:02:00-05:00,102.30906,time,238,101.095,105.673096,1.5260320000000007,60,-74.24933599999935,2.38,0.19479645024,-76.82413245023935,-0.21152274164630694,2.2141078303879524,2.469999999999999,97879.92470101138,97803.10056856113
NVDA,2022-11-09 00:00:00-05:00,short,2022-11-09 10:34:00-05:00,13.804476000000001,2022-11-09 11:33:00-05:00,13.895556,time,1771,14.015,13.383428000000002,0.2105239999999995,60,-161.30267999999654,17.71,0.195581815968,-179.20826181596456,-0.48065985734642275,1.0200442795604059,0.33000000000000007,97803.10056856113,97623.89230674517
AMZN,2022-11-10 00:00:00-05:00,long,2022-11-10 09:49:00-05:00,93.527396,2022-11-10 10:44:00-05:00,95.46398712479998,target,260,92.54,95.50218799999998,0.9873959999999897,56,503.51369244799713,2.6,0.19856509321958396,500.7151273547775,1.9504103854005996,2.03042745204466,1.7800000000000011,97623.89230674517,98124.60743409995
SPY,2022-11-10 00:00:00-05:00,long,2022-11-10 09:51:00-05:00,369.98793599999993,2022-11-10 10:50:00-05:00,371.09150400000004,time,66,368.415,373.13380799999976,1.5729359999999133,60,72.83548800000722,0.66,0.19593631411200002,71.97955168589522,0.6933526017385129,1.6255264113554948,2.75,98124.60743409995,98196.58698578585
QQQ,2022-11-10 00:00:00-05:00,long,2022-11-10 09:54:00-05:00,270.918324,2022-11-10 10:53:00-05:00,271.69128,time,90,269.25,274.25497199999995,1.6683239999999842,60,69.56604000000198,0.9,0.1956177216,68.47042227840197,0.45601601952620063,2.0254344102378736,3.0399999999999636,98196.58698578585,98265.05740806425
NVDA,2022-11-10 00:00:00-05:00,long,2022-11-10 10:00:00-05:00,14.945975999999998,2022-11-10 10:59:00-05:00,14.974008000000001,time,1643,14.705,15.427927999999994,0.24097599999999808,60,46.0565760000052,16.43,0.19681836115200002,29.4297576388532,0.0743319166058168,1.3817040813961954,0.39000000000000057,98265.05740806425,98294.4871657031
META,2022-11-10 00:00:00-05:00,long,2022-11-10 10:07:00-05:00,107.052804,2022-11-10 11:06:00-05:00,107.34704400000001,time,229,105.32,110.518412,1.7328040000000016,60,67.38096000000372,2.29,0.19665978460800002,64.89430021539572,0.16353910981739192,1.0860113828529319,3.239999999999995,98294.4871657031,98359.3814659185
QQQ,2022-11-11 00:00:00-05:00,long,2022-11-11 09:46:00-05:00,276.85069599999997,2022-11-11 10:00:00-05:00,275.704674,stop,88,275.815,278.9220879999999,1.035695999999973,15,-100.84993599999643,0.88,0.19409609049600002,-101.92403209049243,-1.118308497273321,1.015527015170875,1.830000000000041,98359.3814659185,98257.457433828
META,2022-11-11 00:00:00-05:00,long,2022-11-11 09:46:00-05:00,110.724272,2022-11-11 10:45:00-05:00,111.585348,time,221,109.185,113.80281599999999,1.5392719999999969,60,190.29779599999935,2.21,0.19728289526399997,187.89051310473533,0.5523281897000651,0.7081384038653455,2.6500000000000057,98257.457433828,98445.34794693274
NVDA,2022-11-11 00:00:00-05:00,long,2022-11-11 09:47:00-05:00,15.846335999999999,2022-11-11 10:46:00-05:00,16.003596,time,1553,15.620000000000001,16.299007999999994,0.2263359999999981,60,244.22478000000407,15.530000000000001,0.198828676704,228.49595132330006,0.6500599605542373,1.047128311279833,0.3600000000000012,98445.34794693274,98673.84389825605
AMZN,2022-11-11 00:00:00-05:00,long,2022-11-11 09:47:00-05:00,99.2897,2022-11-11 10:46:00-05:00,100.00998,time,248,97.72,102.42909999999999,1.5696999999999974,60,178.6294400000006,2.48,0.19841980032,175.9510201996806,0.4519844047652441,1.218531612595091,2.1200000000000045,98673.84389825605,98849.79491845572
SPY,2022-11-11 00:00:00-05:00,long,2022-11-11 09:52:00-05:00,376.95072,2022-11-11 10:00:00-05:00,375.56471400000004,stop,65,375.71500000000003,379.4221599999999,1.235719999999958,9,-90.09038999999689,0.65,0.19529365128,-90.93568365127689,-1.1321420044281874,0.8735271642835223,2.170000000000016,98849.79491845572,98758.85923480445
SPY,2022-11-14 00:00:00-05:00,short,2022-11-14 09:46:00-05:00,377.019132,2022-11-14 09:52:00-05:00,378.066166,stop,65,377.915,375.227396,0.8958680000000072,7,-68.05720999999977,0.65,0.19604994864,-68.90325994863977,-1.1832660091174012,0.7033785355502298,1.3899999999999864,98758.85923480445,98689.95597485581
QQQ,2022-11-14 00:00:00-05:00,short,2022-11-14 09:46:00-05:00,278.228664,2022-11-14 09:58:00-05:00,279.38170799999995,stop,88,279.27,276.145992,1.0413360000000011,13,-101.46787199999699,0.88,0.19587297945599996,-102.54374497945298,-1.1190142560249183,0.7707916302608898,1.5600000000000023,98689.95597485581,98587.41222987635
AMZN,2022-11-14 00:00:00-05:00,short,2022-11-14 09:49:00-05:00,97.401024,2022-11-14 10:07:00-05:00,98.254286,stop,253,98.215,95.77307200000001,0.8139759999999967,19,-215.8752859999966,2.5300000000000002,0.197139672576,-218.6024256725726,-1.0615069832427368,0.9403114406152896,1.269999999999996,98587.41222987635,98368.80980420377
META,2022-11-14 00:00:00-05:00,long,2022-11-14 09:50:00-05:00,111.96476799999999,2022-11-14 10:49:00-05:00,113.284668,time,219,110.84,114.21430399999997,1.1247679999999889,60,289.0581000000009,2.19,0.19847473833599996,286.66962526166486,1.1637899750490919,0.4834572075204332,2.0,98368.80980420377,98655.47942946544
SPY,2022-11-15 00:00:00-05:00,short,2022-11-15 09:47:00-05:00,381.20745600000004,2022-11-15 09:57:00-05:00,382.41290399999997,stop,64,382.26,379.1023680000001,1.0525439999999548,11,-77.14867199999571,0.64,0.195178217472,-77.98385021746772,-1.157669094734268,0.8685883282565281,1.3000000000000114,98655.47942946544,98577.49557924797
QQQ,2022-11-15 00:00:00-05:00,short,2022-11-15 09:47:00-05:00,284.99595600000004,2022-11-15 10:00:00-05:00,286.094392,stop,86,285.98,283.02786800000007,0.984043999999983,14,-94.46549599999935,0.86,0.19607721772800002,-95.52157321772735,-1.1287259184020344,1.141037473684329,1.4399999999999977,98577.49557924797,98481.97400603024
AMZN,2022-11-15 00:00:00-05:00,short,2022-11-15 09:49:00-05:00,101.29946400000001,2022-11-15 10:48:00-05:00,100.270092,time,243,102.725,98.44839200000006,1.4255359999999797,60,250.13739600000224,2.43,0.19692615801600002,247.51046984198624,0.7145113166472286,1.1659028972871956,2.1300000000000097,98481.97400603024,98729.48447587223
NVDA,2022-11-15 00:00:00-05:00,long,2022-11-15 10:00:00-05:00,16.866743999999997,2022-11-15 10:36:00-05:00,16.733304000000004,stop,1463,16.740000000000002,17.120231999999987,0.12674399999999508,37,-195.22271999998992,14.63,0.19584659001600005,-210.04856659000592,-1.1327862970396918,1.008862317914012,0.1999999999999993,98729.48447587223,98519.43590928223
META,2022-11-15 00:00:00-05:00,long,2022-11-15 10:03:00-05:00,116.76668799999999,2022-11-15 10:43:00-05:00,115.84364400000001,stop,210,115.89,118.52006399999996,0.8766879999999873,41,-193.83923999999496,2.1,0.19461732192,-196.13385732191495,-1.065339948935071,0.6095460093180266,1.6599999999999966,98519.43590928223,98323.30205196032
QQQ,2022-11-16 00:00:00-05:00,short,2022-11-16 09:47:00-05:00,279.748056,2022-11-16 10:46:00-05:00,279.14161199999995,time,87,280.78499999999997,277.6741680000001,1.0369439999999486,60,52.76062800000585,0.87,0.194704646976,51.695923353029855,0.5730357816353601,0.8965328453965326,1.0300000000000296,98323.30205196032,98374.99797531335
META,2022-11-16 00:00:00-05:00,short,2022-11-16 09:47:00-05:00,112.85484000000001,2022-11-16 10:46:00-05:00,112.09482,time,217,114.2,110.16452000000002,1.3451599999999928,60,164.92434000000247,2.17,0.19591600224000003,162.55842399776247,0.5568981840673344,0.4424572708676145,1.7199999999999989,98374.99797531335,98537.55639931111
SPY,2022-11-16 00:00:00-05:00,short,2022-11-16 09:50:00-05:00,376.919172,2022-11-16 10:34:00-05:00,378.131192,stop,65,377.98,374.797516,1.060828000000015,45,-78.7812999999997,0.65,0.19599796944,-79.62729796943971,-1.154791684774514,0.743987845890441,1.2199999999999704,98537.55639931111,98457.92910134168
NVDA,2022-11-16 00:00:00-05:00,short,2022-11-16 09:50:00-05:00,15.963612000000001,2022-11-16 10:03:00-05:00,16.166463999999998,stop,1541,16.16,15.570836000000003,0.1963879999999989,14,-312.59493199999457,15.41,0.196799408736,-328.2017314087306,-1.084484331507005,0.9536995731183471,0.3200000000000003,98457.92910134168,98129.72736993295
SPY,2022-11-17 00:00:00-05:00,long,2022-11-17 09:46:00-05:00,372.839076,2022-11-17 09:55:00-05:00,371.836206,stop,65,371.985,374.5472279999999,0.8540759999999636,10,-65.18654999999825,0.65,0.19335482712,-66.02990482711826,-1.1894078391712406,0.8342993813501662,0.9499999999999886,98129.72736993295,98063.69746510584
QQQ,2022-11-17 00:00:00-05:00,long,2022-11-17 09:46:00-05:00,276.480548,2022-11-17 10:00:00-05:00,275.17488599999996,stop,88,275.28499999999997,278.87164400000006,1.1955480000000307,15,-114.89825600000358,0.88,0.19372311974399997,-115.97197911974759,-1.1023090658743997,0.8287666682642347,1.6899999999999977,98063.69746510584,97947.7254859861
NVDA,2022-11-17 00:00:00-05:00,long,2022-11-17 09:46:00-05:00,16.036412000000002,2022-11-17 10:45:00-05:00,16.043580000000002,time,1526,15.780000000000001,16.549236000000004,0.256412000000001,60,10.938368000000096,15.26,0.19586002464000002,-4.517492024639903,-0.01154528118808763,1.632061789178806,0.46000000000000085,97947.7254859861,97943.20799396146
AMZN,2022-11-17 00:00:00-05:00,short,2022-11-17 09:55:00-05:00,95.041968,2022-11-17 10:26:00-05:00,96.07841599999999,stop,257,96.03999999999999,93.04590400000001,0.9980319999999949,32,-266.3671359999982,2.57,0.195406286208,-269.1325422862062,-1.0492733056094379,0.7157262205752968,1.8599999999999994,97943.20799396146,97674.07545167526
META,2022-11-17 00:00:00-05:00,long,2022-11-17 10:19:00-05:00,110.464168,2022-11-17 10:34:00-05:00,109.50618000000001,stop,221,109.55000000000001,112.29250399999998,0.9141679999999894,16,-211.71534799999694,2.21,0.19360692624000003,-214.11895492623694,-1.0598315073815725,0.44976031277895306,1.4200000000000017,97674.07545167526,97459.95649674903
SPY,2022-11-18 00:00:00-05:00,short,2022-11-18 09:49:00-05:00,376.469352,2022-11-18 10:48:00-05:00,376.46052399999996,time,64,377.66499999999996,374.0780560000001,1.1956479999999488,60,0.564992000003258,0.64,0.192752308224,-0.26776030822074204,-0.003499152606744856,0.9271916602011769,1.910000000000025,97459.95649674903,97459.6887364408
QQQ,2022-11-18 00:00:00-05:00,short,2022-11-18 09:49:00-05:00,279.03834,2022-11-18 10:48:00-05:00,278.41132,time,87,280.435,276.24502,1.3966599999999971,60,54.55074000000138,0.87,0.19421068464,53.48652931536139,0.44018422041156563,0.8000507200505856,2.230000000000018,97459.6887364408,97513.17526575616
NVDA,2022-11-18 00:00:00-05:00,short,2022-11-18 09:49:00-05:00,15.59376,2022-11-18 10:48:00-05:00,15.40616,time,1563,15.785,15.211279999999999,0.19124000000000052,60,293.21879999999965,15.63,0.19498437503999996,277.39381562495964,0.9280236870947464,0.9350419479414009,0.3500000000000014,97513.17526575616,97790.56908138112
AMZN,2022-11-18 00:00:00-05:00,short,2022-11-18 09:49:00-05:00,94.58215200000001,2022-11-18 10:48:00-05:00,94.177656,time,258,95.33,93.08645600000003,0.7478479999999905,60,104.35996800000228,2.58,0.19521756172800003,101.58475043827428,0.526496484290944,0.821775639404689,1.3199999999999932,97790.56908138112,97892.15383181939
META,2022-11-18 00:00:00-05:00,long,2022-11-18 09:56:00-05:00,113.13523599999999,2022-11-18 10:06:00-05:00,111.29046600000001,stop,216,111.33500000000001,116.73570799999996,1.800235999999984,11,-398.47031999999626,2.16,0.192309925248,-400.8226299252443,-1.030787254408866,0.653838049978215,3.3500000000000085,97892.15383181939,97491.33120189415
NVDA,2022-11-21 00:00:00-05:00,long,2022-11-21 09:47:00-05:00,15.276107999999999,2022-11-21 10:22:00-05:00,15.143939999999999,stop,1595,15.149999999999999,15.528324,0.12610800000000033,36,-210.8079600000001,15.950000000000001,0.19323667439999997,-226.95119667440008,-1.1283118558695695,0.5906336644900542,0.22000000000000064,97491.33120189415,97264.38000521975
META,2022-11-21 00:00:00-05:00,short,2022-11-21 09:51:00-05:00,109.965996,2022-11-21 10:50:00-05:00,108.86352799999999,time,221,110.71000000000001,108.477988,0.7440040000000039,60,243.64542800000353,2.21,0.194419880928,241.24100811907553,1.4671806496094244,0.28384114999992416,1.3599999999999994,97264.38000521975,97505.62101333882
QQQ,2022-11-21 00:00:00-05:00,long,2022-11-21 09:52:00-05:00,278.20123599999994,2022-11-21 09:59:00-05:00,277.199076,stop,87,277.31,279.9837079999998,0.8912359999999353,8,-87.18791999999536,0.87,0.192930556896,-88.25085055689136,-1.1381694552374684,0.7082388420342123,1.5399999999999636,97505.62101333882,97417.37016278192
AMZN,2022-11-21 00:00:00-05:00,short,2022-11-21 09:53:00-05:00,93.682512,2022-11-21 10:14:00-05:00,92.3344550144,target,259,94.375,92.29753600000001,0.6924879999999973,22,349.14675927039895,2.59,0.19411016486399998,346.36264910553496,1.931163464932246,0.576947474650875,1.289999999999992,97417.37016278192,97763.73281188746
SPY,2022-11-21 00:00:00-05:00,short,2022-11-21 10:22:00-05:00,374.95995600000003,2022-11-21 11:21:00-05:00,375.17000799999994,time,65,375.995,372.8898680000001,1.0350439999999708,60,-13.653379999993831,0.65,0.19497917711999999,-14.498359177113832,-0.21549970788479658,0.5078604704500214,1.4700000000000273,97763.73281188746,97749.23445271034
AMZN,2022-11-22 00:00:00-05:00,short,2022-11-22 09:48:00-05:00,90.96879792,2022-11-22 10:06:00-05:00,91.98678,stop,268,91.95,89.00639376,0.9812020800000028,19,-272.8191974399989,2.68,0.19503710274048,-275.69423454273937,-1.0484179063127883,0.6546069566503218,1.7800000000000011,97749.23445271034,97473.5402181676
META,2022-11-22 00:00:00-05:00,short,2022-11-22 09:51:00-05:00,107.566956,2022-11-22 10:05:00-05:00,108.51338799999999,stop,226,108.47,105.76086800000002,0.9030439999999942,15,-213.89363199999713,2.2600000000000002,0.194481056448,-216.34811305644513,-1.060072970583929,0.24218846967078,1.6400000000000006,97473.5402181676,97257.19210511116
NVDA,2022-11-22 00:00:00-05:00,long,2022-11-22 10:06:00-05:00,15.466184,2022-11-22 11:05:00-05:00,15.673728,time,1572,15.26,15.878552,0.20618400000000037,60,326.2591680000006,15.72,0.197112803328,310.34205519667256,0.9574875362588755,0.6002035977381527,0.35999999999999943,97257.19210511116,97567.53416030783
SPY,2022-11-22 00:00:00-05:00,long,2022-11-22 10:13:00-05:00,378.00114,2022-11-22 11:12:00-05:00,378.168672,time,64,376.905,380.1934200000001,1.096140000000048,60,10.722047999999631,0.64,0.193622360064,9.888425639935631,0.1409552161439118,0.6290454305277652,1.6300000000000523,97567.53416030783,97577.42258594776
QQQ,2022-11-22 00:00:00-05:00,long,2022-11-22 10:49:00-05:00,276.8607,2022-11-22 11:48:00-05:00,276.43938,time,88,275.38,279.82210000000003,1.480700000000013,60,-37.076159999998254,0.88,0.19461332352000002,-38.15077332351826,-0.2927882184372097,0.6782048470032176,2.3799999999999955,97577.42258594776,97539.27181262424
QQQ,2022-11-23 00:00:00-05:00,long,2022-11-23 09:46:00-05:00,280.94233199999996,2022-11-23 10:32:00-05:00,282.4039892016,target,86,280.155,282.51699599999995,0.7873319999999921,47,125.70251933760164,0.86,0.1942939445707008,124.64822539303094,1.8408980832563908,0.56850916832517,1.3100000000000023,97539.27181262424,97663.92003801727
SPY,2022-11-23 00:00:00-05:00,long,2022-11-23 09:47:00-05:00,381.892696,2022-11-23 10:46:00-05:00,382.29702000000003,time,63,380.885,383.908088,1.00769600000001,60,25.472412000001952,0.63,0.19267769808,24.649734301921953,0.3882774406567329,0.5875006287221273,1.329999999999984,97663.92003801727,97688.5697723192
AMZN,2022-11-23 00:00:00-05:00,long,2022-11-23 09:49:00-05:00,93.557408,2022-11-23 09:58:00-05:00,93.12773399999999,stop,261,93.16499999999999,94.342224,0.3924080000000032,10,-112.14491400000148,2.61,0.19445070859199998,-114.94936470859348,-1.1223497529917894,0.40700299075708873,0.6700000000000017,97688.5697723192,97573.62040761061
NVDA,2022-11-23 00:00:00-05:00,long,2022-11-23 09:54:00-05:00,16.296515999999997,2022-11-23 10:53:00-05:00,16.343460000000004,time,1496,16.145000000000003,16.599547999999984,0.15151599999999377,60,70.22822400001044,14.96,0.19559852928000004,55.07262547073044,0.24296610470186975,0.7127598696930383,0.2699999999999996,97573.62040761061,97628.69303308133
QQQ,2022-11-28 00:00:00-05:00,long,2022-11-28 09:46:00-05:00,280.56217999999996,2022-11-28 10:12:00-05:00,279.2182680000001,stop,86,279.33000000000004,283.0265399999998,1.2321799999999143,27,-115.57643199998927,0.86,0.19210216838400004,-116.62853416837326,-1.1006068481422921,0.6627812954485232,2.079999999999984,97628.69303308133,97512.06449891297
NVDA,2022-11-28 00:00:00-05:00,long,2022-11-28 09:46:00-05:00,16.30652,2022-11-28 10:20:00-05:00,16.108554,stop,1494,16.115000000000002,16.689559999999993,0.19151999999999703,35,-295.76120399999616,14.94,0.19252943740800002,-310.89373343740414,-1.0865437992481237,0.5695928199481096,0.2900000000000009,97512.06449891297,97201.17076547556
META,2022-11-28 00:00:00-05:00,short,2022-11-28 09:55:00-05:00,109.566156,2022-11-28 10:54:00-05:00,108.533396,time,221,110.36500000000001,107.968468,0.7988440000000026,60,228.23996000000227,2.21,0.193712963808,225.83624703619427,1.2792027864664528,0.3234135573607647,1.3900000000000006,97201.17076547556,97427.00701251175
SPY,2022-11-28 00:00:00-05:00,short,2022-11-28 10:26:00-05:00,379.56811200000004,2022-11-28 11:25:00-05:00,379.66180399999996,time,64,380.62,377.4643360000001,1.0518879999999626,60,-5.99628799999482,0.64,0.19433887334400002,-6.83062687333882,-0.10146379167356491,0.675851939920028,1.7200000000000273,97427.00701251175,97420.1763856384
QQQ,2022-11-29 00:00:00-05:00,short,2022-11-29 09:48:00-05:00,275.409792,2022-11-29 10:06:00-05:00,276.300476,stop,88,276.19,273.84937599999995,0.780208000000016,19,-78.3801920000019,0.88,0.19388849356799998,-79.45408049356989,-1.1572391956196335,0.560964711496713,1.1599999999999682,97420.1763856384,97340.72230514484
AMZN,2022-11-29 00:00:00-05:00,short,2022-11-29 09:48:00-05:00,93.39262800000002,2022-11-29 10:47:00-05:00,93.032198,time,260,93.955,92.26788400000005,0.5623719999999821,60,93.71180000000578,2.6,0.19425666624000001,90.91754333376579,0.6217999099813529,0.534287022782404,0.9099999999999966,97340.72230514484,97431.6398484786
SPY,2022-11-29 00:00:00-05:00,short,2022-11-29 09:56:00-05:00,376.14948000000004,2022-11-29 10:00:00-05:00,377.105782,stop,64,376.955,374.53844000000015,0.8055199999999445,5,-61.20332799999596,0.64,0.19258853376,-62.035916533755966,-1.2033359765617289,0.6255684163182545,1.1100000000000136,97431.6398484786,97369.60393194485
NVDA,2022-11-29 00:00:00-05:00,long,2022-11-29 10:07:00-05:00,15.816324,2022-11-29 10:14:00-05:00,15.713712,stop,1539,15.719999999999999,16.008972,0.09632400000000096,8,-157.91986800000092,15.39,0.193467222144,-173.5033352221449,-1.1704010391594977,0.5445371888595016,0.1399999999999988,97369.60393194485,97196.1005967227
SPY,2022-11-30 00:00:00-05:00,short,2022-11-30 10:01:00-05:00,375.269832,2022-11-30 11:00:00-05:00,375.460124,time,64,376.46000000000004,372.88949599999995,1.1901680000000283,60,-12.178687999999966,0.64,0.192138153984,-13.010826153983967,-0.17081131290372,0.8258171934173745,1.2800000000000296,97196.1005967227,97183.08977056871
NVDA,2022-11-30 00:00:00-05:00,short,2022-11-30 10:01:00-05:00,15.573768000000001,2022-11-30 10:24:00-05:00,15.786311999999999,stop,1560,15.78,15.161304000000005,0.2062319999999982,24,-331.5686399999963,15.6,0.19436062464,-347.36300062463636,-1.079699513867875,0.6534376766962361,0.3200000000000003,97183.08977056871,96835.72676994407
AMZN,2022-11-30 00:00:00-05:00,long,2022-11-30 10:05:00-05:00,92.847124,2022-11-30 10:43:00-05:00,92.08815,stop,260,92.125,94.29137199999998,0.7221239999999938,39,-197.33323999999868,2.6,0.19154335199999997,-200.12478335199867,-1.0658982462845739,0.8299271932128264,1.1299999999999955,96835.72676994407,96635.60198659207
META,2022-11-30 00:00:00-05:00,long,2022-11-30 10:09:00-05:00,109.733876,2022-11-30 11:08:00-05:00,110.46579600000001,time,220,109.06,111.08162799999998,0.6738759999999928,60,161.02240000000364,2.2,0.19441980096,158.62798019904366,1.069983607714215,0.4049893024803923,1.259999999999991,96635.60198659207,96794.22996679111
QQQ,2022-12-01 00:00:00-05:00,long,2022-12-01 09:46:00-05:00,288.46534,2022-12-01 10:07:00-05:00,287.23506000000003,stop,83,287.35,290.69602000000003,1.1153400000000033,22,-102.11323999999945,0.8300000000000001,0.19072407984,-103.13396407983944,-1.1140799043161633,1.2818984670627875,1.660000000000025,96794.22996679111,96691.09600271127
SPY,2022-12-01 00:00:00-05:00,long,2022-12-01 09:51:00-05:00,389.925908,2022-12-01 10:00:00-05:00,388.80941400000006,stop,61,388.96500000000003,391.8477239999999,0.9609079999999608,10,-68.10613399999585,0.61,0.189738994032,-68.90587299402785,-1.1755594451414475,1.2216662830680634,0.9899999999999523,96691.09600271127,96622.19012971724
NVDA,2022-12-01 00:00:00-05:00,long,2022-12-01 09:56:00-05:00,17.136851999999998,2022-12-01 10:07:00-05:00,16.928226000000002,stop,1409,16.935000000000002,17.540555999999988,0.20185199999999526,12,-293.9540339999934,14.09,0.19081496347200003,-308.23484896346537,-1.0837714058220898,0.8380418810343488,0.2699999999999996,96622.19012971724,96313.95528075378
AMZN,2022-12-01 00:00:00-05:00,short,2022-12-01 10:13:00-05:00,95.57175600000001,2022-12-01 10:59:00-05:00,96.63363799999999,stop,251,96.595,93.52526800000003,1.0232439999999912,47,-266.5323819999957,2.5100000000000002,0.19190808604800003,-269.2342900860437,-1.0482803456927108,0.775031065554218,1.2700000000000102,96313.95528075378,96044.72099066775
NVDA,2022-12-02 00:00:00-05:00,short,2022-12-02 09:48:00-05:00,16.513392,2022-12-02 10:47:00-05:00,16.606640000000002,time,1454,16.674999999999997,16.190176000000005,0.16160799999999753,60,-135.58259200000387,14.540000000000001,0.19208377574399998,-150.31467577574787,-0.6396967175882645,0.7378240242481325,0.19000000000000128,96044.72099066775,95894.406314892
META,2022-12-02 00:00:00-05:00,long,2022-12-02 09:56:00-05:00,119.01758799999999,2022-12-02 10:55:00-05:00,120.50178,time,201,117.69,121.67276399999997,1.3275879999999916,60,298.32259200000146,2.0100000000000002,0.19376686223999998,296.11882513776146,1.1097026982467577,0.5951775205582663,2.200000000000003,95894.406314892,96190.52514002976
AMZN,2022-12-02 00:00:00-05:00,short,2022-12-02 10:04:00-05:00,93.982392,2022-12-02 10:13:00-05:00,94.81791199999999,stop,255,94.78,92.38717600000001,0.7976079999999968,10,-213.05759999999702,2.5500000000000003,0.19172407968,-215.79932407967704,-1.0610122505491317,0.8295750597828708,1.1599999999999966,96190.52514002976,95974.72581595008
QQQ,2022-12-02 00:00:00-05:00,long,2022-12-02 10:13:00-05:00,284.033568,2022-12-02 11:12:00-05:00,283.28664,time,84,282.89,286.32070400000003,1.1435680000000161,60,-62.74195200000213,0.84,0.19036862207999997,-63.772320622082134,-0.6638820718313337,1.1871073179927958,1.6999999999999886,95974.72581595008,95910.953495328
SPY,2022-12-02 00:00:00-05:00,long,2022-12-02 10:14:00-05:00,385.154,2022-12-02 11:13:00-05:00,384.406176,time,62,383.675,388.11199999999997,1.478999999999985,60,-46.365087999998764,0.62,0.19066546329599998,-47.17575346329476,-0.5144687284705799,1.3098448726272378,1.8700000000000045,95910.953495328,95863.7777418647
AMZN,2022-12-05 00:00:00-05:00,long,2022-12-05 09:46:00-05:00,94.017592,2022-12-05 09:56:00-05:00,93.18021300000001,stop,254,93.2175,95.61777599999998,0.8000919999999923,11,-212.69426599999602,2.54,0.189342192816,-215.42360819281203,-1.0600336482604407,0.6336505695496853,1.115000000000009,95863.7777418647,95648.35413367189
META,2022-12-05 00:00:00-05:00,long,2022-12-05 09:49:00-05:00,122.84911999999998,2022-12-05 10:02:00-05:00,121.60633800000001,stop,194,121.655,125.23735999999995,1.1941199999999839,14,-241.09970799999553,1.94,0.18873303657600002,-243.22844103657152,-1.0499404169631141,0.6726710052888442,1.9300000000000068,95648.35413367189,95405.12569263532
SPY,2022-12-05 00:00:00-05:00,short,2022-12-05 09:54:00-05:00,384.14628000000005,2022-12-05 10:00:00-05:00,382.8619235360001,target,62,384.865,382.7088400000001,0.7187199999999621,7,79.63010076799549,0.62,0.19053655488000001,78.81956421311548,1.768815802760455,0.7093892257584958,1.0699999999999932,95405.12569263532,95483.94525684844
QQQ,2022-12-05 00:00:00-05:00,short,2022-12-05 10:01:00-05:00,283.25665200000003,2022-12-05 11:00:00-05:00,284.283668,time,84,284.43,280.9099560000001,1.1733479999999759,60,-86.2693439999955,0.84,0.19034847014400003,-87.2996924701395,-0.8857406781414958,0.6609446328516044,1.4600000000000364,95483.94525684844,95396.6455643783
NVDA,2022-12-05 00:00:00-05:00,long,2022-12-05 10:58:00-05:00,16.816723999999997,2022-12-05 11:57:00-05:00,16.753296000000002,time,1418,16.695,17.06017199999999,0.12172399999999683,60,-89.9409039999925,14.18,0.19004938982400002,-104.31095338981649,-0.6043346124675217,0.5540622218714388,0.18999999999999773,95396.6455643783,95292.33461098849
SPY,2022-12-06 00:00:00-05:00,short,2022-12-06 09:46:00-05:00,378.39858000000004,2022-12-06 10:45:00-05:00,377.130792,time,62,379.81,375.5757400000001,1.4114199999999641,60,78.60285600000327,0.62,0.18768569568,77.79517030432326,0.8890059736719648,0.7453750335547243,1.7799999999999727,95292.33461098849,95370.12978129281
QQQ,2022-12-06 00:00:00-05:00,short,2022-12-06 09:46:00-05:00,278.85841200000004,2022-12-06 10:41:00-05:00,276.27570209440006,target,85,280.20500000000004,276.16523600000005,1.346587999999997,56,219.53034197599862,0.85,0.18962372016,218.49071825583863,1.9088830721081649,0.7162068972174618,1.9699999999999704,95370.12978129281,95588.62049954865
NVDA,2022-12-06 00:00:00-05:00,short,2022-12-06 09:46:00-05:00,16.303476,2022-12-06 10:07:00-05:00,16.0568481712,target,1465,16.43,16.050428,0.12652399999999986,22,361.3097691920018,14.65,0.19107673871999997,346.4686924532818,1.869190042932578,0.47607857529113057,0.21999999999999886,95588.62049954865,95935.08919200193
META,2022-12-06 00:00:00-05:00,short,2022-12-06 09:46:00-05:00,115.613736,2022-12-06 10:45:00-05:00,114.155644,time,207,117.69,111.46120800000001,2.076263999999995,60,301.8250440000016,2.07,0.191456346816,299.5635876531856,0.6970053375254839,1.0053596590337341,3.6200000000000045,95935.08919200193,96234.65277965512
AMZN,2022-12-06 00:00:00-05:00,short,2022-12-06 09:51:00-05:00,90.01398,2022-12-06 10:07:00-05:00,88.93750077600002,target,267,90.57,88.90194000000002,0.5560199999999895,17,287.41995280799523,2.67,0.19226986128,284.5576829467152,1.916763987194709,0.8632652447865088,0.9400000000000119,96234.65277965512,96519.21046260184
QQQ,2022-12-07 00:00:00-05:00,short,2022-12-07 09:48:00-05:00,273.480564,2022-12-07 10:47:00-05:00,274.62980799999997,time,88,275.055,270.33169200000003,1.5744359999999915,60,-101.13347199999589,0.88,0.192530317056,-102.20600231705188,-0.7376812042610557,0.9407915298804141,2.3899999999999864,96519.21046260184,96417.00446028479
SPY,2022-12-07 00:00:00-05:00,short,2022-12-07 09:53:00-05:00,373.28062800000004,2022-12-07 10:04:00-05:00,375.084974,stop,64,374.935,369.9718840000001,1.6543719999999666,12,-115.47814399999697,0.64,0.191119681536,-116.30926368153297,-1.098502782339153,0.9978623065247791,2.590000000000032,96417.00446028479,96300.69519660326
AMZN,2022-12-07 00:00:00-05:00,short,2022-12-07 09:55:00-05:00,87.91482,2022-12-07 10:54:00-05:00,88.81051000000001,time,273,88.94,85.86446000000002,1.0251799999999918,60,-244.5233700000005,2.73,0.19200596688000002,-247.4453759668805,-0.8841309024366543,0.9038842091018658,1.9000000000000057,96300.69519660326,96053.24982063638
META,2022-12-07 00:00:00-05:00,short,2022-12-07 10:01:00-05:00,111.915216,2022-12-07 10:06:00-05:00,113.565408,stop,214,113.52000000000001,108.70564799999998,1.6047840000000093,6,-353.1410880000009,2.14,0.19159884979199998,-355.47268684979286,-1.0350846729080014,0.7221716435623408,2.700000000000003,96053.24982063638,95697.77713378659
NVDA,2022-12-08 00:00:00-05:00,short,2022-12-08 09:46:00-05:00,15.973608,2022-12-08 09:53:00-05:00,16.15646,stop,1497,16.15,15.620824000000004,0.1763919999999981,8,-273.729443999998,14.97,0.19129992940799997,-288.890743929406,-1.0940393490861307,0.7963327511627507,0.2799999999999976,95697.77713378659,95408.88638985717
SPY,2022-12-08 00:00:00-05:00,long,2022-12-08 09:56:00-05:00,376.440516,2022-12-08 10:55:00-05:00,377.578908,time,63,375.46,378.40154800000005,0.9805160000000228,60,71.71869600000065,0.63,0.19029976963200002,70.89839623036865,1.1477338143752718,0.8850912486297448,1.6399999999999864,95408.88638985717,95479.78478608755
AMZN,2022-12-08 00:00:00-05:00,long,2022-12-08 09:56:00-05:00,89.54080199999999,2022-12-08 10:55:00-05:00,90.38383200000001,time,266,88.645,91.33240599999996,0.8958019999999891,60,224.24598000000725,2.66,0.192336794496,221.39364320551127,0.929119302417317,0.7817366021642105,1.4699999999999989,95479.78478608755,95701.17842929305
QQQ,2022-12-08 00:00:00-05:00,long,2022-12-08 09:57:00-05:00,276.00035599999995,2022-12-08 10:56:00-05:00,277.458972,time,86,274.805,278.39106799999985,1.195355999999947,60,125.44097600000543,0.86,0.190891772736,124.39008422726944,1.210013023922687,0.7251299762563511,1.9700000000000273,95701.17842929305,95825.56851352032
SPY,2022-12-09 00:00:00-05:00,long,2022-12-09 09:46:00-05:00,377.620988,2022-12-09 09:51:00-05:00,376.06951200000003,stop,63,376.22,380.422964,1.400987999999984,6,-97.74298799999872,0.63,0.189539034048,-98.56252703404671,-1.1167008968642111,0.8104597926940942,2.2199999999999704,95825.56851352032,95727.00598648627
QQQ,2022-12-09 00:00:00-05:00,long,2022-12-09 09:46:00-05:00,277.701036,2022-12-09 09:51:00-05:00,276.274446,stop,86,276.385,280.333108,1.3160359999999969,6,-122.68673999999794,0.86,0.19007681884799998,-123.73681681884594,-1.0932833110705023,0.9086292461526768,2.1899999999999977,95727.00598648627,95603.26916966743
META,2022-12-09 00:00:00-05:00,long,2022-12-09 09:46:00-05:00,114.605824,2022-12-09 09:50:00-05:00,113.62453199999999,stop,208,113.66999999999999,116.47747200000002,0.9358240000000109,5,-204.10873600000218,2.08,0.18907122124799997,-206.3778072212502,-1.0602431613807715,0.4881291453558929,1.5799999999999983,95603.26916966743,95396.89136244619
NVDA,2022-12-09 00:00:00-05:00,long,2022-12-09 11:00:00-05:00,17.466984,2022-12-09 11:59:00-05:00,17.463012,time,1365,17.21,17.980952,0.2569839999999992,60,-5.4217800000013305,13.65,0.19069609104,-19.262476091041332,-0.054912773153196384,1.2931880030441838,0.3999999999999986,95396.89136244619,95377.62888635515
SPY,2022-12-12 00:00:00-05:00,long,2022-12-12 09:59:00-05:00,375.740236,2022-12-12 10:16:00-05:00,374.859996,stop,63,375.01,377.20070799999996,0.7302359999999908,18,-55.45511999999735,0.63,0.188929437984,-56.274049437981354,-1.2232194522975712,0.825894947421719,1.1399999999999864,95377.62888635515,95321.35483691716
NVDA,2022-12-12 00:00:00-05:00,long,2022-12-12 10:04:00-05:00,17.116844,2022-12-12 11:03:00-05:00,17.09316,time,1392,16.925,17.500532,0.19184399999999968,60,-32.968127999999126,13.92,0.19034942976,-47.078477429759126,-0.1762929530243293,0.7513157613296498,0.3299999999999983,95321.35483691716,95274.2763594874
META,2022-12-12 00:00:00-05:00,short,2022-12-12 10:15:00-05:00,112.9548,2022-12-12 11:14:00-05:00,113.11522799999999,time,210,113.875,111.11440000000002,0.9201999999999941,60,-33.68987999999618,2.1,0.189764064,-35.97964406399618,-0.18618956574655826,0.44635402337389896,1.6699999999999875,95274.2763594874,95238.2967154234
AMZN,2022-12-12 00:00:00-05:00,short,2022-12-12 10:31:00-05:00,88.284672,2022-12-12 11:30:00-05:00,88.66045,time,269,88.95505,86.943916,0.6703779999999995,60,-101.08428199999915,2.69,0.18998861414399998,-103.96427061414315,-0.5765169462243647,0.5300005928575576,1.0899,95238.2967154234,95134.33244480926
QQQ,2022-12-12 00:00:00-05:00,short,2022-12-12 10:50:00-05:00,274.979964,2022-12-12 11:03:00-05:00,275.90531799999997,stop,86,275.79499999999996,273.34989200000007,0.8150359999999637,14,-79.58044399999744,0.86,0.18918621523199997,-80.62963021522944,-1.150321997693368,0.8311018049005672,1.329999999999984,95134.33244480926,95053.70281459403
META,2022-12-13 00:00:00-05:00,long,2022-12-13 09:46:00-05:00,121.918748,2022-12-13 10:05:00-05:00,120.416814,stop,194,120.465,124.82624399999997,1.4537479999999903,20,-291.37519599999837,1.94,0.186886895328,-293.50208289532634,-1.0406874743848327,1.300888552726878,2.3900000000000006,95053.70281459403,94760.2007316987
AMZN,2022-12-13 00:00:00-05:00,short,2022-12-13 10:06:00-05:00,94.102344,2022-12-13 11:05:00-05:00,93.392342,time,251,95.31,91.687032,1.207656,60,178.21050200000073,2.5100000000000002,0.18895750675200002,175.51154449324875,0.5790135446252931,1.677297060211959,1.8799999999999955,94760.2007316987,94935.71227619195
SPY,2022-12-13 00:00:00-05:00,short,2022-12-13 10:08:00-05:00,387.185064,2022-12-13 11:07:00-05:00,384.813864,time,61,389.22,383.115192,2.034936000000016,60,144.64319999999924,0.61,0.188946311232,143.84425368876722,1.1588091809707866,2.041891097473527,2.9399999999999977,94935.71227619195,95079.55652988072
QQQ,2022-12-13 00:00:00-05:00,short,2022-12-13 10:08:00-05:00,286.825224,2022-12-13 11:07:00-05:00,285.08398800000003,time,82,288.85,282.77567199999993,2.024776000000031,60,142.78135199999656,0.8200000000000001,0.188157346944,141.77319465305257,0.8538926766259238,1.8298051941334468,2.740000000000009,95079.55652988072,95221.32972453377
NVDA,2022-12-13 00:00:00-05:00,short,2022-12-13 10:17:00-05:00,18.2427,2022-12-13 11:16:00-05:00,18.247296,time,1304,18.495,17.738099999999996,0.25230000000000175,60,-5.993183999999189,13.040000000000001,0.19030784639999998,-19.223491846399188,-0.05843020848196305,1.7782363470533906,0.46999999999999886,95221.32972453377,95202.10623268738
AMZN,2022-12-14 00:00:00-05:00,short,2022-12-14 09:46:00-05:00,92.383032,2022-12-14 10:02:00-05:00,92.97712598000001,stop,257,92.93995000000001,91.26919599999998,0.5569180000000102,17,-152.68215286000282,2.57,0.189939513792,-155.44209237379482,-1.0860360847665185,0.5439695383472216,0.8799000000000063,95202.10623268738,95046.66414031359
SPY,2022-12-14 00:00:00-05:00,long,2022-12-14 09:51:00-05:00,384.033552,2022-12-14 10:50:00-05:00,384.676068,time,61,383.04499999999996,386.01065600000004,0.988552000000027,60,39.19347600000003,0.61,0.187721921184,38.39575407881603,0.6367278519045871,0.8233478474727479,1.670000000000016,95046.66414031359,95085.0598943924
QQQ,2022-12-14 00:00:00-05:00,long,2022-12-14 09:58:00-05:00,283.473344,2022-12-14 10:57:00-05:00,283.626504,time,83,282.46000000000004,285.5000319999999,1.013343999999961,60,12.712280000001158,0.8300000000000001,0.188327998656,11.693952001345158,0.1390356956453281,0.6216189759493695,1.7199999999999704,95085.0598943924,95096.75384639374
META,2022-12-14 00:00:00-05:00,long,2022-12-14 10:07:00-05:00,120.388136,2022-12-14 11:06:00-05:00,121.431408,time,197,119.32,122.52440800000002,1.0681360000000097,60,205.52458400000035,1.97,0.191375899008,203.36320810099235,0.9664504789053008,0.5990788988682304,1.980000000000004,95096.75384639374,95300.11705449472
NVDA,2022-12-14 00:00:00-05:00,long,2022-12-14 10:08:00-05:00,18.207279999999997,2022-12-14 10:55:00-05:00,17.967810000000004,stop,1308,17.975,18.67183999999999,0.23227999999999582,48,-313.22675999999166,13.08,0.18801516384000005,-326.49477516383166,-1.0746243433786729,0.8660233189988584,0.33000000000000185,95300.11705449472,94973.6222793309
NVDA,2022-12-15 00:00:00-05:00,short,2022-12-15 09:47:00-05:00,16.983204,2022-12-15 10:46:00-05:00,16.796716,time,1398,17.145000000000003,16.659611999999996,0.1617960000000025,60,260.7102240000009,13.98,0.189940153536,246.5402838464649,1.0899659717669035,0.8838892311347882,0.2699999999999996,94973.6222793309,95220.16256317736
SPY,2022-12-15 00:00:00-05:00,short,2022-12-15 09:49:00-05:00,373.990344,2022-12-15 10:04:00-05:00,371.74967241279995,target,63,375.185,371.601032,1.194656000000009,16,141.16230999360255,0.63,0.188491133376,140.34381886022655,1.8647038682667008,1.4883980370372354,2.009999999999991,95220.16256317736,95360.5063820376
QQQ,2022-12-15 00:00:00-05:00,short,2022-12-15 09:49:00-05:00,274.31023200000004,2022-12-15 10:48:00-05:00,272.96914400000003,time,86,275.56,271.8106960000001,1.2497679999999605,60,115.33356800000115,0.86,0.188725439616,114.28484256038516,1.0633121652531154,1.0471655087131504,2.240000000000009,95360.5063820376,95474.79122459798
AMZN,2022-12-15 00:00:00-05:00,short,2022-12-15 10:50:00-05:00,88.534572,2022-12-15 11:49:00-05:00,87.575016,time,269,89.33500000000001,86.93371599999998,0.8004280000000108,60,258.1205639999979,2.69,0.19052639894399997,255.2400376010539,1.1854254516633345,1.0121643040814485,1.269999999999996,95474.79122459798,95730.03126219903
META,2022-12-15 00:00:00-05:00,short,2022-12-15 10:58:00-05:00,115.09394400000001,2022-12-15 11:57:00-05:00,114.64583999999999,time,207,116.41,112.46183200000003,1.316055999999989,60,92.75752800000309,2.07,0.19059557126399998,90.4969324287391,0.33219198001302275,1.1270470675387467,2.3599999999999994,95730.03126219903,95820.52819462777
SPY,2022-12-16 00:00:00-05:00,long,2022-12-16 09:50:00-05:00,369.627792,2022-12-16 10:00:00-05:00,368.237646,stop,64,368.385,372.113376,1.2427920000000086,11,-88.969344000001,0.64,0.18853767475199998,-89.797881674753,-1.1289836924988301,1.584309225096906,1.4499999999999886,95820.52819462777,95730.73031295302
QQQ,2022-12-16 00:00:00-05:00,long,2022-12-16 09:50:00-05:00,271.588592,2022-12-16 10:00:00-05:00,270.031944,stop,88,270.14,274.48577600000004,1.4485920000000192,11,-136.9850239999996,0.88,0.19010248857599998,-138.0551264885756,-1.0829883469962382,1.100722187631385,1.2200000000000273,95730.73031295302,95592.67518646445
NVDA,2022-12-16 00:00:00-05:00,long,2022-12-16 09:50:00-05:00,16.986792,2022-12-16 10:00:00-05:00,16.833264,stop,1406,16.84,17.280376000000004,0.14679200000000137,11,-215.86036800000204,14.06,0.189340553472,-230.10970855347404,-1.1149290568423342,1.7957468136354118,0.240000000000002,95592.67518646445,95362.56547791098
META,2022-12-16 00:00:00-05:00,long,2022-12-16 09:50:00-05:00,121.318508,2022-12-16 10:27:00-05:00,119.682108,stop,196,119.72999999999999,124.495524,1.5885080000000045,38,-320.73439999999897,1.96,0.187661545344,-322.88206154534294,-1.037047000621961,3.713144805771088,2.6799999999999926,95362.56547791098,95039.68341636563
AMZN,2022-12-16 00:00:00-05:00,long,2022-12-16 09:50:00-05:00,89.375736,2022-12-16 10:00:00-05:00,88.60204499999999,stop,265,88.63749999999999,90.85220800000003,0.7382360000000148,11,-205.02811500000362,2.65,0.18783633539999997,-207.86595133540362,-1.0625325998190251,2.8983505402638747,1.1350000000000051,95039.68341636563,94831.81746503022
SPY,2022-12-19 00:00:00-05:00,short,2022-12-19 09:48:00-05:00,365.40378000000004,2022-12-19 10:21:00-05:00,366.59658,stop,64,366.45000000000005,363.31134000000003,1.0462200000000053,34,-76.33919999999853,0.64,0.18708673536,-77.16628673535853,-1.152456682380351,0.8489680813354136,1.079999999999984,94831.81746503022,94754.65117829487
QQQ,2022-12-19 00:00:00-05:00,short,2022-12-19 09:48:00-05:00,266.473368,2022-12-19 10:47:00-05:00,266.20644,time,88,267.595,264.2301039999999,1.1216320000000337,60,23.48966400000063,0.88,0.18759725107199998,22.422066748928632,0.2271656060597411,0.7547171185812735,1.75,94754.65117829487,94777.0732450438
NVDA,2022-12-19 00:00:00-05:00,short,2022-12-19 09:48:00-05:00,16.19352,2022-12-19 10:47:00-05:00,16.226488,time,1463,16.4,15.780560000000001,0.2064799999999991,60,-48.23218400000049,14.63,0.18952895807999998,-63.051712958080486,-0.20872504920573673,0.6207514715145536,0.33999999999999986,94777.0732450438,94714.02153208571
AMZN,2022-12-19 00:00:00-05:00,short,2022-12-19 09:59:00-05:00,86.65522404,2022-12-19 10:58:00-05:00,86.08442,time,273,87.175,85.61567211999999,0.519775960000004,60,155.82950291999964,2.73,0.18925500930335998,152.91024791069628,1.0776004304001947,0.6683289278552313,0.9099999999999966,94714.02153208571,94866.9317799964
META,2022-12-19 00:00:00-05:00,short,2022-12-19 10:06:00-05:00,114.82405200000001,2022-12-19 11:05:00-05:00,114.86592799999998,time,206,115.845,112.78215600000003,1.02094799999999,60,-8.626455999994562,2.06,0.189230037696,-10.875686037690562,-0.051711343198648826,0.90629885934543,1.8499999999999943,94866.9317799964,94856.05609395872
SPY,2022-12-20 00:00:00-05:00,short,2022-12-20 09:46:00-05:00,361.6053,2022-12-20 09:56:00-05:00,362.634996,stop,65,362.49,359.8359,0.8847000000000094,11,-66.93024000000008,0.65,0.188034756,-67.76827475600008,-1.1784659685769077,0.8623909222323021,1.3999999999999773,94856.05609395872,94788.28781920271
QQQ,2022-12-20 00:00:00-05:00,short,2022-12-20 09:46:00-05:00,261.81523200000004,2022-12-20 09:55:00-05:00,262.90512,stop,90,262.8,259.8456960000001,0.9847679999999741,10,-98.08991999999762,0.9,0.18850696704,-99.17842696703762,-1.1190275494898316,0.8812676851248953,1.6000000000000227,94788.28781920271,94689.10939223568
NVDA,2022-12-20 00:00:00-05:00,short,2022-12-20 09:47:00-05:00,15.813672,2022-12-20 09:55:00-05:00,16.031409999999997,stop,1496,16.025,15.391016000000004,0.21132799999999818,9,-325.73604799999566,14.96,0.189258026496,-340.88530602649166,-1.0782504418534176,0.8670756777848568,0.2699999999999996,94689.10939223568,94348.22408620919
META,2022-12-20 00:00:00-05:00,short,2022-12-20 09:47:00-05:00,111.71529600000001,2022-12-20 09:56:00-05:00,112.479974,stop,211,112.435,110.27588800000002,0.719703999999993,10,-161.34705799999773,2.11,0.188575419648,-163.64563341964575,-1.0776259717439347,0.597247091490267,1.1500000000000057,94348.22408620919,94184.57845278954
AMZN,2022-12-20 00:00:00-05:00,short,2022-12-20 09:47:00-05:00,84.36624,2022-12-20 09:56:00-05:00,85.08567065999999,stop,279,85.05165,82.99542000000002,0.6854099999999903,10,-200.72115413999614,2.79,0.18830544768000002,-203.69945958767613,-1.0652100055733014,1.015940026403869,1.1432999999999964,94184.57845278954,93980.87899320187
NVDA,2022-12-21 00:00:00-05:00,long,2022-12-21 09:46:00-05:00,16.396556,2022-12-21 10:45:00-05:00,16.483404,time,1432,16.2,16.789668000000002,0.19655600000000106,60,124.36633599999973,14.32,0.188833876224,109.85750212377575,0.3903016583976038,0.79286334127814,0.259999999999998,93980.87899320187,94090.73649532565
META,2022-12-21 00:00:00-05:00,long,2022-12-21 09:46:00-05:00,116.966768,2022-12-21 10:45:00-05:00,118.10274000000001,time,201,115.595,119.71030400000001,1.371768000000003,60,228.33037200000192,2.0100000000000002,0.18990920592,226.13046279408192,0.8201293353395087,0.5565233693643801,1.9699999999999989,94090.73649532565,94316.86695811973
SPY,2022-12-21 00:00:00-05:00,long,2022-12-21 09:47:00-05:00,366.866688,2022-12-21 09:55:00-05:00,366.15347999999994,stop,64,366.29999999999995,368.0000640000001,0.566688000000056,9,-45.645312000004196,0.64,0.18747058175999998,-46.4727825817642,-1.2813703975379642,0.8290835968944023,0.8000000000000114,94316.86695811973,94270.39417553796
QQQ,2022-12-21 00:00:00-05:00,long,2022-12-21 09:47:00-05:00,265.836292,2022-12-21 10:32:00-05:00,267.33190044960014,target,88,265.03499999999997,267.4388760000001,0.8012920000000463,46,131.61354356481115,0.88,0.1882016579165185,130.54534190689463,1.8513473170784736,0.9751794656297547,1.3900000000000432,94270.39417553796,94400.93951744486
AMZN,2022-12-21 00:00:00-05:00,long,2022-12-21 10:09:00-05:00,86.41455199999999,2022-12-21 11:08:00-05:00,86.76528,time,273,85.75,87.74365599999996,0.6645519999999863,60,95.74874400000489,2.73,0.18949537152,92.82924862848489,0.5116738460798026,0.807085215546812,1.0800000000000125,94400.93951744486,94493.76876607335
SPY,2022-12-22 00:00:00-05:00,short,2022-12-22 09:46:00-05:00,364.13428799999997,2022-12-22 10:45:00-05:00,362.685016,time,64,365.475,361.45286399999986,1.3407120000000532,60,92.75340799999685,0.64,0.18643675545599997,91.92697124454085,1.071340396517592,1.018189565026471,2.170000000000016,94493.76876607335,94585.69573731789
QQQ,2022-12-22 00:00:00-05:00,short,2022-12-22 09:46:00-05:00,262.31503200000003,2022-12-22 10:45:00-05:00,260.424128,time,90,263.89,259.1650960000001,1.5749679999999557,60,170.1813600000031,0.9,0.18886682304000002,169.0924931769631,1.1929166051272706,0.9544014267557612,2.420000000000016,94585.69573731789,94754.78823049486
NVDA,2022-12-22 00:00:00-05:00,short,2022-12-22 09:46:00-05:00,15.673728,2022-12-22 10:45:00-05:00,15.356139999999998,time,1511,15.91,15.201184000000001,0.2362719999999996,60,479.87546800000365,15.11,0.18946402406399998,464.5760039759396,1.3013078577910329,1.0544868560161853,0.3800000000000008,94754.78823049486,95219.36423447079
META,2022-12-22 00:00:00-05:00,short,2022-12-22 09:46:00-05:00,115.223892,2022-12-22 10:45:00-05:00,114.975972,time,206,116.455,112.76167600000002,1.2311079999999919,60,51.071520000001584,2.06,0.18988897401600002,48.82163102598558,0.19250805685935696,0.568848074359379,2.2700000000000102,95219.36423447079,95268.18586549678
AMZN,2022-12-22 00:00:00-05:00,short,2022-12-22 10:12:00-05:00,84.47619600000002,2022-12-22 11:11:00-05:00,83.92355599999999,time,281,85.11500000000001,83.19858800000003,0.6388039999999933,60,155.29184000000706,2.81,0.18990248860800005,152.29193751139906,0.8484045034659,0.8013814016935572,1.1300000000000097,95268.18586549678,95420.47780300818
META,2022-12-23 00:00:00-05:00,short,2022-12-23 09:52:00-05:00,114.81405600000001,2022-12-23 10:10:00-05:00,115.851322,stop,207,115.805,112.83216800000001,0.9909439999999989,19,-214.71406199999757,2.07,0.19013207673600002,-216.97419407673357,-1.0577636197887967,0.5676923395507553,1.769999999999996,95420.47780300818,95203.50360893145
SPY,2022-12-23 00:00:00-05:00,short,2022-12-23 09:56:00-05:00,361.33540800000003,2022-12-23 10:00:00-05:00,363.28525599999995,stop,65,363.14,357.7262240000001,1.804591999999957,5,-126.74011999999465,0.65,0.18789441216,-127.57801441215466,-1.0876357000717973,0.932084148511108,2.819999999999993,95203.50360893145,95075.9255945193
QQQ,2022-12-23 00:00:00-05:00,short,2022-12-23 09:56:00-05:00,258.316632,2022-12-23 10:00:00-05:00,260.00395999999995,stop,92,259.9,255.14989600000013,1.5833679999999504,5,-155.23417599999289,0.92,0.19012104115200001,-156.34429704114487,-1.0732783112049604,0.9349393120632642,2.9599999999999795,95075.9255945193,94919.58129747816
AMZN,2022-12-23 00:00:00-05:00,long,2022-12-23 10:22:00-05:00,84.25378804,2022-12-23 11:21:00-05:00,84.29097012000001,time,281,83.56219999999999,85.63696412000003,0.6915880400000134,60,10.448164480002248,2.81,0.18948610082976,7.448678379172487,0.03832881817772252,0.7316358078319709,1.2556000000000012,94919.58129747816,94927.02997585732
NVDA,2022-12-23 00:00:00-05:00,long,2022-12-23 10:39:00-05:00,15.286112,2022-12-23 10:50:00-05:00,15.048978,stop,1552,15.055,15.748335999999998,0.23111199999999954,12,-368.03196799999887,15.52,0.18684811084800002,-383.73881611084687,-1.0698466190591565,0.9147459404373834,0.41000000000000014,94927.02997585732,94543.29115974647
SPY,2022-12-27 00:00:00-05:00,short,2022-12-27 09:46:00-05:00,363.524532,2022-12-27 10:18:00-05:00,365.3110659999999,stop,65,365.16499999999996,360.24359600000014,1.6404679999999416,33,-116.12470999999374,0.65,0.18903275664,-116.96374275663375,-1.0969078313359162,0.7617306580739827,2.089999999999975,94543.29115974647,94426.32741698984
QQQ,2022-12-27 00:00:00-05:00,short,2022-12-27 09:46:00-05:00,258.156696,2022-12-27 10:21:00-05:00,260.23905399999995,stop,91,260.135,254.20008800000005,1.97830399999998,36,-189.49457799999476,0.91,0.187938074688,-190.59251607468275,-1.0586963649509697,0.8534447078197857,2.75,94426.32741698984,94235.73490091515
NVDA,2022-12-27 00:00:00-05:00,short,2022-12-27 09:46:00-05:00,14.44422,2022-12-27 10:21:00-05:00,14.78091,stop,1424,14.775,13.782659999999998,0.33078000000000074,36,-479.44656000000117,14.24,0.16454855423999998,-493.8511085542412,-1.0484477712074491,0.9910005310542239,0.5899999999999999,94235.73490091515,93741.88379236091
META,2022-12-27 00:00:00-05:00,short,2022-12-27 09:46:00-05:00,115.40382000000001,2022-12-27 10:21:00-05:00,116.451562,stop,203,116.405,113.40146000000003,1.0011799999999909,36,-212.69162599999703,2.0300000000000002,0.18741580368,-214.90904180367704,-1.0574174779360306,0.5906946416711363,1.6899999999999977,93741.88379236091,93526.97475055723
AMZN,2022-12-27 00:00:00-05:00,short,2022-12-27 09:46:00-05:00,83.29167000000001,2022-12-27 10:21:00-05:00,84.603828,stop,280,84.57,80.73501000000005,1.2783299999999826,36,-367.40423999999507,2.8000000000000003,0.18657334080000001,-370.3908133407951,-1.034806609686075,0.6685878501306749,1.559999999999988,93526.97475055723,93156.58393721643
AMZN,2022-12-28 00:00:00-05:00,long,2022-12-28 10:17:00-05:00,83.48307988,2022-12-28 10:30:00-05:00,82.70190600000002,stop,278,82.73500000000001,84.97923963999999,0.7480798799999917,14,-217.16633863999527,2.7800000000000002,0.18392903894400006,-220.13026767893928,-1.0584905655369208,0.8577273020952562,1.3900000000000006,93156.58393721643,92936.4536695375
SPY,2022-12-28 00:00:00-05:00,short,2022-12-28 10:31:00-05:00,363.624492,2022-12-28 11:30:00-05:00,362.634996,time,63,365.25,360.3734759999999,1.6255080000000248,60,62.33824799999837,0.63,0.183266743968,61.52498125603037,0.6007888020630838,0.6805582405575399,2.6399999999999864,92936.4536695375,92997.97865079354
QQQ,2022-12-28 00:00:00-05:00,short,2022-12-28 10:56:00-05:00,256.81723200000005,2022-12-28 11:55:00-05:00,255.472148,time,90,258.56,253.33169600000014,1.7427679999999555,60,121.05756000000383,0.9,0.18490840704,119.97265159296383,0.7648920924323126,1.004243743196157,3.17999999999995,92997.97865079354,93117.9513023865
META,2022-12-29 00:00:00-05:00,long,2022-12-29 09:47:00-05:00,117.11682799999998,2022-12-29 10:46:00-05:00,118.93240800000001,time,198,115.885,119.58048399999994,1.2318279999999788,60,359.4848400000051,1.98,0.188388934272,357.3164510657331,1.4650004227343887,0.6118408537146471,2.25,93117.9513023865,93475.26775345224
NVDA,2022-12-29 00:00:00-05:00,long,2022-12-29 09:48:00-05:00,14.475788,2022-12-29 10:47:00-05:00,14.464212000000002,time,1614,14.315,14.797364,0.16078800000000015,60,-18.683663999996824,16.14,0.18676190534400003,-35.010425905340824,-0.13490878483467678,0.9792766679370732,0.23000000000000043,93475.26775345224,93440.25732754689
AMZN,2022-12-29 00:00:00-05:00,long,2022-12-29 09:51:00-05:00,83.56841399999999,2022-12-29 10:50:00-05:00,83.66152199999999,time,279,83.005,84.69524199999998,0.5634139999999945,60,25.97713200000024,2.79,0.18673251710399996,23.00039948289624,0.146319949138647,0.7435132303997993,0.9099999999999966,93440.25732754689,93463.25772702979
SPY,2022-12-29 00:00:00-05:00,long,2022-12-29 09:59:00-05:00,365.156004,2022-12-29 10:58:00-05:00,366.233448,time,63,363.65,368.16801200000003,1.5060040000000186,60,67.87897200000089,0.63,0.184581657792,67.0643903422089,0.7068468160881386,0.9488040610038176,2.400000000000034,93463.25772702979,93530.322117372
QQQ,2022-12-29 00:00:00-05:00,long,2022-12-29 09:59:00-05:00,259.783872,2022-12-29 10:58:00-05:00,261.085524,time,90,258.33000000000004,262.69161599999984,1.453871999999933,60,117.14868000000422,0.9,0.18798157728,116.06069842272422,0.886985453883221,1.0983627441127912,2.660000000000025,93530.322117372,93646.38281579471
SPY,2022-12-30 00:00:00-05:00,short,2022-12-30 09:48:00-05:00,363.02473200000003,2022-12-30 10:18:00-05:00,364.29065799999995,stop,64,364.145,360.7841960000001,1.1202679999999532,31,-81.01926399999502,0.64,0.185868662784,-81.84513266277902,-1.1415395225570806,0.758642462217716,1.4699999999999704,93646.38281579471,93564.53768313193
QQQ,2022-12-30 00:00:00-05:00,short,2022-12-30 09:49:00-05:00,257.107116,2022-12-30 09:59:00-05:00,258.54837799999996,stop,90,258.445,254.43134800000007,1.337883999999974,11,-129.7135799999944,0.9,0.18511712352,-130.79869712351442,-1.0862816633788626,0.8449683497182413,1.490000000000009,93564.53768313193,93433.73898600842
AMZN,2022-12-30 00:00:00-05:00,short,2022-12-30 09:49:00-05:00,82.58695200000001,2022-12-30 10:25:00-05:00,83.10322799999999,stop,282,83.07,81.62085600000005,0.4830479999999824,37,-145.58983199999335,2.82,0.18631616371200002,-148.59614816370535,-1.0908578352793008,0.6106124631981643,0.6600000000000108,93433.73898600842,93285.14283784472
NVDA,2022-12-30 00:00:00-05:00,long,2022-12-30 10:50:00-05:00,14.445775999999999,2022-12-30 11:49:00-05:00,14.394240000000002,time,1614,14.309999999999999,14.717327999999998,0.1357759999999999,60,-83.17910399999502,16.14,0.18585842688,-99.50496242687503,-0.4540651802969373,0.8753483538110782,0.22000000000000064,93285.14283784472,93185.63787541784
SPY,2023-01-03 00:00:00-05:00,short,2023-01-03 09:49:00-05:00,366.113496,2023-01-03 10:48:00-05:00,364.875892,time,63,368.125,362.090488,2.011504000000002,60,77.9690519999985,0.63,0.184521201984,77.1545307980145,0.6088355240814709,1.1431731624509645,2.7100000000000364,93185.63787541784,93262.79240621586
QQQ,2023-01-03 00:00:00-05:00,short,2023-01-03 09:49:00-05:00,261.80523600000004,2023-01-03 10:31:00-05:00,258.56909428320006,target,89,263.475,258.46570800000006,1.6697639999999865,43,288.016612795198,0.89,0.18640532803200002,286.94020746716603,1.9308400917207487,0.9716137496133552,2.5500000000000114,93262.79240621586,93549.73261368302
NVDA,2023-01-03 00:00:00-05:00,short,2023-01-03 09:53:00-05:00,14.604156,2023-01-03 10:33:00-05:00,14.198144987199997,target,1601,14.81,14.192467999999998,0.2058440000000008,41,650.0236314928037,16.01,0.18705003004799997,633.8265814627557,1.9232728646547907,1.0848122978535795,0.3000000000000007,93549.73261368302,94183.55919514578
AMZN,2023-01-03 00:00:00-05:00,short,2023-01-03 10:03:00-05:00,85.13593200000001,2023-01-03 11:02:00-05:00,85.364132,time,276,86.08,83.24779600000004,0.9440679999999873,60,-62.98319999999637,2.7600000000000002,0.187980137856,-65.93118013785238,-0.25303377241468844,1.170041117280965,1.759999999999991,94183.55919514578,94117.62801500793
META,2023-01-03 00:00:00-05:00,short,2023-01-03 10:05:00-05:00,121.35144000000001,2023-01-03 11:00:00-05:00,123.514386,stop,193,123.465,117.12432000000003,2.1135599999999926,56,-417.44857799999824,1.93,0.18736662336,-419.56594462335823,-1.028556942561365,1.437396146731694,3.6099999999999994,94117.62801500793,93698.06207038456
QQQ,2023-01-04 00:00:00-05:00,short,2023-01-04 10:01:00-05:00,259.11631200000005,2023-01-04 10:02:00-05:00,260.68423199999995,stop,90,260.58,256.1889360000002,1.4636879999999337,2,-141.11279999999113,0.9,0.18656374464000003,-142.19936374463114,-1.0794601926749232,0.9633679667051821,2.0,93698.06207038456,93555.86270663993
NVDA,2023-01-04 00:00:00-05:00,short,2023-01-04 10:01:00-05:00,14.434224,2023-01-04 11:00:00-05:00,14.335732,time,1620,14.614999999999998,14.072672000000004,0.18077599999999805,60,159.5570400000004,16.2,0.18706754304,143.1699724569604,0.48887311483825957,1.241022319570333,0.33000000000000007,93555.86270663993,93699.0326790969
META,2023-01-04 00:00:00-05:00,short,2023-01-04 10:01:00-05:00,125.159916,2023-01-04 11:00:00-05:00,125.970368,time,187,126.69,122.09974799999999,1.5300840000000022,60,-151.55452399999962,1.87,0.18723923433599998,-153.61176323433563,-0.5368680930772407,1.4430956030686322,2.480000000000004,93699.0326790969,93545.42091586256
SPY,2023-01-04 00:00:00-05:00,short,2023-01-04 10:05:00-05:00,364.524132,2023-01-04 11:00:00-05:00,366.381494,stop,64,366.235,361.102396,1.710868000000005,56,-118.87116799999785,0.64,0.186636355584,-119.69780435558185,-1.0931750392525672,1.03808874655365,2.170000000000016,93545.42091586256,93425.72311150697
AMZN,2023-01-04 00:00:00-05:00,short,2023-01-04 10:05:00-05:00,83.95400496,2023-01-04 11:04:00-05:00,84.86393199999999,time,278,85.5922,80.67761488000001,1.6381950399999994,60,-252.9597171199959,2.7800000000000002,0.18671370703104,-255.92643082702693,-0.5619591376858677,1.0369892586317127,2.775599999999997,93425.72311150697,93169.79668067995
SPY,2023-01-05 00:00:00-05:00,short,2023-01-05 09:47:00-05:00,362.275032,2023-01-05 09:58:00-05:00,363.910506,stop,64,363.765,359.29509600000006,1.4899679999999762,12,-104.67033599999922,0.64,0.185484816384,-105.49582081638323,-1.1063138270459596,1.3203528276639422,2.509999999999991,93169.79668067995,93064.30085986356
AMZN,2023-01-05 00:00:00-05:00,short,2023-01-05 09:47:00-05:00,84.00638400000001,2023-01-05 10:46:00-05:00,83.73428032,time,276,84.75,82.51915200000003,0.7436159999999887,60,75.10061568000413,2.7600000000000002,0.18548609587200002,72.15512958413213,0.3515680525002406,0.7780135206127132,1.3400000000000034,93064.30085986356,93136.4559894477
NVDA,2023-01-05 00:00:00-05:00,short,2023-01-05 10:18:00-05:00,14.234304000000002,2023-01-05 11:17:00-05:00,14.195675999999999,time,1635,14.39,13.922912000000004,0.15569599999999895,60,63.15678000000453,16.35,0.18618469632,46.62059530368453,0.18313974391123064,0.6936387307242493,0.27999999999999936,93136.4559894477,93183.07658475138
META,2023-01-05 00:00:00-05:00,short,2023-01-05 10:36:00-05:00,123.50058,2023-01-05 11:13:00-05:00,124.51978799999999,stop,188,124.47,121.56174,0.9694199999999995,38,-191.61110399999848,1.8800000000000001,0.18574487231999998,-193.67684887231846,-1.062693161519251,0.7147233641188347,1.7800000000000011,93183.07658475138,92989.39973587907
NVDA,2023-01-06 00:00:00-05:00,short,2023-01-06 09:46:00-05:00,14.014392,2023-01-06 10:12:00-05:00,14.2557,stop,1658,14.25,13.543176000000003,0.23560799999999915,27,-400.0886639999972,16.580000000000002,0.185886895488,-416.8545508954852,-1.0671119619707277,0.9161850776138508,0.4200000000000017,92989.39973587907,92572.54518498358
META,2023-01-06 00:00:00-05:00,short,2023-01-06 09:46:00-05:00,125.04996,2023-01-06 10:02:00-05:00,126.72567,stop,185,126.675,121.79988,1.6250399999999985,17,-310.0063499999991,1.85,0.1850739408,-312.0414239407991,-1.0379500810318496,0.84684482175093,3.0900000000000034,92572.54518498358,92260.50376104278
AMZN,2023-01-06 00:00:00-05:00,long,2023-01-06 10:18:00-05:00,83.46317192,2023-01-06 11:17:00-05:00,83.821458,time,276,82.285,85.81951575999999,1.178171919999997,60,98.8869580800037,2.7600000000000002,0.18507777926400001,95.94188030073968,0.2950465058919536,1.334762971536116,1.6899999999999977,92260.50376104278,92356.44564134353
SPY,2023-01-06 00:00:00-05:00,long,2023-01-06 10:37:00-05:00,367.576972,2023-01-06 11:36:00-05:00,368.532528,time,62,365.015,372.70091600000006,2.5619720000000257,60,59.24447200000009,0.62,0.182792133888,58.44167986611209,0.36792273286983307,1.3149303461171031,4.2099999999999795,92356.44564134353,92414.88732120964
QQQ,2023-01-06 00:00:00-05:00,long,2023-01-06 10:38:00-05:00,259.75386,2023-01-06 11:37:00-05:00,260.385804,time,88,257.36,264.5415799999999,2.393859999999961,60,55.61107200000288,0.88,0.183311606016,54.54776039398688,0.2589378299349347,1.2730754327019573,3.9399999999999977,92414.88732120964,92469.43508160362
QQQ,2023-01-09 00:00:00-05:00,long,2023-01-09 09:46:00-05:00,266.836692,2023-01-09 10:35:00-05:00,268.56260796960015,target,86,265.91999999999996,268.67007600000017,0.9166920000000687,50,148.4287733856106,0.86,0.18477107428308487,147.38400231132752,1.8695128448118215,1.1269171588931015,1.2199999999999704,92469.43508160362,92616.81908391495
NVDA,2023-01-09 00:00:00-05:00,long,2023-01-09 09:46:00-05:00,15.416164,2023-01-09 10:01:00-05:00,15.752188603199999,target,1501,15.245000000000001,15.758491999999999,0.1711639999999992,16,504.37292940319776,15.01,0.1891522807472256,489.17377712245053,1.9040136108712953,0.9866534978159822,0.27000000000000135,92616.81908391495,93105.99286103739
SPY,2023-01-09 00:00:00-05:00,long,2023-01-09 09:47:00-05:00,373.869488,2023-01-09 10:45:00-05:00,375.4882086144,target,62,372.985,375.63846399999994,0.8844879999999762,59,100.36067809279939,0.62,0.18624215147274237,99.55443594132664,1.8154194389648228,0.9019681951113676,1.4300000000000068,93105.99286103739,93205.54729697872
AMZN,2023-01-09 00:00:00-05:00,long,2023-01-09 09:50:00-05:00,88.780498,2023-01-09 10:49:00-05:00,89.054364,time,262,88.08,90.18149399999999,0.7004979999999961,60,71.75289200000324,2.62,0.186657946944,68.94623405305924,0.3756664045978916,1.1767216482317504,1.240000000000009,93205.54729697872,93274.49353103178
META,2023-01-10 00:00:00-05:00,long,2023-01-10 09:54:00-05:00,128.87152799999998,2023-01-10 10:53:00-05:00,130.117932,time,180,127.25,132.11458399999995,1.6215279999999836,60,224.35272000000225,1.8,0.18736982207999997,222.36535017792224,0.7618512024115679,0.6608663899868917,2.4200000000000017,93274.49353103178,93496.8588812097
AMZN,2023-01-10 00:00:00-05:00,long,2023-01-10 10:11:00-05:00,89.10442751999999,2023-01-10 11:10:00-05:00,89.37923400000001,time,262,88.14,91.03328255999996,0.9644275199999868,60,71.99929776000619,2.62,0.18733887446400002,69.19195888554218,0.2738323416237927,0.7321116667507283,1.6999999999999886,93496.8588812097,93566.05084009524
SPY,2023-01-10 00:00:00-05:00,long,2023-01-10 10:13:00-05:00,372.588976,2023-01-10 10:29:00-05:00,371.01653400000004,stop,62,371.165,375.43692799999997,1.423975999999982,17,-97.49140399999794,0.62,0.184024200864,-98.29542820086195,-1.1133685766276868,0.8279979102432171,1.990000000000009,93566.05084009524,93467.75541189438
QQQ,2023-01-10 00:00:00-05:00,long,2023-01-10 10:13:00-05:00,267.016764,2023-01-10 10:30:00-05:00,265.173888,stop,87,265.28,270.4902920000001,1.7367640000000506,18,-160.33021200000405,0.87,0.18456102604799995,-161.38477302605204,-1.068076832030139,0.9173730813418292,2.579999999999984,93467.75541189438,93306.37063886833
NVDA,2023-01-10 00:00:00-05:00,long,2023-01-10 10:17:00-05:00,15.926368,2023-01-10 10:31:00-05:00,15.648738,stop,1464,15.655,16.469104,0.2713680000000007,15,-406.4503200000004,14.64,0.183278019456,-421.27359801945636,-1.0603873334512526,0.9598385596484597,0.4299999999999997,93306.37063886833,92885.09704084888
META,2023-01-11 00:00:00-05:00,long,2023-01-11 09:51:00-05:00,131.632632,2023-01-11 10:50:00-05:00,131.057556,time,176,130.385,134.12789600000002,1.24763200000001,60,-101.21337599999924,1.76,0.18452903884799998,-103.15790503884725,-0.4697895376585331,1.2529413197716612,2.3499999999999943,92885.09704084888,92781.93913581003
NVDA,2023-01-11 00:00:00-05:00,long,2023-01-11 09:52:00-05:00,15.85634,2023-01-11 09:58:00-05:00,15.673728,stop,1462,15.68,16.20902,0.17633999999999972,7,-266.97874399999836,14.620000000000001,0.18331992268800001,-281.78206392268635,-1.0929873529771985,0.9862500190761708,0.3000000000000007,92781.93913581003,92500.15707188734
AMZN,2023-01-11 00:00:00-05:00,long,2023-01-11 10:00:00-05:00,93.11723199999999,2023-01-11 10:59:00-05:00,92.62793400000001,time,248,91.9525,95.44669599999996,1.1647319999999866,60,-121.34590399999422,2.48,0.18377382105600001,-124.00967782105022,-0.4293168071899651,1.861943139757834,2.0449999999999875,92500.15707188734,92376.14739406628
QQQ,2023-01-11 00:00:00-05:00,long,2023-01-11 10:10:00-05:00,269.35769999999997,2023-01-11 10:53:00-05:00,268.332624,stop,85,268.44,271.1930999999999,0.917699999999968,44,-87.13145999999625,0.85,0.18246618432,-88.16392618431625,-1.1302415397101364,1.1014806628111709,1.580000000000041,92376.14739406628,92287.98346788196
SPY,2023-01-11 00:00:00-05:00,short,2023-01-11 10:54:00-05:00,374.41017600000004,2023-01-11 11:15:00-05:00,375.410104,stop,61,375.26,372.7105280000001,0.8498239999999555,22,-60.99560799999722,0.61,0.18271216588800002,-61.78832016588522,-1.1919212465263482,0.9190269711407955,1.2799999999999727,92287.98346788196,92226.19514771608
SPY,2023-01-12 00:00:00-05:00,short,2023-01-12 09:46:00-05:00,375.65967600000005,2023-01-12 10:11:00-05:00,377.97112799999996,stop,61,377.82,371.33902800000016,2.160323999999946,26,-140.99857199999497,0.61,0.183321921888,-141.79189392188297,-1.0759762319948192,1.2499198744200688,3.4600000000000364,92226.19514771608,92084.4032537942
QQQ,2023-01-12 00:00:00-05:00,short,2023-01-12 09:46:00-05:00,269.082324,2023-01-12 10:11:00-05:00,271.363502,stop,85,271.255,264.7369720000001,2.172675999999967,26,-193.90012999999612,0.85,0.18297598032000004,-194.93310598031613,-1.055532743304565,1.3962292287163771,3.8500000000000227,92084.4032537942,91889.47014781387
NVDA,2023-01-12 00:00:00-05:00,short,2023-01-12 09:46:00-05:00,15.59376,2023-01-12 10:13:00-05:00,15.916364,stop,1452,15.91,14.961279999999999,0.3162400000000005,28,-468.42100800000014,14.52,0.18113711616,-483.12214511616014,-1.0521399888692118,1.0318944978075588,0.5600000000000005,91889.47014781387,91406.34800269772
META,2023-01-12 00:00:00-05:00,short,2023-01-12 09:46:00-05:00,131.127528,2023-01-12 10:04:00-05:00,132.21786600000001,stop,174,132.16500000000002,129.052584,1.0374720000000082,19,-189.71881200000047,1.74,0.182529518976,-191.64134151897647,-1.0616065014034057,0.8372294200966102,1.789999999999992,91406.34800269772,91214.70666117874
AMZN,2023-01-12 00:00:00-05:00,short,2023-01-12 09:47:00-05:00,94.13223204,2023-01-12 10:12:00-05:00,95.723274,stop,242,95.685,91.02669612000001,1.552767959999997,26,-385.03215431999956,2.42,0.18224000122944,-387.634394321229,-1.031573975712586,1.5833710307861744,3.009999999999991,91214.70666117874,90827.07226685752
SPY,2023-01-13 00:00:00-05:00,long,2023-01-13 09:47:00-05:00,377.390896,2023-01-13 10:24:00-05:00,378.86108292480003,target,60,376.58,379.012688,0.8108960000000138,38,88.21121548800193,0.6,0.181853319803904,87.42936216819803,1.7969703095546272,0.8196987938096599,0.9800000000000182,90827.07226685752,90914.50162902572
AMZN,2023-01-13 00:00:00-05:00,long,2023-01-13 09:47:00-05:00,95.24808399999999,2023-01-13 10:24:00-05:00,96.50363509919998,target,238,94.601,96.54225199999998,0.6470839999999924,38,298.8211616095979,2.38,0.18374292122887675,296.257418688369,1.9236746235716105,0.8639019867059546,0.9619999999999891,90914.50162902572,91210.75904771409
NVDA,2023-01-13 00:00:00-05:00,long,2023-01-13 09:56:00-05:00,16.496595999999997,2023-01-13 10:55:00-05:00,16.733304,time,1382,16.29,16.909787999999992,0.20659599999999756,60,327.1304560000051,13.82,0.18500340902399998,313.1254525909811,1.096701453890716,1.0035662283164226,0.3200000000000003,91210.75904771409,91523.88450030507
QQQ,2023-01-13 00:00:00-05:00,long,2023-01-13 10:01:00-05:00,272.368904,2023-01-13 11:00:00-05:00,272.760852,time,84,271.4,274.306712,0.9689040000000091,60,32.923632000001135,0.84,0.18329529254399998,31.900336707457132,0.39195411845137385,0.9986768060223893,1.1800000000000068,91523.88450030507,91555.78483701253
META,2023-01-13 00:00:00-05:00,long,2023-01-13 10:06:00-05:00,135.314104,2023-01-13 10:17:00-05:00,134.351238,stop,169,134.405,137.13231199999996,0.909103999999985,12,-162.7243539999985,1.69,0.181642873776,-164.5959968737745,-1.071319463894128,0.6513711357936052,1.490000000000009,91555.78483701253,91391.18884013876
META,2023-01-17 00:00:00-05:00,short,2023-01-17 09:51:00-05:00,133.686504,2023-01-17 10:00:00-05:00,134.81890599999997,stop,170,134.765,131.52951200000007,1.0784959999999728,10,-192.5083399999926,1.7,0.18181364544,-194.39015364543258,-1.060246391300464,0.6753746504195332,1.5900000000000034,91391.18884013876,91196.79868649332
AMZN,2023-01-17 00:00:00-05:00,short,2023-01-17 09:57:00-05:00,96.941208,2023-01-17 10:56:00-05:00,96.53169724,time,235,97.95,94.923624,1.0087919999999997,60,96.2350286000008,2.35,0.18224947104,93.70277912896081,0.395260103505979,1.1048206217335896,1.8799999999999955,91196.79868649332,91290.50146562228
SPY,2023-01-17 00:00:00-05:00,long,2023-01-17 10:01:00-05:00,381.79265599999997,2023-01-17 10:40:00-05:00,380.69766000000004,stop,59,380.85,383.67796799999985,0.9426559999999427,40,-64.6047639999955,0.59,0.17968929552000001,-65.37445329551551,-1.175446378403141,0.8241111978424229,1.339999999999975,91290.50146562228,91225.12701232676
QQQ,2023-01-17 00:00:00-05:00,long,2023-01-17 10:01:00-05:00,276.16042,2023-01-17 11:00:00-05:00,275.259852,time,82,274.81,278.86125999999996,1.3504199999999855,60,-73.84657599999707,0.8200000000000001,0.18057046291200002,-74.84714646290907,-0.6759156994238636,0.8938138974237686,1.6599999999999682,91225.12701232676,91150.27986586385
NVDA,2023-01-17 00:00:00-05:00,long,2023-01-17 10:03:00-05:00,17.436971999999997,2023-01-17 11:02:00-05:00,17.413032,time,1306,17.13,18.050915999999994,0.30697199999999825,60,-31.265639999994875,13.06,0.181931358336,-44.50757135833088,-0.111017631106408,1.5565356803679435,0.5399999999999991,91150.27986586385,91105.77229450551
QQQ,2023-01-18 00:00:00-05:00,long,2023-01-18 10:01:00-05:00,278.56138,2023-01-18 10:18:00-05:00,277.4639700000001,stop,81,277.57500000000005,280.53413999999987,0.9863799999999401,18,-88.8902099999928,0.81,0.17979665256000005,-89.88000665255281,-1.1249515518968132,0.9627568090617782,1.2900000000000205,91105.77229450551,91015.89228785296
AMZN,2023-01-18 00:00:00-05:00,long,2023-01-18 10:01:00-05:00,98.194262,2023-01-18 10:50:00-05:00,97.406022,stop,231,97.445,99.692786,0.7492620000000016,50,-182.08344000000042,2.31,0.180006328656,-184.57344632865642,-1.0664083433778837,0.9775031535548335,1.269999999999996,91015.89228785296,90831.3188415243
SPY,2023-01-18 00:00:00-05:00,long,2023-01-18 10:02:00-05:00,382.48293199999995,2023-01-18 10:18:00-05:00,381.39238200000005,stop,59,381.545,384.3587959999998,0.9379319999999325,17,-64.34244999999373,0.59,0.180017204304,-65.11246720429773,-1.1766323561366636,0.994706897448688,1.2300000000000182,90831.3188415243,90766.20637432001
META,2023-01-18 00:00:00-05:00,long,2023-01-18 10:06:00-05:00,136.014384,2023-01-18 10:33:00-05:00,135.08094599999998,stop,166,135.135,137.77315200000004,0.8793840000000159,28,-154.95070800000394,1.6600000000000001,0.17938749628799996,-156.79009549629194,-1.07406849290868,0.6508816978293633,1.3700000000000045,90766.20637432001,90609.41627882372
NVDA,2023-01-18 00:00:00-05:00,long,2023-01-18 10:07:00-05:00,17.797116,2023-01-18 10:18:00-05:00,17.607954000000003,stop,1272,17.615000000000002,18.161347999999993,0.18211599999999706,12,-240.61406399999498,12.72,0.17917853990400004,-253.51324253989898,-1.094373166728894,1.305301722854565,0.33000000000000185,90609.41627882372,90355.90303628381
QQQ,2023-01-19 00:00:00-05:00,short,2023-01-19 09:46:00-05:00,269.981964,2023-01-19 10:18:00-05:00,271.05838000000006,stop,83,270.95000000000005,268.0458919999999,0.9680360000000405,33,-89.34252800000428,0.8300000000000001,0.179268024096,-90.35179602410028,-1.1245200134209947,1.1050812727519528,1.4399999999999977,90355.90303628381,90265.55124025971
AMZN,2023-01-19 00:00:00-05:00,short,2023-01-19 09:46:00-05:00,93.99528684,2023-01-19 09:58:00-05:00,94.84792399999999,stop,240,94.81,92.36586052000001,0.8147131599999966,13,-204.6329183999967,2.4,0.1804709507328,-207.2133893507295,-1.0597461348172035,1.0449024216274445,1.259999999999991,90265.55124025971,90058.33785090898
SPY,2023-01-19 00:00:00-05:00,short,2023-01-19 09:47:00-05:00,371.861196,2023-01-19 09:58:00-05:00,372.81406599999997,stop,60,372.66499999999996,370.2535880000001,0.8038039999999569,12,-57.1721999999977,0.6,0.17849337408,-57.9506933740777,-1.2015925394350033,1.126103081747419,1.2900000000000205,90058.33785090898,90000.3871575349
NVDA,2023-01-19 00:00:00-05:00,short,2023-01-19 09:47:00-05:00,16.923228,2023-01-19 09:58:00-05:00,17.066824,stop,1329,17.060000000000002,16.649684,0.13677200000000056,12,-190.8390839999983,13.290000000000001,0.179927760096,-204.3090117600943,-1.1239974982013723,1.1822599110267848,0.1999999999999993,90000.3871575349,89796.07814577481
META,2023-01-19 00:00:00-05:00,long,2023-01-19 10:09:00-05:00,133.813504,2023-01-19 11:08:00-05:00,133.9464,time,167,132.29000000000002,136.86051199999994,1.5235039999999742,60,22.193632000002765,1.67,0.1789523904,20.344679609602764,0.07996331404447814,0.9929869533333953,2.5999999999999943,89796.07814577481,89816.4228253844
META,2023-01-20 00:00:00-05:00,long,2023-01-20 09:48:00-05:00,135.794296,2023-01-20 10:47:00-05:00,135.315852,time,165,134.55,138.28288799999999,1.2442959999999914,60,-78.94325999999936,1.6500000000000001,0.17861692464,-80.77187692463936,-0.39341645944051856,1.4906684706653168,2.219999999999999,89816.4228253844,89735.65094845976
QQQ,2023-01-20 00:00:00-05:00,long,2023-01-20 09:52:00-05:00,271.988752,2023-01-20 10:51:00-05:00,271.981164,time,82,270.91999999999996,274.126256,1.0687520000000177,60,-0.6222159999998667,0.8200000000000001,0.17841964358399998,-1.6206356435838667,-0.018492455978560085,1.0236814253098412,1.4599999999999795,89735.65094845976,89734.03031281618
AMZN,2023-01-20 00:00:00-05:00,long,2023-01-20 09:53:00-05:00,94.70796804,2023-01-20 10:52:00-05:00,94.81206,time,236,93.78125,96.56140411999999,0.9267180399999972,60,24.565702560001228,2.36,0.17900516928,22.02669739072123,0.10071398148244258,1.4886979361385528,1.1574999999999989,89734.03031281618,89756.0570102069
SPY,2023-01-20 00:00:00-05:00,long,2023-01-20 10:06:00-05:00,373.269248,2023-01-20 11:05:00-05:00,373.95036000000005,time,60,372.175,375.457744,1.0942479999999932,60,40.86672000000249,0.6,0.17949617280000002,40.087223827202486,0.610574931021163,1.0603694573047395,1.6499999999999773,89756.0570102069,89796.1442340341
NVDA,2023-01-20 00:00:00-05:00,long,2023-01-20 10:07:00-05:00,17.05682,2023-01-20 10:17:00-05:00,16.908234,stop,1316,16.915,17.340459999999997,0.14181999999999917,11,-195.5391759999975,13.16,0.17800988755199998,-208.8771858875495,-1.119174064814547,1.0628652507368384,0.21000000000000085,89796.1442340341,89587.26704814655
SPY,2023-01-23 00:00:00-05:00,long,2023-01-23 09:46:00-05:00,379.741836,2023-01-23 09:56:00-05:00,378.7984200000001,stop,58,378.95000000000005,381.32550799999984,0.7918359999999325,11,-54.71812799999418,0.58,0.17576246688000002,-55.47389046687418,-1.2078844449608015,0.7164341706822759,1.1800000000000068,89587.26704814655,89531.79315767967
QQQ,2023-01-23 00:00:00-05:00,long,2023-01-23 09:46:00-05:00,279.1116,2023-01-23 10:25:00-05:00,281.19227808000005,target,80,278.015,281.30480000000006,1.0966000000000236,40,166.45424640000329,0.8,0.17996305797120002,165.47428334203207,1.8862197171031885,0.886984420679569,1.8899999999999864,89531.79315767967,89697.2674410217
META,2023-01-23 00:00:00-05:00,long,2023-01-23 09:48:00-05:00,139.295696,2023-01-23 10:47:00-05:00,140.54376,time,160,138.325,141.237088,0.9706960000000038,60,199.6902399999999,1.6,0.17989601279999998,197.91034398719992,1.274281185788336,0.90339220552361,1.75,89697.2674410217,89895.1777850089
NVDA,2023-01-23 00:00:00-05:00,long,2023-01-23 09:50:00-05:00,18.177268,2023-01-23 10:03:00-05:00,18.594363278400007,target,1236,17.965,18.601804000000005,0.21226800000000168,14,515.5297641024063,12.36,0.18386106409681927,502.9859030383094,1.9171355244020514,1.3654762803854719,0.36999999999999744,89895.1777850089,90398.1636880472
SPY,2023-01-24 00:00:00-05:00,long,2023-01-24 09:47:00-05:00,382.03275199999996,2023-01-24 09:59:00-05:00,380.927568,stop,59,381.08,383.9382559999999,0.9527519999999754,13,-65.20585599999714,0.59,0.179797812096,-65.97565381209314,-1.1736857236132598,0.9617379554416486,1.1200000000000045,90398.1636880472,90332.1880342351
QQQ,2023-01-24 00:00:00-05:00,long,2023-01-24 09:47:00-05:00,282.943132,2023-01-24 10:00:00-05:00,281.71726800000005,stop,79,281.83000000000004,285.1693959999999,1.1131319999999505,14,-96.84325599999562,0.79,0.17804531337600002,-97.81130131337163,-1.112282944110851,0.8256020319309892,1.4599999999999795,90332.1880342351,90234.37673292174
META,2023-01-24 00:00:00-05:00,long,2023-01-24 09:47:00-05:00,143.03719199999998,2023-01-24 10:46:00-05:00,142.47298800000002,time,157,141.425,146.2615759999999,1.6121919999999648,60,-88.58002799999389,1.57,0.178946072928,-90.32897407292188,-0.356870511641277,1.050431952396879,2.5900000000000034,90234.37673292174,90144.04775884881
NVDA,2023-01-24 00:00:00-05:00,long,2023-01-24 09:49:00-05:00,19.157659999999996,2023-01-24 10:05:00-05:00,18.937422,stop,1176,18.945,19.58297999999999,0.21265999999999607,17,-258.9998879999939,11.76,0.178163266176,-270.9380512661699,-1.0833701654095695,1.1764797509393508,0.3299999999999983,90144.04775884881,89873.10970758264
AMZN,2023-01-24 00:00:00-05:00,long,2023-01-24 09:54:00-05:00,98.01118879999999,2023-01-24 09:58:00-05:00,97.32380490000001,stop,229,97.36275,99.30806639999994,0.6484387999999797,5,-157.4109130999936,2.29,0.1782972105768,-159.8792103105704,-1.076682164051864,0.7643149569355643,1.1054999999999922,89873.10970758264,89713.23049727207
SPY,2023-01-25 00:00:00-05:00,short,2023-01-25 09:54:00-05:00,377.618892,2023-01-25 10:53:00-05:00,377.070768,time,59,378.57,375.71667600000006,0.9511079999999765,60,32.33931600000176,0.59,0.178236117024,31.57107988297776,0.5626101860819623,1.3833850015569886,1.3600000000000136,89713.23049727207,89744.80157715506
QQQ,2023-01-25 00:00:00-05:00,short,2023-01-25 09:54:00-05:00,276.68928,2023-01-25 10:53:00-05:00,276.490552,time,81,277.605,274.85783999999995,0.9157200000000216,60,16.096968000001368,0.81,0.17929465343999998,15.107673346561368,0.20368069471018704,1.5015716026557555,1.5699999999999932,89744.80157715506,89759.90925050162
AMZN,2023-01-25 00:00:00-05:00,short,2023-01-25 09:57:00-05:00,92.22309600000001,2023-01-25 10:42:00-05:00,92.95216599999999,stop,243,92.91499999999999,90.83928800000005,0.6919039999999796,46,-177.16400999999485,2.43,0.179281698624,-179.77329169861886,-1.0692347273147729,1.4354282747353913,1.309999999999988,89759.90925050162,89580.135958803
NVDA,2023-01-25 00:00:00-05:00,short,2023-01-25 10:09:00-05:00,18.772488000000003,2023-01-25 11:08:00-05:00,18.747495999999998,time,1192,18.965,18.38746400000001,0.19251199999999713,60,29.790464000005443,11.92,0.17901444556800003,17.69144955443744,0.07709555817821635,0.9866195379961021,0.3299999999999983,89580.135958803,89597.82740835744
META,2023-01-25 00:00:00-05:00,short,2023-01-25 10:35:00-05:00,139.824048,2023-01-25 11:34:00-05:00,140.716264,time,160,140.94,137.59214400000002,1.115951999999993,60,-142.7545599999985,1.6,0.17897478143999998,-144.53353478143848,-0.8094744150142624,1.0860893099916584,1.9599999999999795,89597.82740835744,89453.293873576
SPY,2023-01-26 00:00:00-05:00,short,2023-01-26 09:50:00-05:00,384.08630400000004,2023-01-26 10:24:00-05:00,385.709222,stop,58,385.555,381.1489120000001,1.4686959999999658,35,-94.12924399999827,0.58,0.17821604505600003,-94.88746004505427,-1.1139069558519994,1.0070906688041843,1.5900000000000318,89453.293873576,89358.40641353095
QQQ,2023-01-26 00:00:00-05:00,short,2023-01-26 09:50:00-05:00,284.806032,2023-01-26 10:23:00-05:00,286.0293659999999,stop,78,285.91499999999996,282.5880960000001,1.1089679999999476,34,-95.42005199999289,0.78,0.177718963968,-96.3777709639609,-1.1142002729167726,1.1691084565924141,1.7299999999999613,89358.40641353095,89262.02864256699
NVDA,2023-01-26 00:00:00-05:00,short,2023-01-26 09:50:00-05:00,19.602156,2023-01-26 10:49:00-05:00,19.497795999999997,time,1138,19.87,19.066468,0.2678440000000002,60,118.76168000000379,11.38,0.178458028224,107.2032219717798,0.3517091394692555,1.7003255048022936,0.5,89262.02864256699,89369.23186453877
META,2023-01-26 00:00:00-05:00,short,2023-01-26 10:08:00-05:00,142.27306800000002,2023-01-26 10:23:00-05:00,143.5574,stop,157,143.5,139.81920400000007,1.2269319999999766,16,-201.64012399999652,1.57,0.178694973408,-203.3888189734045,-1.0558614369370123,1.0502129177623514,2.2200000000000273,89369.23186453877,89165.84304556537
AMZN,2023-01-26 00:00:00-05:00,short,2023-01-26 10:55:00-05:00,97.840848,2023-01-26 11:54:00-05:00,97.629036,time,227,98.83,95.86254399999999,0.9891520000000043,60,48.081323999998816,2.27,0.177678979968,45.63364502003081,0.2032339551615868,1.1370512174948715,1.3199999999999932,89165.84304556537,89211.4766905854
SPY,2023-01-27 00:00:00-05:00,long,2023-01-27 09:46:00-05:00,387.014744,2023-01-27 10:08:00-05:00,388.36882230720005,target,57,386.26,388.52423200000004,0.7547440000000165,23,77.18246351040233,0.5700000000000001,0.1770961829720832,76.43536732743026,1.7767234408243777,0.5971526541430967,1.0399999999999636,89211.4766905854,89287.91205791284
QQQ,2023-01-27 00:00:00-05:00,long,2023-01-27 09:46:00-05:00,287.775064,2023-01-27 10:45:00-05:00,288.55453200000005,time,77,286.78499999999997,289.755192,0.990064000000018,60,60.01903600000503,0.77,0.17774959171200003,59.07128640829303,0.7748585583801162,0.795126502031057,1.4899999999999523,89287.91205791284,89346.98334432112
NVDA,2023-01-27 00:00:00-05:00,long,2023-01-27 09:46:00-05:00,19.80792,2023-01-27 10:45:00-05:00,20.041980000000002,time,1127,19.555,20.31376,0.2529199999999996,60,263.7856200000034,11.27,0.18069849168000002,252.3349215083234,0.8852588334651406,1.029573783702109,0.39000000000000057,89346.98334432112,89599.31826582945
META,2023-01-27 00:00:00-05:00,long,2023-01-27 09:49:00-05:00,148.849516,2023-01-27 10:48:00-05:00,148.380624,time,150,147.27,152.00854799999996,1.579515999999984,60,-70.33379999999738,1.5,0.1780567488,-72.01185674879738,-0.30394060268587814,1.7513864097663305,2.319999999999993,89599.31826582945,89527.30640908066
AMZN,2023-01-27 00:00:00-05:00,long,2023-01-27 09:51:00-05:00,100.90034399999999,2023-01-27 10:32:00-05:00,102.31009158719998,target,221,100.175,102.35103199999998,0.7253439999999927,42,311.5542167711973,2.21,0.18088424192616953,309.16333252927114,1.9286422807210155,1.1139223011033559,1.289999999999992,89527.30640908066,89836.46974160992
SPY,2023-01-30 00:00:00-05:00,long,2023-01-30 09:46:00-05:00,386.514544,2023-01-30 10:27:00-05:00,385.43576400000006,stop,58,385.59000000000003,388.36363199999994,0.924543999999969,42,-62.5692399999964,0.58,0.17884219449600003,-63.328082194492396,-1.1809751467880107,0.8038173799278534,1.1800000000000068,89836.46974160992,89773.14165941543
QQQ,2023-01-30 00:00:00-05:00,long,2023-01-30 09:47:00-05:00,287.82508399999995,2023-01-30 09:54:00-05:00,286.96516800000006,stop,77,287.08000000000004,289.31525199999976,0.7450839999999062,8,-66.21353199999112,0.77,0.176770543488,-67.16030254347912,-1.1706219987867066,0.7932585399402685,1.1999999999999886,89773.14165941543,89705.98135687195
META,2023-01-30 00:00:00-05:00,long,2023-01-30 09:52:00-05:00,149.579808,2023-01-30 10:14:00-05:00,148.600536,stop,149,148.66,151.41942400000005,0.9198080000000175,23,-145.9115280000013,1.49,0.177131838912,-147.57865983891332,-1.0768125568466353,0.9237336978577197,1.5400000000000205,89705.98135687195,89558.40269703305
AMZN,2023-01-30 00:00:00-05:00,long,2023-01-30 10:02:00-05:00,101.570612,2023-01-30 10:14:00-05:00,100.754682,stop,220,100.795,103.12183599999999,0.7756119999999953,13,-179.5045999999988,2.2,0.17732824032,-181.88192824031879,-1.0659144487914054,0.7536401664642447,1.1299999999999955,89558.40269703305,89376.52076879273
NVDA,2023-01-30 00:00:00-05:00,short,2023-01-30 10:17:00-05:00,19.732104,2023-01-30 11:16:00-05:00,19.627848,time,1132,19.92,19.356311999999996,0.18789600000000206,60,118.01779199999939,11.32,0.178693933824,106.5190980661754,0.5007990759143273,0.8941658349695862,0.3000000000000007,89376.52076879273,89483.0398668589
SPY,2023-01-31 00:00:00-05:00,long,2023-01-31 09:49:00-05:00,384.60378,2023-01-31 09:58:00-05:00,383.68146600000006,stop,58,383.83500000000004,386.14133999999984,0.7687799999999356,10,-53.49421199999506,0.58,0.178028200224,-54.252240200219056,-1.2167114801737728,0.850422071090063,1.0699999999999932,89483.0398668589,89428.78762665868
QQQ,2023-01-31 00:00:00-05:00,long,2023-01-31 09:49:00-05:00,286.18442799999997,2023-01-31 09:58:00-05:00,285.08592,stop,78,285.2,288.1532839999999,0.9844279999999799,10,-85.68362399999853,0.78,0.17789361407999998,-86.64151761407854,-1.1283595015176366,0.955268882888847,1.6200000000000045,89428.78762665868,89342.14610904461
AMZN,2023-01-31 00:00:00-05:00,long,2023-01-31 09:49:00-05:00,102.761088,2023-01-31 10:09:00-05:00,101.879232,stop,217,101.92,104.443264,0.8410879999999992,21,-191.3627519999998,2.17,0.176862346752,-193.70961434675178,-1.0613289380611777,0.8513437105092097,1.5600000000000023,89342.14610904461,89148.43649469786
NVDA,2023-01-31 00:00:00-05:00,short,2023-01-31 09:59:00-05:00,19.022388000000003,2023-01-31 10:16:00-05:00,19.237691999999996,stop,1171,19.229999999999997,18.607164000000015,0.2076119999999939,18,-252.12098399999135,11.71,0.178201730784,-264.00918573077536,-1.0859496517734968,1.0229959995589044,0.33999999999999986,89148.43649469786,88884.42730896709
META,2023-01-31 00:00:00-05:00,short,2023-01-31 10:05:00-05:00,146.55135600000003,2023-01-31 11:04:00-05:00,146.878728,time,151,147.615,144.42406800000006,1.0636439999999823,60,-49.43317199999524,1.51,0.17703403804800003,-51.120206038043236,-0.3182873318967381,0.8791206349584056,1.9300000000000068,88884.42730896709,88833.30710292904
META,2023-02-01 00:00:00-05:00,short,2023-02-01 09:46:00-05:00,146.30145600000003,2023-02-01 10:02:00-05:00,147.07880799999998,stop,151,147.01999999999998,144.86436800000013,0.7185439999999517,17,-117.38015199999256,1.51,0.17673215884800003,-119.06688415884057,-1.0973891809659586,0.7914814175985345,1.299999999999983,88833.30710292904,88714.24021877021
SPY,2023-02-01 00:00:00-05:00,long,2023-02-01 09:51:00-05:00,388.28525199999996,2023-02-01 10:00:00-05:00,387.36999,stop,57,387.525,389.8057559999999,0.7602519999999799,10,-52.1699339999991,0.5700000000000001,0.17664071543999998,-52.916574715439104,-1.2211226802691855,1.0020892848195213,0.9499999999999886,88714.24021877021,88661.32364405478
NVDA,2023-02-01 00:00:00-05:00,long,2023-02-01 09:51:00-05:00,19.90796,2023-02-01 10:50:00-05:00,19.982004,time,1113,19.71,20.303879999999996,0.19795999999999836,60,82.41097200000074,11.13,0.177919763616,71.10305223638474,0.3227123861790321,1.019355207368291,0.28000000000000114,88661.32364405478,88732.42669629116
QQQ,2023-02-01 00:00:00-05:00,short,2023-02-01 10:52:00-05:00,287.35501200000004,2023-02-01 11:22:00-05:00,288.2802659999999,stop,77,288.16499999999996,285.7350360000002,0.8099879999999189,31,-71.24455799999089,0.77,0.17701068739200002,-72.19156868738288,-1.157489790090687,0.7116772820416052,1.2700000000000387,88732.42669629116,88660.23512760378
AMZN,2023-02-01 00:00:00-05:00,short,2023-02-01 10:58:00-05:00,101.41931604000001,2023-02-01 11:40:00-05:00,102.200864,stop,218,102.16,99.93794812000004,0.7406839599999842,43,-170.37745527999635,2.18,0.17687528717376,-172.73433056717013,-1.0697670765387175,0.6937660696384333,1.1800000000000068,88660.23512760378,88487.50079703661
NVDA,2023-02-02 00:00:00-05:00,long,2023-02-02 09:46:00-05:00,21.448576,2023-02-02 10:00:00-05:00,21.156534,stop,1031,21.165,22.015728,0.28357600000000005,15,-301.0953019999985,10.31,0.17449909243199999,-311.5798010924305,-1.065715195474929,1.4131018607224415,0.5100000000000016,88487.50079703661,88175.92099594418
AMZN,2023-02-02 00:00:00-05:00,short,2023-02-02 09:46:00-05:00,109.76607600000001,2023-02-02 10:32:00-05:00,111.089418,stop,200,111.045,107.20822800000003,1.2789239999999893,47,-264.6683999999965,2.0,0.1756257216,-266.8440257215965,-1.0432364461125083,2.118026459069077,2.289999999999992,88175.92099594418,87909.07697022258
QQQ,2023-02-02 00:00:00-05:00,long,2023-02-02 09:49:00-05:00,302.801072,2023-02-02 09:51:00-05:00,301.78923599999996,stop,72,301.90999999999997,304.583216,0.8910720000000083,3,-72.8521920000012,0.72,0.17383059993599997,-73.74602259993719,-1.1494585329670408,1.7829695301859014,1.5200000000000387,87909.07697022258,87835.33094762264
SPY,2023-02-02 00:00:00-05:00,short,2023-02-02 09:57:00-05:00,395.29182000000003,2023-02-02 10:18:00-05:00,396.33347,stop,55,396.175,393.52546000000007,0.8831799999999816,22,-57.290749999997104,0.55,0.1739284008,-58.0146784007971,-1.1943344896396761,1.3430996589741426,1.3899999999999864,87835.33094762264,87777.31626922185
META,2023-02-02 00:00:00-05:00,long,2023-02-02 10:19:00-05:00,183.30329199999997,2023-02-02 10:33:00-05:00,188.25454404959987,target,119,180.79000000000002,188.32987599999987,2.51329199999995,15,589.1989939023882,1.19,0.17921832593521905,587.8297755764529,1.965448508668154,6.948097033922045,4.400000000000006,87777.31626922185,88365.1460447983
SPY,2023-02-03 00:00:00-05:00,long,2023-02-03 09:47:00-05:00,396.078368,2023-02-03 10:00:00-05:00,394.377186,stop,55,394.53499999999997,399.1651040000001,1.5433680000000436,14,-93.56501000000094,0.55,0.17352596184,-94.28853596184094,-1.1107765727214562,1.153434840165046,2.2900000000000205,88365.1460447983,88270.85750883646
QQQ,2023-02-03 00:00:00-05:00,long,2023-02-03 09:47:00-05:00,302.32088,2023-02-03 10:46:00-05:00,305.017944,time,72,300.065,306.83263999999997,2.2558799999999906,60,194.18860800000084,0.72,0.175690335744,193.29291766425683,1.190056145029001,1.598760309899994,3.25,88270.85750883646,88464.15042650071
NVDA,2023-02-03 00:00:00-05:00,long,2023-02-03 09:47:00-05:00,21.298516,2023-02-03 10:46:00-05:00,21.621348,time,1038,20.96,21.975547999999996,0.3385159999999985,60,335.09961600000184,10.38,0.179543673792,324.54007232620984,0.9236166952699523,1.0780329833614728,0.4400000000000013,88464.15042650071,88788.69049882692
META,2023-02-03 00:00:00-05:00,long,2023-02-03 09:47:00-05:00,190.666236,2023-02-03 10:46:00-05:00,190.02396000000002,time,90,185.78,200.438708,4.886235999999997,60,-57.80483999999831,0.9,0.1368172512,-58.841657251198306,-0.13380364593113833,2.5638513733802863,8.95999999999998,88788.69049882692,88729.84884157573
AMZN,2023-02-03 00:00:00-05:00,long,2023-02-03 09:49:00-05:00,108.03319599999999,2023-02-03 10:05:00-05:00,106.252482,stop,205,106.295,111.50958799999997,1.7381959999999879,17,-365.04636999999775,2.05,0.17425407048,-367.27062407047777,-1.0307031081972353,1.8264030584378623,3.210000000000008,88729.84884157573,88362.57821750526
NVDA,2023-02-06 00:00:00-05:00,long,2023-02-06 09:46:00-05:00,21.318523999999996,2023-02-06 10:21:00-05:00,20.951616,stop,1036,20.96,22.035571999999988,0.3585239999999956,36,-380.11668799999495,10.36,0.173646993408,-390.65033499340296,-1.051744410215215,0.972747874459529,0.4400000000000013,88362.57821750526,87971.92788251185
META,2023-02-06 00:00:00-05:00,long,2023-02-06 09:46:00-05:00,188.97556,2023-02-06 09:53:00-05:00,186.42040200000002,stop,116,186.495,193.93668,2.480559999999997,8,-296.3983279999974,1.16,0.172998133056,-297.7313261330534,-1.034705616157634,1.548203968118591,4.6299999999999955,87971.92788251185,87674.1965563788
AMZN,2023-02-06 00:00:00-05:00,short,2023-02-06 09:53:00-05:00,102.4659972,2023-02-06 10:39:00-05:00,100.93995143664,target,213,103.2492,100.89959160000001,0.783202799999998,47,325.04774759568056,2.13,0.17460205922879998,322.7431455364518,1.934653496364424,0.9425743896093887,1.3984000000000094,87674.1965563788,87996.93970191525
QQQ,2023-02-06 00:00:00-05:00,long,2023-02-06 10:03:00-05:00,298.999552,2023-02-06 10:15:00-05:00,297.90079199999997,stop,73,298.02,300.958656,0.9795520000000124,13,-80.20948000000197,0.73,0.17397406252799996,-81.11345406252998,-1.1343381528862306,0.9095018984813812,1.5199999999999818,87996.93970191525,87915.82624785272
SPY,2023-02-06 00:00:00-05:00,short,2023-02-06 10:16:00-05:00,391.053516,2023-02-06 10:51:00-05:00,392.296856,stop,56,392.14,388.88054800000003,1.0864839999999845,36,-69.6270399999994,0.56,0.175191975168,-70.3622319751674,-1.156453687424764,0.9364757370497054,1.4599999999999795,87915.82624785272,87845.46401587754
AMZN,2023-02-07 00:00:00-05:00,short,2023-02-07 09:48:00-05:00,99.98998800000001,2023-02-07 10:47:00-05:00,99.63313731999999,time,219,100.86500000000001,98.23996400000001,0.8750119999999981,60,78.15029892000486,2.19,0.17518245897600002,75.78511646102886,0.39548115922527116,0.8411159536271937,1.4299999999999926,87845.46401587754,87921.24913233858
META,2023-02-07 00:00:00-05:00,long,2023-02-07 09:50:00-05:00,184.813896,2023-02-07 10:18:00-05:00,186.86691132480001,target,118,183.75,186.941688,1.0638959999999997,29,242.25580832640173,1.18,0.1764023642906112,240.8994059621111,1.9189097331970575,0.7782883410607884,1.920000000000016,87921.24913233858,88162.1485383007
QQQ,2023-02-07 00:00:00-05:00,short,2023-02-07 10:01:00-05:00,296.801232,2023-02-07 10:05:00-05:00,297.759056,stop,74,297.64,295.1236960000001,0.8387679999999591,5,-70.87897599999701,0.74,0.17570632934400002,-71.794682329341,-1.1566945923735845,0.8857684746976306,1.2200000000000273,88162.1485383007,88090.35385597135
NVDA,2023-02-07 00:00:00-05:00,long,2023-02-07 10:07:00-05:00,21.368544,2023-02-07 10:12:00-05:00,21.216510000000003,stop,1030,21.225,21.655631999999997,0.14354399999999856,6,-156.5950199999968,10.3,0.17482404240000002,-167.0698440423968,-1.1299931176503266,0.7978711767522143,0.25,88090.35385597135,87923.28401192895
SPY,2023-02-07 00:00:00-05:00,short,2023-02-07 10:29:00-05:00,390.423768,2023-02-07 10:37:00-05:00,391.246436,stop,56,391.09000000000003,389.0913039999999,0.6662320000000364,9,-46.069408000001204,0.56,0.17490984806399998,-46.8043178480652,-1.2545050224906278,0.8255148418317336,0.9599999999999795,87923.28401192895,87876.47969408089
META,2023-02-08 00:00:00-05:00,short,2023-02-08 09:46:00-05:00,186.715284,2023-02-08 10:28:00-05:00,184.15948634080004,target,117,188.02999999999997,184.08585200000005,1.3147159999999758,43,299.0283261263945,1.17,0.174765505824,297.6835606205705,1.9352498462998853,0.8460217049302831,2.280000000000001,87876.47969408089,88174.16325470146
NVDA,2023-02-08 00:00:00-05:00,long,2023-02-08 09:48:00-05:00,22.7591,2023-02-08 09:52:00-05:00,22.500996,stop,968,22.509999999999998,23.257300000000004,0.2491000000000021,5,-249.84467199999946,9.68,0.174247713024,-259.69891971302343,-1.0770132796788323,1.3935060216932682,0.379999999999999,88174.16325470146,87914.46433498844
AMZN,2023-02-08 00:00:00-05:00,short,2023-02-08 09:53:00-05:00,100.429812,2023-02-08 10:52:00-05:00,100.080016,time,218,101.68745,97.914536,1.257638,60,76.25552799999952,2.18,0.175149592128,73.90037840787151,0.26954700915843655,0.6647485681825215,1.9649,87914.46433498844,87988.36471339631
QQQ,2023-02-08 00:00:00-05:00,short,2023-02-08 09:54:00-05:00,301.34941200000003,2023-02-08 10:16:00-05:00,302.615998,stop,72,302.495,299.0582360000001,1.1455879999999752,23,-91.1941919999972,0.72,0.17357726131200002,-92.0877692613092,-1.116454428028217,1.025472803506919,1.6100000000000136,87988.36471339631,87896.276944135
SPY,2023-02-08 00:00:00-05:00,short,2023-02-08 10:31:00-05:00,394.372188,2023-02-08 11:30:00-05:00,392.99713599999995,time,55,395.45500000000004,392.2065639999999,1.0828120000000467,60,75.62786000000216,0.55,0.17352376272,74.90433623728217,1.2577409767309382,1.094144318672053,1.5699999999999932,87896.276944135,87971.18128037227
AMZN,2023-02-09 00:00:00-05:00,long,2023-02-09 09:52:00-05:00,101.710668,2023-02-09 09:55:00-05:00,100.964598,stop,216,101.005,103.122004,0.7056680000000028,4,-161.15112000000067,2.16,0.174466825344,-163.48558682534468,-1.0725691356048455,0.6019966795533975,1.1899999999999977,87971.18128037227,87807.69569354692
META,2023-02-09 00:00:00-05:00,short,2023-02-09 09:59:00-05:00,182.656908,2023-02-09 10:58:00-05:00,181.61261599999997,time,120,184.01999999999998,179.930724,1.3630919999999946,60,125.31504000000155,1.2,0.17535063167999998,123.93968936832154,0.7577116913135847,0.7006937568607708,2.0200000000000102,87807.69569354692,87931.63538291524
NVDA,2023-02-09 00:00:00-05:00,long,2023-02-09 10:12:00-05:00,22.879148,2023-02-09 10:25:00-05:00,22.695918,stop,960,22.705,23.227444000000006,0.1741480000000024,14,-175.9008000000017,9.6,0.17430465023999997,-185.6751046502417,-1.1106160699175363,1.1021194262022858,0.3099999999999987,87931.63538291524,87745.96027826499
SPY,2023-02-09 00:00:00-05:00,short,2023-02-09 10:26:00-05:00,394.76203200000003,2023-02-09 11:25:00-05:00,393.46732399999996,time,55,395.74,392.8060960000001,0.9779679999999757,60,71.2089400000039,0.55,0.17369529408,70.4852447059239,1.3104211014512772,0.8452976934197496,1.3000000000000114,87745.96027826499,87816.44552297091
QQQ,2023-02-09 00:00:00-05:00,short,2023-02-09 10:28:00-05:00,300.29983200000004,2023-02-09 11:27:00-05:00,299.339688,time,73,301.71500000000003,297.46949600000005,1.4151679999999942,60,70.09051200000101,0.73,0.175375101888,69.18513689811302,0.6697025380336594,0.9080302262561967,2.170000000000016,87816.44552297091,87885.63065986903
AMZN,2023-02-10 00:00:00-05:00,long,2023-02-10 09:50:00-05:00,98.21427,2023-02-10 09:57:00-05:00,97.545966,stop,223,97.58500000000001,99.47280999999998,0.6292699999999911,8,-149.03179199999823,2.23,0.17402200334400003,-151.43581400334222,-1.0791621525386583,0.5681520637221869,0.9500000000000028,87885.63065986903,87734.19484586568
SPY,2023-02-10 00:00:00-05:00,long,2023-02-10 09:51:00-05:00,389.18561199999994,2023-02-10 09:54:00-05:00,388.209654,stop,56,388.365,390.8268359999998,0.820611999999926,4,-54.65364799999634,0.56,0.17391792499199998,-55.38756592498834,-1.2052756689300472,1.1515613284451935,1.3500000000000227,87734.19484586568,87678.8072799407
QQQ,2023-02-10 00:00:00-05:00,short,2023-02-10 10:01:00-05:00,292.83282,2023-02-10 10:10:00-05:00,294.032566,stop,74,293.91499999999996,290.66846000000015,1.082179999999937,10,-88.78120399999614,0.74,0.17335702944,-89.69456102943613,-1.120043488661792,0.9304267465942794,1.9499999999999886,87678.8072799407,87589.11271891126
META,2023-02-10 00:00:00-05:00,short,2023-02-10 10:01:00-05:00,173.810448,2023-02-10 10:10:00-05:00,175.11501800000002,stop,125,175.04500000000002,171.341344,1.2345520000000079,10,-163.07125000000156,1.25,0.173810448,-164.49506044800157,-1.0659417210324102,0.753679542469238,1.710000000000008,87589.11271891126,87424.61765846326
NVDA,2023-02-10 00:00:00-05:00,short,2023-02-10 10:03:00-05:00,21.411432,2023-02-10 11:02:00-05:00,21.328528,time,1020,21.75,20.734296000000004,0.33856799999999865,60,84.56208000000281,10.200000000000001,0.17471728512,74.18736271488281,0.21482452134874838,1.2103586486675217,0.5600000000000023,87424.61765846326,87498.80502117815
SPY,2023-02-13 00:00:00-05:00,long,2023-02-13 09:51:00-05:00,391.876688,2023-02-13 10:50:00-05:00,393.282624,time,55,390.935,393.760064,0.9416879999999992,60,77.32647999999983,0.55,0.17304435456,76.60343564543983,1.4790352420419481,0.7645426882991815,1.2100000000000364,87498.80502117815,87575.40845682358
QQQ,2023-02-13 00:00:00-05:00,long,2023-02-13 09:51:00-05:00,295.978344,2023-02-13 10:50:00-05:00,296.99115600000005,time,73,294.83500000000004,298.2650319999999,1.1433439999999564,60,73.93527600000391,0.73,0.17344283510400002,73.03183316489991,0.8750088081558058,0.7483800281004438,1.829999999999984,87575.40845682358,87648.44028998849
META,2023-02-13 00:00:00-05:00,short,2023-02-13 09:53:00-05:00,174.46018800000002,2023-02-13 10:00:00-05:00,176.775682,stop,125,176.70499999999998,169.97056400000008,2.2448119999999676,8,-289.43674999999655,1.25,0.17446018800000002,-290.86121018799656,-1.0365632763474206,0.9412617558651267,3.0100000000000193,87648.44028998849,87357.57907980049
AMZN,2023-02-13 00:00:00-05:00,long,2023-02-13 09:55:00-05:00,98.009188,2023-02-13 10:54:00-05:00,98.45630172,time,222,97.41499999999999,99.197564,0.5941880000000026,60,99.25924584000097,2.22,0.17485839185472,96.86438744814625,0.7343232606283574,0.5293288736508289,1.0100000000000051,87357.57907980049,87454.44346724864
NVDA,2023-02-13 00:00:00-05:00,long,2023-02-13 10:00:00-05:00,21.568623999999996,2023-02-13 10:59:00-05:00,21.581364,time,1013,21.23,22.245871999999988,0.3386239999999958,60,12.905620000004472,10.13,0.17489537385599999,2.600724626148471,0.0075817103572234845,0.9276709116688844,0.6199999999999974,87454.44346724864,87457.04419187478
SPY,2023-02-14 00:00:00-05:00,long,2023-02-14 09:46:00-05:00,394.02754799999997,2023-02-14 10:40:00-05:00,392.29302,stop,55,392.45,397.1826439999999,1.5775479999999789,55,-95.39903999999751,0.55,0.17260892879999998,-96.12164892879751,-1.1078371904753315,1.4009918005318065,1.8400000000000318,87457.04419187478,87360.92254294599
QQQ,2023-02-14 00:00:00-05:00,long,2023-02-14 09:46:00-05:00,298.409316,2023-02-14 10:45:00-05:00,296.18148,stop,73,296.3,302.62794799999995,2.1093159999999784,60,-162.63202799999766,0.73,0.17296998432000002,-163.53499798431764,-1.0620530313333756,1.4847285763133216,2.840000000000032,87360.92254294599,87197.38754496168
NVDA,2023-02-14 00:00:00-05:00,long,2023-02-14 09:46:00-05:00,22.298916,2023-02-14 10:45:00-05:00,22.181124,time,766,21.73,23.436747999999994,0.568915999999998,60,-90.2286719999984,7.66,0.135925927872,-98.02459792787039,-0.2249355774701333,1.2137857814146789,0.8200000000000003,87197.38754496168,87099.3629470338
META,2023-02-14 00:00:00-05:00,long,2023-02-14 09:46:00-05:00,178.08120399999999,2023-02-14 10:45:00-05:00,176.6793,time,122,175.985,182.27361199999993,2.0962039999999718,60,-171.03228799999675,1.22,0.17243899680000002,-172.42472699679675,-0.6742270477491659,0.6124671912148961,3.2700000000000102,87099.3629470338,86926.938220037
AMZN,2023-02-14 00:00:00-05:00,long,2023-02-14 09:46:00-05:00,99.29560235999999,2023-02-14 10:45:00-05:00,98.27917260000001,stop,218,98.3185,101.24980707999997,0.9771023599999893,60,-221.5816876799956,2.18,0.17139887701440001,-223.93308655701003,-1.0512880077178313,0.5970645676605663,1.4569999999999936,86926.938220037,86703.00513348
AMZN,2023-02-15 00:00:00-05:00,long,2023-02-15 09:48:00-05:00,99.469772,2023-02-15 09:53:00-05:00,98.93541,stop,217,98.975,100.45931600000003,0.49477200000001176,6,-115.95655400000034,2.17,0.17175187176,-118.29830587176033,-1.1018276767480548,0.5322981777622823,0.6899999999999977,86703.00513348,86584.70682760823
SPY,2023-02-15 00:00:00-05:00,long,2023-02-15 09:50:00-05:00,393.60738,2023-02-15 09:53:00-05:00,392.632884,stop,54,392.78999999999996,395.24214,0.8173800000000142,4,-52.62278399999934,0.54,0.169617405888,-53.33240140588734,-1.208296096151081,1.0142201405579865,1.2800000000000296,86584.70682760823,86531.37442620234
QQQ,2023-02-15 00:00:00-05:00,long,2023-02-15 09:50:00-05:00,300.690228,2023-02-15 09:53:00-05:00,299.44017599999995,stop,71,299.55999999999995,302.9506840000001,1.130228000000045,4,-88.75369200000279,0.71,0.17008201996799996,-89.63377401997079,-1.116984822007585,0.9222450754365921,1.5600000000000023,86531.37442620234,86441.74065218237
NVDA,2023-02-15 00:00:00-05:00,short,2023-02-15 09:52:00-05:00,22.39104,2023-02-15 10:51:00-05:00,22.248896,time,965,22.625,21.92312,0.23395999999999972,60,137.16896000000176,9.65,0.17285882879999998,127.34610117120175,0.5640488616857666,1.0793821687593952,0.3500000000000014,86441.74065218237,86569.08675335358
META,2023-02-15 00:00:00-05:00,short,2023-02-15 10:03:00-05:00,174.63012,2023-02-15 11:02:00-05:00,174.559796,time,123,175.67,172.55036000000004,1.0398799999999824,60,8.649851999999925,1.23,0.17183603808,7.248015961919924,0.056667076047236586,0.7294724088858929,1.9399999999999977,86569.08675335358,86576.3347693155
QQQ,2023-02-16 00:00:00-05:00,long,2023-02-16 09:48:00-05:00,299.439728,2023-02-16 10:47:00-05:00,301.249452,time,72,298.46000000000004,301.39918399999993,0.979727999999966,60,130.30012800000122,0.72,0.173519684352,129.40660831564924,1.834503050218101,1.3426091611792088,1.660000000000025,86576.3347693155,86705.74137763114
META,2023-02-16 00:00:00-05:00,long,2023-02-16 09:53:00-05:00,172.939148,2023-02-16 10:52:00-05:00,173.000772,time,125,171.535,175.74744399999997,1.4041479999999922,60,7.703000000002902,1.25,0.17300077200000002,6.279999228002902,0.03577969973537227,0.8417522118182503,2.490000000000009,86705.74137763114,86712.02137685915
NVDA,2023-02-16 00:00:00-05:00,short,2023-02-16 10:02:00-05:00,21.951216000000002,2023-02-16 10:08:00-05:00,22.153858,stop,987,22.145,21.563648000000008,0.1937839999999973,7,-200.00765399999736,9.870000000000001,0.173326801536,-210.05098080153337,-1.0982207495355671,0.9580038374862357,0.3500000000000014,86712.02137685915,86501.97039605762
SPY,2023-02-16 00:00:00-05:00,long,2023-02-16 10:13:00-05:00,392.16680399999996,2023-02-16 11:12:00-05:00,393.002736,time,55,391.01,394.4804119999999,1.1568039999999655,60,45.97626000000389,0.55,0.17292120383999998,45.253338796163895,0.7112596240262787,1.2634817976894566,1.3199999999999932,86501.97039605762,86547.22373485377
AMZN,2023-02-16 00:00:00-05:00,long,2023-02-16 10:21:00-05:00,99.599824,2023-02-16 11:20:00-05:00,100.06875648,time,217,98.91,100.979472,0.6898240000000015,60,101.75834816000142,2.17,0.17371936124928,99.41462879875213,0.6641287197142539,0.7266481352959775,1.1800000000000068,86547.22373485377,86646.63836365253
SPY,2023-02-17 00:00:00-05:00,short,2023-02-17 09:46:00-05:00,387.125088,2023-02-17 10:13:00-05:00,388.43030999999996,stop,55,388.275,384.82526400000006,1.149911999999972,28,-71.78720999999769,0.55,0.17033503872,-72.50754503871768,-1.1464520769450095,1.279116935485544,1.3900000000000432,86646.63836365253,86574.1308186138
QQQ,2023-02-17 00:00:00-05:00,short,2023-02-17 09:46:00-05:00,293.50255200000004,2023-02-17 10:19:00-05:00,295.09299,stop,73,294.975,290.55765600000007,1.4724479999999858,34,-116.10197399999629,0.73,0.171405490368,-117.0033794903643,-1.0885179105924045,1.0771448487628403,1.8100000000000023,86574.1308186138,86457.12743912345
AMZN,2023-02-17 00:00:00-05:00,short,2023-02-17 09:46:00-05:00,96.241488,2023-02-17 10:45:00-05:00,96.3605288,time,224,97.125,94.47446400000001,0.8835119999999961,60,-26.66513919999852,2.24,0.172464746496,-29.077603946494524,-0.14692582772389506,1.0273017315525714,1.6299999999999955,86457.12743912345,86428.04983517695
NVDA,2023-02-17 00:00:00-05:00,short,2023-02-17 09:50:00-05:00,21.361452000000003,2023-02-17 10:03:00-05:00,21.543613999999998,stop,1011,21.535,21.01435600000001,0.1735479999999967,14,-184.16578199999455,10.11,0.17277142377600002,-194.44855342377053,-1.1082403232304505,1.133731823682651,0.3100000000000023,86428.04983517695,86233.60128175317
SPY,2023-02-21 00:00:00-05:00,short,2023-02-21 09:49:00-05:00,385.09590000000003,2023-02-21 10:48:00-05:00,384.063564,time,55,385.875,383.5377000000001,0.7790999999999713,60,56.77848000000239,0.55,0.16944219600000002,56.059037804002394,1.308246993710796,0.9673729123685303,1.009999999999991,86233.60128175317,86289.66031955718
QQQ,2023-02-21 00:00:00-05:00,short,2023-02-21 09:59:00-05:00,290.963568,2023-02-21 10:58:00-05:00,290.376104,time,74,291.93,289.030704,0.9664319999999975,60,43.47233600000084,0.74,0.17225043225599998,42.560085567744835,0.5951130461905367,0.9454850313947616,1.6399999999999864,86289.66031955718,86332.22040512493
AMZN,2023-02-21 00:00:00-05:00,short,2023-02-21 10:09:00-05:00,94.802064,2023-02-21 11:08:00-05:00,94.597824,time,227,95.2325,93.941192,0.43043600000000026,60,46.36247999999969,2.27,0.17216054822399998,43.92031945177569,0.44950139739240796,0.7693573211177039,0.7450000000000045,86332.22040512493,86376.1407245767
SPY,2023-02-22 00:00:00-05:00,long,2023-02-22 09:46:00-05:00,382.93311199999994,2023-02-22 09:55:00-05:00,382.082106,stop,56,382.235,384.3293359999998,0.6981119999999237,10,-47.65633599999592,0.56,0.171172783488,-48.387508783483916,-1.237713514232704,0.8803958054600814,0.910000000000025,86376.1407245767,86327.75321579321
QQQ,2023-02-22 00:00:00-05:00,long,2023-02-22 09:46:00-05:00,290.025964,2023-02-22 09:54:00-05:00,289.079322,stop,74,289.195,291.687892,0.8309639999999945,9,-70.05150799999979,0.74,0.171134958624,-70.96264295862377,-1.1540266901767144,0.8474027301021058,1.1100000000000136,86327.75321579321,86256.7905728346
AMZN,2023-02-22 00:00:00-05:00,long,2023-02-22 09:46:00-05:00,96.63864,2023-02-22 10:07:00-05:00,95.646726,stop,223,95.685,98.54591999999998,0.9536399999999929,22,-221.1968219999987,2.23,0.17063375918399998,-223.59745575918268,-1.051423151092657,0.7286024330735628,1.769999999999996,86256.7905728346,86033.19311707541
META,2023-02-22 00:00:00-05:00,short,2023-02-22 10:03:00-05:00,169.08234000000002,2023-02-22 11:02:00-05:00,170.23806799999997,time,127,170.27499999999998,166.6970200000001,1.192659999999961,60,-146.77745599999412,1.27,0.17178765744,-148.21924365743413,-0.9785526962587762,0.46348947699490867,1.7299999999999898,86033.19311707541,85884.97387341797
NVDA,2023-02-22 00:00:00-05:00,short,2023-02-22 10:30:00-05:00,20.511792,2023-02-22 11:22:00-05:00,20.768303999999997,stop,1046,20.759999999999998,20.015376000000003,0.2482079999999982,53,-268.31155199999705,10.46,0.17164267545599998,-278.943194675453,-1.0744057175272315,0.8607547297927258,0.4599999999999973,85884.97387341797,85606.03067874252
META,2023-02-23 00:00:00-05:00,long,2023-02-23 09:47:00-05:00,171.44855199999998,2023-02-23 10:02:00-05:00,170.736678,stop,124,170.805,172.73565599999992,0.6435519999999713,16,-88.2723759999958,1.24,0.169370784576,-89.6817467845718,-1.1238251041469818,0.42591730427735575,1.1100000000000136,85606.03067874252,85516.34893195795
SPY,2023-02-23 00:00:00-05:00,long,2023-02-23 09:48:00-05:00,384.28365199999996,2023-02-23 10:06:00-05:00,383.481546,stop,55,383.635,385.5809559999999,0.64865199999997,19,-44.11582999999894,0.55,0.16873188024,-44.83456188023894,-1.2567198626814045,1.5652041661685219,0.9099999999999682,85516.34893195795,85471.51437007771
NVDA,2023-02-23 00:00:00-05:00,long,2023-02-23 09:48:00-05:00,23.55942,2023-02-23 10:47:00-05:00,23.560572,time,906,23.215,24.24826,0.3444199999999995,60,1.0437120000010438,9.06,0.17076702585599998,-8.187055025854956,-0.02623681718831328,3.1433978130884506,0.490000000000002,85471.51437007771,85463.32731505185
AMZN,2023-02-23 00:00:00-05:00,short,2023-02-23 10:04:00-05:00,95.631732,2023-02-23 10:47:00-05:00,94.78809607839999,target,223,96.0725,94.75019599999999,0.4407680000000056,44,188.1308105168025,2.23,0.17060700988799998,185.73020350691453,1.8895901420792816,0.6454476041652627,0.7150000000000034,85463.32731505185,85649.05751855877
QQQ,2023-02-23 00:00:00-05:00,short,2023-02-23 10:07:00-05:00,290.273844,2023-02-23 11:06:00-05:00,288.64541199999996,time,73,291.42,287.98153199999996,1.146156000000019,60,118.87553600000234,0.73,0.169519924896,117.97601607510634,1.4100260429191185,1.1033329513930334,1.4800000000000182,85649.05751855877,85767.03353463387
SPY,2023-02-24 00:00:00-05:00,short,2023-02-24 09:46:00-05:00,377.19906000000003,2023-02-24 10:45:00-05:00,377.23083199999996,time,56,378.265,375.0671800000001,1.065939999999955,60,-1.7792319999962274,0.56,0.16898517888,-2.5082171788762273,-0.04201886830397069,1.5254308999030721,1.6299999999999955,85767.03353463387,85764.52531745499
QQQ,2023-02-24 00:00:00-05:00,short,2023-02-24 09:47:00-05:00,284.95597200000003,2023-02-24 10:46:00-05:00,285.043972,time,75,286.315,282.2379160000001,1.3590279999999666,60,-6.599999999997408,0.75,0.17097358320000003,-7.520973583197408,-0.07378777168385633,1.5844992882506637,1.57000000000005,85764.52531745499,85757.00434387178
NVDA,2023-02-24 00:00:00-05:00,short,2023-02-24 09:47:00-05:00,23.04078,2023-02-24 10:46:00-05:00,23.019204000000002,time,930,23.265,22.592340000000004,0.22421999999999898,60,20.065679999999624,9.3,0.1714234032,10.594256596799623,0.05080578788689522,1.1080975410451375,0.3100000000000023,85757.00434387178,85767.59860046858
META,2023-02-24 00:00:00-05:00,short,2023-02-24 09:47:00-05:00,166.443396,2023-02-24 09:53:00-05:00,167.376924,stop,128,167.31,164.71018800000002,0.8666039999999953,7,-119.49158399999942,1.28,0.170438037504,-120.94202203750342,-1.0903013916021627,0.46494754685185014,1.5400000000000205,85767.59860046858,85646.65657843108
AMZN,2023-02-24 00:00:00-05:00,short,2023-02-24 10:08:00-05:00,93.072756,2023-02-24 11:07:00-05:00,92.817112,time,230,93.66,91.898268,0.5872439999999983,60,58.798120000000864,2.3000000000000003,0.17125387103999998,56.326866128960866,0.41703179249512035,0.5783189683757226,0.9200000000000017,85646.65657843108,85702.98344456004
META,2023-02-27 00:00:00-05:00,short,2023-02-27 09:46:00-05:00,170.24187600000002,2023-02-27 10:43:00-05:00,168.8831542512,target,125,170.955,168.81562800000003,0.7131239999999934,58,169.84021860000098,1.25,0.17024187600000001,168.41997672400097,1.889376621445948,0.4271369444252237,1.3100000000000023,85702.98344456004,85871.40342128405
AMZN,2023-02-27 00:00:00-05:00,short,2023-02-27 09:46:00-05:00,93.89742600000001,2023-02-27 10:04:00-05:00,94.457768,stop,228,94.42,92.85227800000003,0.5225739999999917,19,-127.75797599999805,2.2800000000000002,0.171268905024,-130.20924490502205,-1.0928465239525895,0.5482190397272185,0.6200000000000045,85871.40342128405,85741.19417637902
NVDA,2023-02-27 00:00:00-05:00,long,2023-02-27 09:58:00-05:00,23.80952,2023-02-27 10:01:00-05:00,23.680524,stop,900,23.689999999999998,24.048560000000002,0.1195200000000014,4,-116.0964000000007,9.0,0.17049977279999998,-125.2668997728007,-1.1645368489959769,0.9928933312783322,0.1999999999999993,85741.19417637902,85615.92727660622
SPY,2023-02-27 00:00:00-05:00,long,2023-02-27 09:59:00-05:00,382.813064,2023-02-27 10:36:00-05:00,381.91717200000005,stop,55,382.07000000000005,384.2991919999999,0.7430639999999471,38,-49.274059999997064,0.55,0.16804355568,-49.99210355567706,-1.223242328219388,1.2349098537335856,0.8199999999999932,85615.92727660622,85565.93517305054
QQQ,2023-02-27 00:00:00-05:00,long,2023-02-27 09:59:00-05:00,289.655816,2023-02-27 10:36:00-05:00,288.9493740000001,stop,73,289.06500000000005,290.83744799999994,0.5908159999999612,38,-51.57026599999449,0.73,0.16874643441600004,-52.46901243441049,-1.2165438901315668,0.9755469854396424,0.8100000000000023,85565.93517305054,85513.46616061614
SPY,2023-02-28 00:00:00-05:00,long,2023-02-28 09:47:00-05:00,380.6522,2023-02-28 10:11:00-05:00,379.48314600000003,stop,56,379.635,382.6866,1.0172000000000025,25,-65.46702399999776,0.56,0.170008449408,-66.19703244940577,-1.1621017156586289,1.0478298814972757,1.1499999999999773,85513.46616061614,85447.26912816674
QQQ,2023-02-28 00:00:00-05:00,long,2023-02-28 09:47:00-05:00,288.76545999999996,2023-02-28 09:51:00-05:00,287.649894,stop,73,287.765,290.7663799999999,1.0004599999999755,5,-81.43631799999594,0.73,0.167987538096,-82.33430553809194,-1.1273486187873298,0.8111796372409851,1.3500000000000227,85447.26912816674,85364.93482262864
META,2023-02-28 00:00:00-05:00,long,2023-02-28 09:47:00-05:00,173.26927999999998,2023-02-28 10:46:00-05:00,173.6805,time,123,171.595,176.61783999999994,1.6742799999999818,60,50.580060000001765,1.23,0.17090161199999998,49.17915838800177,0.2388074611176259,1.19879924603821,2.4499999999999886,85364.93482262864,85414.11398101664
AMZN,2023-02-28 00:00:00-05:00,short,2023-02-28 10:11:00-05:00,92.94280800000001,2023-02-28 10:21:00-05:00,93.39919474,stop,229,93.36185,92.10472400000003,0.41904199999999037,11,-104.51256345999657,2.29,0.170271224256,-106.97283468425258,-1.1147576674032573,0.4863933291749943,0.6037000000000035,85414.11398101664,85307.14114633239
NVDA,2023-02-28 00:00:00-05:00,short,2023-02-28 10:29:00-05:00,23.280684,2023-02-28 11:01:00-05:00,23.424366,stop,916,23.415,23.012052000000004,0.13431599999999833,33,-131.61271199999845,9.16,0.170600852352,-140.94331285235046,-1.1455689975282188,0.5706406177864118,0.21000000000000085,85307.14114633239,85166.19783348004
SPY,2023-03-01 00:00:00-05:00,long,2023-03-01 09:48:00-05:00,378.911504,2023-03-01 10:00:00-05:00,378.04872,stop,56,378.2,380.33451199999996,0.7115039999999908,13,-48.31590399999868,0.56,0.16936582656000002,-49.04526982655869,-1.2309254617823482,1.282821575246762,0.7400000000000091,85166.19783348004,85117.15256365348
QQQ,2023-03-01 00:00:00-05:00,long,2023-03-01 09:48:00-05:00,287.685028,2023-03-01 10:00:00-05:00,286.790238,stop,73,286.905,289.245084,0.7800280000000157,13,-65.31967000000003,0.73,0.16748549899199996,-66.21715549899203,-1.1628868731686326,1.0535876282396774,1.3100000000000023,85117.15256365348,85050.93540815449
AMZN,2023-03-01 00:00:00-05:00,long,2023-03-01 09:48:00-05:00,94.497784,2023-03-01 09:56:00-05:00,93.87243600000001,stop,225,93.91,95.673352,0.5877839999999992,9,-140.70329999999734,2.25,0.16897038479999998,-143.12227038479733,-1.0821985278401403,0.5023600520631737,0.7800000000000011,85050.93540815449,84907.81313776968
META,2023-03-01 00:00:00-05:00,long,2023-03-01 09:57:00-05:00,175.029984,2023-03-01 10:56:00-05:00,175.409808,time,121,173.57999999999998,177.92995200000007,1.449984000000029,60,45.95870399999819,1.21,0.169796694144,44.578907305854194,0.25408605993995637,0.5864765181490914,2.640000000000015,84907.81313776968,84952.39204507554
NVDA,2023-03-01 00:00:00-05:00,short,2023-03-01 10:04:00-05:00,22.900836,2023-03-01 10:33:00-05:00,22.58153700320001,target,927,23.064999999999998,22.57250800000001,0.16416399999999598,30,295.990170033594,9.27,0.16983259977600002,286.550337433818,1.8829694093223917,0.8587353167180556,0.2699999999999996,84952.39204507554,85238.94238250935
AMZN,2023-03-02 00:00:00-05:00,long,2023-03-02 09:46:00-05:00,91.75838868,2023-03-02 09:50:00-05:00,91.32845400000001,stop,232,91.36500000000001,92.54516603999997,0.39338867999998683,5,-99.74484575999725,2.32,0.16950561062400002,-102.23435137062124,-1.1201779055564152,0.6356759641730485,0.7099999999999937,85238.94238250935,85136.70803113874
NVDA,2023-03-02 00:00:00-05:00,long,2023-03-02 09:47:00-05:00,22.599035999999998,2023-03-02 10:46:00-05:00,22.680924,time,941,22.465,22.867107999999995,0.13403599999999827,60,77.05660800000268,9.41,0.17074199587199998,67.47586600413068,0.5349798010087125,0.48982840762344165,0.1700000000000017,85136.70803113874,85204.18389714287
QQQ,2023-03-02 00:00:00-05:00,long,2023-03-02 09:49:00-05:00,283.603396,2023-03-02 10:48:00-05:00,283.976364,time,75,283.045,284.7201879999999,0.5583959999999593,60,27.97260000000108,0.75,0.17038581839999997,27.05221418160108,0.6459505245167242,0.7975344383326429,0.8899999999999864,85204.18389714287,85231.23611132447
SPY,2023-03-02 00:00:00-05:00,long,2023-03-02 09:51:00-05:00,376.080372,2023-03-02 10:50:00-05:00,376.459356,time,56,375.515,377.21111600000006,0.5653720000000249,60,21.22310400000015,0.56,0.168653791488,20.49445020851215,0.6473124334986284,1.0327638358022941,0.7900000000000205,85231.23611132447,85251.73056153298
META,2023-03-02 00:00:00-05:00,short,2023-03-02 10:13:00-05:00,170.651712,2023-03-02 11:12:00-05:00,171.588608,time,124,171.79500000000002,168.36513599999998,1.1432880000000125,60,-116.17510399999878,1.24,0.169286498304,-117.58439049830278,-0.8294158722001629,0.4167158455644092,2.109999999999985,85251.73056153298,85134.14617103468
QQQ,2023-03-03 00:00:00-05:00,long,2023-03-03 09:46:00-05:00,290.19603199999995,2023-03-03 10:33:00-05:00,291.72136076159984,target,73,289.375,291.83809599999984,0.8210319999999456,48,111.34899959679228,0.73,0.1703652746847743,110.44863432210751,1.8427966153741897,0.9130801220450796,0.8099999999999454,85134.14617103468,85244.59480535678
AMZN,2023-03-03 00:00:00-05:00,long,2023-03-03 09:46:00-05:00,93.807508,2023-03-03 10:45:00-05:00,94.372236,time,227,93.115,95.192524,0.6925080000000037,60,128.19325600000053,2.27,0.17137998057599999,125.75187601942453,0.7999518014405601,0.8274035538176714,0.9099999999999966,85244.59480535678,85370.3466813762
SPY,2023-03-03 00:00:00-05:00,long,2023-03-03 09:47:00-05:00,382.572968,2023-03-03 10:03:00-05:00,381.812214,stop,55,381.965,383.78890400000006,0.607968000000028,17,-41.841470000001095,0.55,0.16799737416,-42.559467374161095,-1.2727783332543559,0.9740584889720016,0.6299999999999955,85370.3466813762,85327.78721400205
META,2023-03-03 00:00:00-05:00,long,2023-03-03 09:47:00-05:00,178.361316,2023-03-03 10:32:00-05:00,181.46133442080003,target,119,176.77499999999998,181.533948,1.5863160000000107,46,368.9021920752048,1.19,0.17275119036860162,367.5394408848362,1.947005974928484,0.8321125019101696,2.530000000000001,85327.78721400205,85695.32665488689
NVDA,2023-03-03 00:00:00-05:00,short,2023-03-03 10:03:00-05:00,23.120748,2023-03-03 10:25:00-05:00,23.319324,stop,926,23.310000000000002,22.742243999999992,0.1892520000000033,23,-183.88137600000255,9.26,0.17127850118399998,-193.31265450118653,-1.1030845961152278,0.6618849767912532,0.26000000000000156,85695.32665488689,85502.0140003857
META,2023-03-06 00:00:00-05:00,short,2023-03-06 09:46:00-05:00,184.69609200000002,2023-03-06 10:07:00-05:00,186.59960999999996,stop,115,186.52499999999998,181.0382760000001,1.8289079999999558,22,-218.90456999999245,1.1500000000000001,0.16992040464000002,-220.22449040463246,-1.0470704752431401,1.3539492933969832,2.969999999999999,85502.0140003857,85281.78950998106
AMZN,2023-03-06 00:00:00-05:00,short,2023-03-06 09:47:00-05:00,94.83705,2023-03-06 10:07:00-05:00,95.37468462,stop,224,95.33655,93.83805000000001,0.4994999999999976,21,-120.4301548799981,2.24,0.1699479936,-122.8401028735981,-1.0978845173173055,0.6858573492741634,0.7730999999999995,85281.78950998106,85158.94940710746
QQQ,2023-03-06 00:00:00-05:00,short,2023-03-06 09:48:00-05:00,294.58212,2023-03-06 09:53:00-05:00,295.383106,stop,72,295.265,293.21635999999995,0.6828800000000115,6,-57.67099200000166,0.72,0.16967930112,-58.56067130112166,-1.1910477052483737,0.941427730668693,1.009999999999991,85158.94940710746,85100.38873580634
SPY,2023-03-06 00:00:00-05:00,long,2023-03-06 10:08:00-05:00,388.385292,2023-03-06 11:07:00-05:00,388.984344,time,54,387.515,390.125876,0.8702920000000063,60,32.348808000001554,0.54,0.168041236608,31.640766763393554,0.6732684262845396,1.0845972264016113,1.009999999999991,85100.38873580634,85132.02950256973
NVDA,2023-03-06 00:00:00-05:00,long,2023-03-06 10:24:00-05:00,23.989592,2023-03-06 11:23:00-05:00,24.000396000000002,time,887,23.8,24.368775999999993,0.18959199999999754,60,9.58314800000338,8.870000000000001,0.17030681001599998,0.542841189987379,0.0032279675935894835,0.7810986358733348,0.3200000000000003,85132.02950256973,85132.57234375972
META,2023-03-07 00:00:00-05:00,short,2023-03-07 09:47:00-05:00,185.955588,2023-03-07 10:46:00-05:00,185.74426799999998,time,114,187.44,182.98676400000002,1.4844119999999918,60,24.09048000000331,1.1400000000000001,0.169591496256,22.78088850374731,0.13462054692095599,1.5546401326495658,2.519999999999982,85132.57234375972,85155.35323226347
SPY,2023-03-07 00:00:00-05:00,short,2023-03-07 10:01:00-05:00,385.115892,2023-03-07 11:00:00-05:00,382.86308399999996,time,55,386.61,382.1276759999999,1.4941080000000397,60,123.90444000000087,0.55,0.16945099247999998,123.18498900752088,1.4990396094954022,0.6542846594008369,0.45999999999997954,85155.35323226347,85278.538221271
QQQ,2023-03-07 00:00:00-05:00,short,2023-03-07 10:01:00-05:00,292.962768,2023-03-07 11:00:00-05:00,291.51655999999997,time,72,294.39,290.108304,1.4272320000000036,60,104.12697600000092,0.72,0.16874655436799998,103.23822944563292,1.0046469654940537,0.6766047359730871,1.1399999999999864,85278.538221271,85381.77645071663
AMZN,2023-03-07 00:00:00-05:00,short,2023-03-07 10:01:00-05:00,93.732492,2023-03-07 11:00:00-05:00,93.272294,time,227,94.43,92.33747599999997,0.6975080000000133,60,104.46494599999801,2.27,0.170218205472,102.02472779452602,0.6443627027417359,0.8297920272609567,1.1400000000000006,85381.77645071663,85483.80117851116
NVDA,2023-03-07 00:00:00-05:00,short,2023-03-07 10:02:00-05:00,23.430624,2023-03-07 10:31:00-05:00,23.654457999999998,stop,912,23.645,23.001872000000006,0.2143759999999979,30,-204.13660799999684,9.120000000000001,0.170949832704,-213.42755783270084,-1.091640132253605,0.5467733394039304,0.3299999999999983,85483.80117851116,85270.37362067845
AMZN,2023-03-08 00:00:00-05:00,short,2023-03-08 09:53:00-05:00,92.707902,2023-03-08 10:33:00-05:00,93.30730799999999,stop,229,93.27,91.58370600000002,0.5620979999999918,41,-137.26397399999718,2.29,0.169840876464,-139.72381487646118,-1.0854827151421933,0.7792636218213083,0.9399999999999977,85270.37362067845,85130.649805802
NVDA,2023-03-08 00:00:00-05:00,long,2023-03-08 09:56:00-05:00,23.639452,2023-03-08 10:02:00-05:00,23.4906,stop,900,23.5,23.918355999999996,0.13945199999999858,7,-133.9667999999982,9.0,0.16913232,-143.13593231999818,-1.1404635630898057,0.687736602736512,0.240000000000002,85130.649805802,84987.51387348199
SPY,2023-03-08 00:00:00-05:00,short,2023-03-08 10:01:00-05:00,380.07790800000004,2023-03-08 10:09:00-05:00,381.197418,stop,55,381.045,378.1437240000001,0.9670919999999796,9,-61.57304999999951,0.55,0.16723427952,-62.29028427951951,-1.1710888139536,0.8176749432679744,1.1100000000000136,84987.51387348199,84925.22358920248
QQQ,2023-03-08 00:00:00-05:00,short,2023-03-08 10:01:00-05:00,289.54413600000004,2023-03-08 10:10:00-05:00,290.951334,stop,73,290.835,286.96240800000015,1.2908639999999423,10,-102.72545399999541,0.73,0.169093775424,-103.62454777541942,-1.0996622053818224,0.7268296900676552,1.3899999999999864,84925.22358920248,84821.59904142706
META,2023-03-08 00:00:00-05:00,short,2023-03-08 10:02:00-05:00,179.82804000000002,2023-03-08 10:04:00-05:00,181.11741800000001,stop,117,181.04500000000002,177.39412000000002,1.2169600000000003,3,-150.8572259999999,1.17,0.16831904544,-152.1955450454399,-1.0689066397580849,0.7385067159545355,2.210000000000008,84821.59904142706,84669.40349638162
SPY,2023-03-09 00:00:00-05:00,long,2023-03-09 09:47:00-05:00,383.24323599999997,2023-03-09 10:17:00-05:00,382.30201800000003,stop,55,382.45500000000004,384.8197079999998,0.7882359999999267,31,-51.76698999999644,0.55,0.16821288792,-52.48520288791644,-1.2106481004978509,0.7150166179903726,1.1899999999999977,84669.40349638162,84616.91829349371
QQQ,2023-03-09 00:00:00-05:00,long,2023-03-09 09:47:00-05:00,293.8675,2023-03-09 10:46:00-05:00,294.372204,time,71,292.725,296.1525,1.142499999999984,60,35.83398400000027,0.71,0.167203411872,34.95678058812827,0.4309400633418036,0.813078940248962,1.4699999999999704,84616.91829349371,84651.87507408184
AMZN,2023-03-09 00:00:00-05:00,long,2023-03-09 09:47:00-05:00,95.28799996,2023-03-09 10:46:00-05:00,95.966598,time,222,94.36500000000001,97.13399987999996,0.9229999599999843,60,150.64876488000252,2.22,0.170436678048,148.25832820195453,0.723543159434181,1.00376477967453,1.6099999999999994,84651.87507408184,84800.13340228378
NVDA,2023-03-09 00:00:00-05:00,long,2023-03-09 09:58:00-05:00,24.30972,2023-03-09 10:17:00-05:00,24.135342,stop,872,24.145,24.639159999999997,0.1647199999999991,20,-152.0576159999976,8.72,0.168368145792,-160.9459841457896,-1.1205141011170365,0.9054151050066522,0.25,84800.13340228378,84639.187418138
META,2023-03-09 00:00:00-05:00,short,2023-03-09 10:18:00-05:00,183.936396,2023-03-09 11:17:00-05:00,185.12402,time,115,185.89,180.02918800000003,1.9536039999999844,60,-136.57675999999995,1.1500000000000001,0.16922148431999998,-137.89598148431995,-0.6137863616004109,0.9431792757130719,2.799999999999983,84639.187418138,84501.29143665367
SPY,2023-03-10 00:00:00-05:00,short,2023-03-10 09:46:00-05:00,371.15148000000005,2023-03-10 10:00:00-05:00,372.82407,stop,56,372.675,368.1044400000001,1.5235199999999622,15,-93.66503999999759,0.56,0.16627586304000003,-94.39131586303759,-1.1063584408737652,2.595734760443987,2.730000000000018,84501.29143665367,84406.90012079064
QQQ,2023-03-10 00:00:00-05:00,short,2023-03-10 09:46:00-05:00,283.68648,2023-03-10 10:01:00-05:00,285.74425199999996,stop,74,285.63,279.79944000000006,1.9435199999999782,16,-152.2751279999958,0.74,0.16794239616,-153.18307039615578,-1.065099145797299,1.6386973085110206,3.1200000000000045,84406.90012079064,84253.71705039448
NVDA,2023-03-10 00:00:00-05:00,short,2023-03-10 09:46:00-05:00,22.730904,2023-03-10 10:00:00-05:00,23.119244,stop,926,23.11,21.972711999999998,0.37909600000000054,15,-359.6028399999995,9.26,0.16839053683199998,-369.0312305368315,-1.0512425539493926,0.8224684782419125,0.6400000000000006,84253.71705039448,83884.68581985765
META,2023-03-10 00:00:00-05:00,short,2023-03-10 09:46:00-05:00,178.358628,2023-03-10 09:58:00-05:00,179.89192799999998,stop,117,179.82,175.43588400000004,1.461371999999983,13,-179.39609999999632,1.17,0.16694367580799999,-180.7330436758043,-1.0570387752221793,0.6969016697576093,2.1399999999999864,83884.68581985765,83703.95277618185
AMZN,2023-03-10 00:00:00-05:00,short,2023-03-10 09:46:00-05:00,91.06076112000001,2023-03-10 10:05:00-05:00,92.06181000000001,stop,229,92.025,89.13228336000002,0.9642388799999964,20,-229.24019351999976,2.29,0.16682331437184,-231.6970168343716,-1.0493015652811706,0.9822875219428417,1.5499999999999972,83703.95277618185,83472.25575934748
SPY,2023-03-13 00:00:00-04:00,long,2023-03-13 09:48:00-04:00,366.60658399999994,2023-03-13 10:08:00-04:00,369.8117680991998,target,56,364.93,369.9597519999998,1.6765839999999343,21,179.49030955519265,0.56,0.1656756721084415,178.7646338830842,1.90400576711647,2.731002232238928,1.9600000000000364,83472.25575934748,83651.02039323056
QQQ,2023-03-13 00:00:00-04:00,long,2023-03-13 09:49:00-04:00,282.783068,2023-03-13 10:48:00-04:00,284.42618400000003,time,73,280.79,286.769204,1.9930679999999938,60,119.94746800000149,0.73,0.166104891456,119.05136310854549,0.8182563718488408,1.7461541056725332,2.6200000000000045,83651.02039323056,83770.07175633911
META,2023-03-13 00:00:00-04:00,long,2023-03-13 09:49:00-04:00,176.840708,2023-03-13 09:58:00-04:00,180.45991115040002,target,118,174.995,180.532124,1.845708000000002,10,427.06597174720133,1.18,0.1703541561259776,425.71561759107533,1.9546751008885501,0.9164423701669379,3.3899999999999864,83770.07175633911,84195.78737393019
AMZN,2023-03-13 00:00:00-04:00,long,2023-03-13 10:09:00-04:00,90.796304,2023-03-13 11:08:00-04:00,92.123136,time,231,89.395,93.59891200000003,1.4013040000000103,60,306.4981919999991,2.31,0.170243555328,304.0179484446711,0.9391930765287092,1.6749973354869605,2.3499999999999943,84195.78737393019,84499.80532237486
NVDA,2023-03-13 00:00:00-04:00,long,2023-03-13 10:34:00-04:00,22.939172,2023-03-13 11:33:00-04:00,23.030784,time,920,22.58,23.657516,0.35917200000000093,60,84.28304000000125,9.200000000000001,0.16950657024,74.91353342976124,0.22670963696502272,0.8740068506177922,0.6600000000000001,84499.80532237486,84574.71885580462
NVDA,2023-03-14 00:00:00-04:00,long,2023-03-14 09:46:00-04:00,23.799515999999997,2023-03-14 10:45:00-04:00,23.970408000000003,time,888,23.58,24.238547999999994,0.2195159999999987,60,151.75209600000497,8.88,0.17028577843200002,142.70181022157297,0.7320661670949112,0.8093665360987999,0.33999999999999986,84574.71885580462,84717.42066602618
SPY,2023-03-14 00:00:00-04:00,long,2023-03-14 09:49:00-04:00,374.65980399999995,2023-03-14 09:51:00-04:00,373.43556600000005,stop,56,373.58500000000004,376.8094119999998,1.074803999999915,3,-68.55732799999441,0.56,0.16729913356800002,-69.28462713356241,-1.1511173055999029,2.2751771015405877,1.5699999999999932,84717.42066602618,84648.13603889263
QQQ,2023-03-14 00:00:00-04:00,long,2023-03-14 10:23:00-04:00,290.626204,2023-03-14 11:22:00-04:00,291.35341200000005,time,72,289.28499999999997,293.308612,1.3412040000000047,60,52.35897600000544,0.72,0.167819565312,51.47115643469344,0.5330115125693579,1.8771837107136373,1.9300000000000068,84648.13603889263,84699.60719532732
AMZN,2023-03-14 00:00:00-04:00,long,2023-03-14 10:28:00-04:00,94.12263399999999,2023-03-14 11:27:00-04:00,94.60294368000001,time,224,93.3161,95.73570199999996,0.806533999999985,60,107.58936832000427,2.24,0.16952847507456004,105.17983984492972,0.5821860658702396,1.143155221667312,1.21220000000001,84699.60719532732,84804.78703517225
NVDA,2023-03-15 00:00:00-04:00,short,2023-03-15 09:51:00-04:00,23.570567999999998,2023-03-15 10:50:00-04:00,23.399356,time,899,23.73,23.251703999999993,0.15943200000000246,60,153.91958799999733,8.99,0.169519525056,144.76006847494133,1.0099819073711336,0.7399705724591082,0.259999999999998,84804.78703517225,84949.54710364719
SPY,2023-03-15 00:00:00-04:00,short,2023-03-15 09:57:00-04:00,368.492544,2023-03-15 10:05:00-04:00,369.892898,stop,57,369.745,365.987632,1.2524559999999951,9,-79.8201779999996,0.5700000000000001,0.168032600064,-80.55821060006359,-1.1284244239733758,1.7801285584227495,1.9300000000000068,84949.54710364719,84868.98889304712
QQQ,2023-03-15 00:00:00-04:00,short,2023-03-15 10:35:00-04:00,287.754852,2023-03-15 10:59:00-04:00,289.425724,stop,73,289.31,284.6445560000001,1.5551479999999742,25,-121.97365599999813,0.73,0.168048833568,-122.87170483356613,-1.0823240224184465,1.3469989068596053,1.8600000000000136,84868.98889304712,84746.11718821355
META,2023-03-15 00:00:00-04:00,short,2023-03-15 10:35:00-04:00,189.97398,2023-03-15 11:04:00-04:00,191.90173,stop,111,191.825,186.27194000000006,1.851019999999977,30,-213.9802499999972,1.11,0.16869689424,-215.25894689423723,-1.0476763037892616,1.5713409852607472,3.2299999999999898,84746.11718821355,84530.85824131932
AMZN,2023-03-16 00:00:00-04:00,long,2023-03-16 09:51:00-04:00,97.23888,2023-03-16 10:49:00-04:00,98.94704534399997,target,217,96.36500000000001,98.98663999999997,0.8738799999999856,59,370.67187964799564,2.17,0.17177207071718395,368.33010757727845,1.9423419321156863,1.0850672657374387,1.5100000000000051,84530.85824131932,84899.1883488966
NVDA,2023-03-16 00:00:00-04:00,long,2023-03-16 09:52:00-04:00,24.119643999999997,2023-03-16 10:21:00-04:00,24.399168427199992,target,879,23.975,24.40893199999999,0.144643999999996,30,245.70197150879545,8.790000000000001,0.17157495238007034,236.7403965564154,1.8620145588657995,0.5836452303038772,0.25,84899.1883488966,85135.92874545301
QQQ,2023-03-16 00:00:00-04:00,long,2023-03-16 09:54:00-04:00,293.027164,2023-03-16 10:48:00-04:00,294.90348340320014,target,72,292.03,295.02149200000014,0.9971640000000548,55,135.0949970304082,0.72,0.16986440644024325,134.20513262396796,1.869261400665072,0.9883300291778719,1.579999999999984,85135.92874545301,85270.13387807699
META,2023-03-16 00:00:00-04:00,short,2023-03-16 09:55:00-04:00,195.511764,2023-03-16 10:48:00-04:00,197.22886,stop,109,197.15,192.235292,1.6382360000000062,54,-187.16346399999978,1.09,0.170486258208,-188.42395025820778,-1.0551960121203485,1.6187704711567803,2.9399999999999977,85270.13387807699,85081.70992781878
SPY,2023-03-16 00:00:00-04:00,long,2023-03-16 09:57:00-04:00,371.578572,2023-03-16 10:06:00-04:00,370.131888,stop,57,370.28,374.1757160000001,1.2985720000000356,10,-82.46098800000027,0.5700000000000001,0.168780140928,-83.19976814092827,-1.1240386017132393,0.9758270647840492,1.8599999999999568,85081.70992781878,84998.51015967785
SPY,2023-03-17 00:00:00-04:00,short,2023-03-17 09:49:00-04:00,376.619292,2023-03-17 10:00:00-04:00,377.73103199999997,stop,56,377.58,374.69787599999995,0.960708000000011,12,-62.25743999999986,0.56,0.168725442816,-62.98616544281586,-1.1707542295223778,1.458960712163676,1.4800000000000182,84998.51015967785,84935.52399423505
AMZN,2023-03-17 00:00:00-04:00,short,2023-03-17 09:50:00-04:00,99.170316,2023-03-17 09:56:00-04:00,100.07001199999999,stop,214,100.03,97.450948,0.8596840000000014,7,-192.5349439999982,2.14,0.169779580992,-194.8447235809902,-1.0590977179149432,3.9251004295740537,1.259999999999991,84935.52399423505,84740.67927065406
QQQ,2023-03-17 00:00:00-04:00,long,2023-03-17 10:01:00-04:00,302.17082,2023-03-17 10:19:00-04:00,300.899592,stop,70,301.02,304.47246,1.1508200000000102,19,-88.98596000000055,0.7000000000000001,0.16850377151999998,-89.85446377152054,-1.1154091836568676,0.9882195641566753,1.6800000000000068,84740.67927065406,84650.82480688253
META,2023-03-17 00:00:00-04:00,long,2023-03-17 10:02:00-04:00,199.92994,2023-03-17 10:10:00-04:00,198.50556600000002,stop,105,198.585,202.61981999999995,1.3449399999999798,9,-149.55926999999704,1.05,0.16674467544000002,-150.77601467543704,-1.067677401614937,2.1181939794298525,2.430000000000007,84650.82480688253,84500.0487922071
NVDA,2023-03-17 00:00:00-04:00,long,2023-03-17 10:04:00-04:00,26.320524,2023-03-17 10:34:00-04:00,26.044578,stop,802,26.055,26.851571999999997,0.2655239999999992,31,-221.30869199999808,8.02,0.16710201244800002,-229.49579401244608,-1.077696767990835,2.7138221602890327,0.490000000000002,84500.0487922071,84270.55299819466
AMZN,2023-03-20 00:00:00-04:00,short,2023-03-20 09:46:00-04:00,96.34134804000001,2023-03-20 10:45:00-04:00,96.81371,time,218,97.445,94.13404412000006,1.1036519599999792,60,-102.97490727999704,2.18,0.16801931098176004,-105.32292659097881,-0.43775819578512376,1.0688315063876876,2.0700000000000074,84270.55299819466,84165.23007160368
QQQ,2023-03-20 00:00:00-04:00,short,2023-03-20 09:49:00-04:00,296.6313,2023-03-20 10:01:00-04:00,298.06417799999997,stop,70,297.945,294.00390000000004,1.313699999999983,13,-100.30145999999718,0.7000000000000001,0.16611352799999998,-101.16757352799718,-1.10013781715763,1.1233522003800531,1.8500000000000227,84165.23007160368,84064.06249807568
NVDA,2023-03-20 00:00:00-04:00,short,2023-03-20 09:49:00-04:00,25.239900000000002,2023-03-20 10:28:00-04:00,25.430168000000002,stop,832,25.42,24.879700000000003,0.18009999999999948,40,-158.30297599999972,8.32,0.16799677440000002,-166.7909727743997,-1.1131033825652428,0.6455485005876602,0.31999999999999673,84064.06249807568,83897.27152530129
META,2023-03-20 00:00:00-04:00,short,2023-03-20 09:49:00-04:00,193.69249200000002,2023-03-20 10:48:00-04:00,194.457752,time,108,195.86,189.35747600000002,2.167507999999998,60,-82.64807999999823,1.08,0.16735031308800002,-83.89543031308622,-0.3583883150308946,0.7501404748979823,3.5200000000000102,83897.27152530129,83813.3760949882
SPY,2023-03-20 00:00:00-04:00,long,2023-03-20 10:01:00-04:00,376.690616,2023-03-20 10:19:00-04:00,375.17986800000006,stop,55,375.33000000000004,379.41184799999985,1.3606159999999363,19,-83.09113999999568,0.55,0.16507914192,-83.80621914191568,-1.119896751871206,0.9738915706400113,1.7800000000000296,83813.3760949882,83729.56987584628
QQQ,2023-03-21 00:00:00-04:00,short,2023-03-21 09:49:00-04:00,302.019144,2023-03-21 09:54:00-04:00,302.811076,stop,69,302.69000000000005,300.67743199999984,0.6708560000000716,6,-54.64330800000215,0.6900000000000001,0.16671456748799998,-55.50002256749015,-1.198987790452713,0.6758300099740505,0.9399999999999977,83729.56987584628,83674.0698532788
META,2023-03-21 00:00:00-04:00,short,2023-03-21 09:49:00-04:00,198.52056,2023-03-21 10:48:00-04:00,197.869116,time,105,200.315,194.93167999999997,1.7944400000000087,60,68.40161999999978,1.05,0.16675727039999996,67.18486272959979,0.3565768905731007,0.8770496314851455,2.930000000000007,83674.0698532788,83741.25471600839
AMZN,2023-03-21 00:00:00-04:00,long,2023-03-21 09:54:00-04:00,98.88573847999999,2023-03-21 10:06:00-04:00,98.41062,stop,211,98.44999999999999,99.75721543999998,0.4357384799999977,13,-100.24999927999829,2.11,0.16611712656,-102.52611640655829,-1.115131638041227,0.8115710265311964,0.7600000000000051,83741.25471600839,83638.72859960183
SPY,2023-03-21 00:00:00-04:00,long,2023-03-21 10:01:00-04:00,382.172808,2023-03-21 10:04:00-04:00,381.467352,stop,54,381.62,383.2784239999999,0.5528079999999704,4,-38.09462399999836,0.54,0.164793896064,-38.79941789606236,-1.2997419335755054,0.7885162542887496,0.7400000000000091,83638.72859960183,83599.92918170577
NVDA,2023-03-21 00:00:00-04:00,long,2023-03-21 10:02:00-04:00,26.290512,2023-03-21 10:06:00-04:00,26.099556,stop,794,26.11,26.651536,0.18051200000000023,5,-151.61906399999992,7.94,0.165784379712,-159.72484837971191,-1.114412318560537,0.8247752344867489,0.259999999999998,83599.92918170577,83440.20433332605
QQQ,2023-03-22 00:00:00-04:00,long,2023-03-22 09:51:00-04:00,304.94192799999996,2023-03-22 10:14:00-04:00,304.23325800000003,stop,68,304.355,306.11578399999985,0.5869279999999435,24,-48.189559999995026,0.68,0.16550289235200003,-49.03506289234703,-1.2286070285690858,0.43216124611700957,0.6899999999999977,83440.20433332605,83391.1692704337
NVDA,2023-03-22 00:00:00-04:00,long,2023-03-22 09:51:00-04:00,26.750695999999998,2023-03-22 10:50:00-04:00,26.849256,time,779,26.45,27.352087999999995,0.3006959999999985,60,76.77824000000206,7.79,0.167324563392,68.82091543661005,0.2938023982760099,1.1130949547955584,0.5399999999999991,83391.1692704337,83459.99018587031
SPY,2023-03-22 00:00:00-04:00,long,2023-03-22 10:21:00-04:00,383.123188,2023-03-22 11:13:00-04:00,382.307016,stop,54,382.46,384.4495640000001,0.6631880000000479,53,-44.073288000002776,0.54,0.16515663091199997,-44.77844463091478,-1.2503701154544287,0.5714449495774174,0.7599999999999909,83459.99018587031,83415.2117412394
NVDA,2023-03-23 00:00:00-04:00,long,2023-03-23 09:47:00-04:00,27.320923999999998,2023-03-23 09:48:00-04:00,27.159132000000003,stop,763,27.17,27.62277199999999,0.15092399999999628,2,-123.44729599999606,7.63,0.16577934172800002,-131.24307534172408,-1.1397078864594041,1.1113181586786893,0.23999999999999844,83415.2117412394,83283.96866589767
AMZN,2023-03-23 00:00:00-04:00,short,2023-03-23 09:48:00-04:00,99.47019600000002,2023-03-23 10:08:00-04:00,100.250084,stop,209,100.21000000000001,97.99058800000003,0.7398039999999924,21,-162.99659199999695,2.09,0.16631416771200003,-165.25290616770894,-1.068774650539864,0.7443739450068046,1.059999999999988,83283.96866589767,83118.71575972997
SPY,2023-03-23 00:00:00-04:00,long,2023-03-23 10:01:00-04:00,380.50214,2023-03-23 10:53:00-04:00,382.133505432,target,54,379.61,382.28641999999996,0.8921399999999835,53,88.09373332799976,0.54,0.165081674346624,87.38865165365313,1.8139623421846003,0.7898126992386115,1.1399999999999864,83118.71575972997,83206.10441138363
QQQ,2023-03-23 00:00:00-04:00,long,2023-03-23 10:01:00-04:00,305.612196,2023-03-23 10:54:00-04:00,307.6134933647999,target,68,304.55,307.7365879999999,1.0621959999999717,54,136.08822080639584,0.68,0.16734174039045116,135.2408790660054,1.872381798512773,0.9114664092596073,1.1000000000000227,83206.10441138363,83341.34529044964
META,2023-03-23 00:00:00-04:00,long,2023-03-23 10:16:00-04:00,203.73146,2023-03-23 11:15:00-04:00,204.99796800000001,time,102,202.215,206.76438,1.516459999999995,60,129.18381600000163,1.02,0.167278341888,127.99653765811362,0.8274982632288488,0.6391423408668097,2.6299999999999955,83341.34529044964,83469.34182810775
SPY,2023-03-24 00:00:00-04:00,short,2023-03-24 09:47:00-04:00,374.05032,2023-03-24 09:53:00-04:00,375.435114,stop,55,375.285,371.58095999999995,1.2346800000000258,7,-76.16366999999997,0.55,0.1645821408,-76.87825214079996,-1.1321041910130318,0.8910094624707415,1.8700000000000045,83469.34182810775,83392.46357596695
NVDA,2023-03-24 00:00:00-04:00,short,2023-03-24 09:47:00-04:00,26.609352,2023-03-24 10:46:00-04:00,26.600635999999998,time,783,26.88,26.068056000000006,0.2706479999999978,60,6.824628000002566,7.83,0.166680980928,-1.1720529809254345,-0.005530707102940852,0.8258254115906151,0.46000000000000085,83392.46357596695,83391.29152298602
AMZN,2023-03-24 00:00:00-04:00,short,2023-03-24 09:47:00-04:00,96.66701772,2023-03-24 09:55:00-04:00,97.473974,stop,215,97.435,95.13105316000001,0.7679822799999982,9,-173.49560019999876,2.15,0.16626727047839998,-175.81186747047715,-1.0647766718546634,0.9959260754649074,1.4699999999999989,83391.29152298602,83215.47965551555
SPY,2023-03-27 00:00:00-04:00,long,2023-03-27 09:47:00-04:00,382.873088,2023-03-27 09:54:00-04:00,381.887184,stop,54,382.03999999999996,384.53926400000006,0.833088000000032,8,-53.23881600000027,0.54,0.16497526348799998,-53.94379126348827,-1.1991039331642834,0.8916779244540416,1.2199999999999704,83215.47965551555,83161.53586425206
QQQ,2023-03-27 00:00:00-04:00,long,2023-03-27 09:47:00-04:00,306.602592,2023-03-27 10:17:00-04:00,305.52774,stop,67,305.65,308.5077760000001,0.9525920000000383,31,-72.01508400000142,0.67,0.16376286864,-72.84884686864143,-1.1414080969816853,1.1266903270571968,1.3799999999999955,83161.53586425206,83088.68701738342
META,2023-03-27 00:00:00-04:00,long,2023-03-27 09:52:00-04:00,203.861512,2023-03-27 10:06:00-04:00,202.404006,stop,101,202.485,206.614536,1.376511999999991,15,-147.2081059999995,1.01,0.16354243684800002,-148.38164843684748,-1.067281093116518,0.6299942643036308,2.2700000000000102,83088.68701738342,82940.30536894657
AMZN,2023-03-27 00:00:00-04:00,long,2023-03-27 09:52:00-04:00,99.209668,2023-03-27 09:56:00-04:00,98.70550200000001,stop,209,98.745,100.13900399999997,0.464667999999989,5,-105.37069399999659,2.09,0.165035599344,-107.62572959934059,-1.1082227397109246,0.8629533528105183,0.8299999999999983,82940.30536894657,82832.67963934723
SPY,2023-03-28 00:00:00-04:00,long,2023-03-28 09:46:00-04:00,380.121988,2023-03-28 09:51:00-04:00,379.353198,stop,54,379.505,381.355964,0.6169879999999921,6,-41.51465999999823,0.54,0.163880581536,-42.21854058153423,-1.2671637464326326,0.5612318003628091,0.8300000000000409,82832.67963934723,82790.46109876569
NVDA,2023-03-28 00:00:00-04:00,short,2023-03-28 09:51:00-04:00,25.919628,2023-03-28 10:50:00-04:00,26.020404,time,798,26.225,25.308883999999995,0.305372000000002,60,-80.41924799999981,7.98,0.165470905152,-88.56471890515182,-0.36343658562015857,0.7771055952777227,0.4700000000000024,82790.46109876569,82701.89637986054
AMZN,2023-03-28 00:00:00-04:00,long,2023-03-28 09:51:00-04:00,98.269292,2023-03-28 09:58:00-04:00,97.78587,stop,210,97.825,99.15787599999997,0.44429199999999014,8,-101.51861999999795,2.1,0.16428026159999998,-103.78290026159794,-1.1123411786842914,0.6357346822524836,0.710000000000008,82701.89637986054,82598.11347959895
META,2023-03-28 00:00:00-04:00,long,2023-03-28 10:20:00-04:00,198.87952,2023-03-28 10:33:00-04:00,197.291052,stop,103,197.37,201.89856000000003,1.509520000000009,14,-163.61220400000062,1.03,0.162567826848,-164.80477182684862,-1.0599702742699642,0.6843468719998325,2.3799999999999955,82598.11347959895,82433.3087077721
QQQ,2023-03-28 00:00:00-04:00,short,2023-03-28 10:33:00-04:00,300.009948,2023-03-28 11:32:00-04:00,301.01035599999994,time,68,301.39,297.24984400000005,1.3800519999999779,60,-68.02774399999566,0.68,0.16320541171199998,-68.87094941170767,-0.7338912443762645,1.0474732809951937,2.2200000000000273,82433.3087077721,82364.4377583604
SPY,2023-03-29 00:00:00-04:00,long,2023-03-29 09:49:00-04:00,384.013544,2023-03-29 09:49:00-04:00,383.45155800000003,stop,53,383.605,384.83063200000004,0.40854400000000624,1,-29.785257999999487,0.53,0.16258346059200002,-30.47784146059149,-1.4075683707605093,0.9007537907831682,0.4900000000000091,82364.4377583604,82333.9599168998
QQQ,2023-03-29 00:00:00-04:00,long,2023-03-29 09:49:00-04:00,306.052372,2023-03-29 09:55:00-04:00,305.31282600000003,stop,67,305.435,307.28711599999997,0.6173719999999889,7,-49.54958199999743,0.67,0.163647674736,-50.38322967473343,-1.2180476319107039,0.9811721921904469,0.8700000000000045,82333.9599168998,82283.57668722507
NVDA,2023-03-29 00:00:00-04:00,long,2023-03-29 09:49:00-04:00,27.0108,2023-03-29 09:54:00-04:00,26.854254000000005,stop,761,26.865000000000002,27.302399999999995,0.1457999999999977,6,-119.13150599999634,7.61,0.16348869835200003,-126.90499469834833,-1.1437642937722758,0.8893813737266126,0.23000000000000043,82283.57668722507,82156.67169252672
META,2023-03-29 00:00:00-04:00,short,2023-03-29 10:26:00-04:00,200.71968,2023-03-29 10:42:00-04:00,201.65562999999997,stop,102,201.575,199.00904000000006,0.8553199999999777,17,-95.4668999999962,1.02,0.16378725888,-96.6506872588762,-1.1078377185614594,0.458248004828192,1.2700000000000102,82156.67169252672,82060.02100526784
META,2023-03-30 00:00:00-04:00,long,2023-03-30 09:55:00-04:00,203.661432,2023-03-30 10:54:00-04:00,204.957984,time,100,202.255,206.47429599999998,1.4064319999999952,60,129.65520000000197,1.0,0.16396638719999998,128.49123361280198,0.9135971992446305,0.7055206291157128,2.4099999999999966,82060.02100526784,82188.51223888065
AMZN,2023-03-30 00:00:00-04:00,long,2023-03-30 09:55:00-04:00,101.87073199999999,2023-03-30 10:12:00-04:00,101.364438,stop,201,101.405,102.80219599999997,0.4657319999999885,18,-101.76509399999652,2.0100000000000002,0.162994016304,-103.93808801630053,-1.1103057455875815,1.0358745200657664,0.789999999999992,82188.51223888065,82084.57415086436
QQQ,2023-03-30 00:00:00-04:00,long,2023-03-30 10:00:00-04:00,309.843888,2023-03-30 10:05:00-04:00,309.07132200000007,stop,66,309.19500000000005,311.1416639999999,0.6488879999999426,6,-50.989355999995155,0.66,0.16318965801600002,-51.81254565801115,-1.209821372218312,0.9588100689016212,0.9499999999999886,82084.57415086436,82032.76160520634
NVDA,2023-03-30 00:00:00-04:00,long,2023-03-30 10:01:00-04:00,27.2609,2023-03-30 10:06:00-04:00,27.134142,stop,752,27.145,27.4927,0.11589999999999989,6,-95.32201599999911,7.5200000000000005,0.163238998272,-103.00525499827111,-1.1818384222260478,0.6839443714170864,0.18999999999999773,82032.76160520634,81929.75635020807
SPY,2023-03-30 00:00:00-04:00,short,2023-03-30 10:06:00-04:00,387.055116,2023-03-30 10:27:00-04:00,387.740034,stop,52,387.585,385.99534800000004,0.5298839999999814,22,-35.61573599999906,0.52,0.16101492825599997,-36.296750928255065,-1.3172966931026537,0.6992299630363952,0.6100000000000136,81929.75635020807,81893.45959927981
QQQ,2023-03-31 00:00:00-04:00,long,2023-03-31 09:48:00-04:00,311.384504,2023-03-31 10:47:00-04:00,311.965164,time,65,310.48,313.19351199999994,0.9045039999999744,60,37.7429000000015,0.65,0.16222188528,36.9306781147215,0.62815010070496,0.7891518285551371,1.4399999999999977,81893.45959927981,81930.39027739453
NVDA,2023-03-31 00:00:00-04:00,long,2023-03-31 09:48:00-04:00,27.390952,2023-03-31 10:47:00-04:00,27.38904,time,747,27.205,27.762856,0.18595200000000034,60,-1.4282639999979452,7.47,0.16367690304,-9.061940903037945,-0.0652378695577204,0.8124483717617466,0.3099999999999987,81930.39027739453,81921.3283364915
SPY,2023-03-31 00:00:00-04:00,long,2023-03-31 10:01:00-04:00,389.635792,2023-03-31 11:00:00-04:00,389.66407200000003,time,52,388.85,391.2073759999999,0.7857919999999581,60,1.4705600000027061,0.52,0.16210025395199998,0.7884597460507061,0.019296057256949484,0.9907325614781789,1.1400000000000432,81921.3283364915,81922.11679623755
META,2023-03-31 00:00:00-04:00,long,2023-03-31 10:04:00-04:00,208.12321599999999,2023-03-31 11:03:00-04:00,207.93679200000003,time,98,206.445,211.47964799999997,1.678215999999992,60,-18.269551999996054,0.98,0.163022444928,-19.412574444924054,-0.11803456428490772,0.6552140119979015,2.9499999999999886,81922.11679623755,81902.70422179262
AMZN,2023-03-31 00:00:00-04:00,long,2023-03-31 10:41:00-04:00,102.98977943999999,2023-03-31 11:40:00-04:00,103.053762,time,198,102.42985,104.10963831999997,0.5599294399999906,60,12.668546880002708,1.98,0.163237159008,10.525309720994708,0.09493719405790589,0.6852324250233551,0.959699999999998,81902.70422179262,81913.22953151361
SPY,2023-04-03 00:00:00-04:00,long,2023-04-03 09:47:00-04:00,393.627388,2023-04-03 10:46:00-04:00,393.452556,time,52,392.905,395.07216400000004,0.7223880000000236,60,-9.091263999999,0.52,0.16367626329600002,-9.774940263295,-0.2602197440267206,0.645828999240425,1.0500000000000114,81913.22953151361,81903.45459125032
QQQ,2023-04-03 00:00:00-04:00,long,2023-04-03 09:49:00-04:00,314.12559999999996,2023-04-03 09:58:00-04:00,313.059726,stop,65,313.185,316.0067999999999,0.9405999999999608,10,-69.28180999999682,0.65,0.16279105752,-70.09460105751683,-1.146479351273651,0.7925735919200724,1.169999999999959,81903.45459125032,81833.35999019281
AMZN,2023-04-03 00:00:00-04:00,long,2023-04-03 09:49:00-04:00,102.7911,2023-04-03 10:48:00-04:00,102.189108,time,199,102.11080000000001,104.15169999999998,0.6802999999999884,60,-119.79640799999913,1.99,0.162685059936,-121.94909305993512,-0.9007930513949818,0.851811300296855,0.8216000000000037,81833.35999019281,81711.41089713287
NVDA,2023-04-03 00:00:00-04:00,long,2023-04-03 10:19:00-04:00,27.781108,2023-04-03 10:59:00-04:00,27.553974,stop,735,27.564999999999998,28.213324000000004,0.21610800000000197,41,-166.94348999999963,7.3500000000000005,0.16201736712,-174.45550736711962,-1.09831395317155,0.7686206992110093,0.34999999999999787,81711.41089713287,81536.95538976575
NVDA,2023-04-04 00:00:00-04:00,short,2023-04-04 09:46:00-04:00,27.419028,2023-04-04 10:01:00-04:00,27.706077999999998,stop,743,27.695,26.867084000000002,0.27597199999999944,16,-213.27814999999788,7.43,0.162978702432,-220.8711287024299,-1.0771721487107306,0.8414721234037809,0.490000000000002,81536.95538976575,81316.08426106331
META,2023-04-04 00:00:00-04:00,long,2023-04-04 10:00:00-04:00,213.165232,2023-04-04 10:59:00-04:00,212.704884,time,95,211.95,215.59569600000003,1.2152320000000145,60,-43.73306000000099,0.9500000000000001,0.16165571184,-44.84471571184099,-0.38844404942595717,0.6357967289009946,1.9799999999999898,81316.08426106331,81271.23954535148
SPY,2023-04-04 00:00:00-04:00,long,2023-04-04 10:01:00-04:00,395.378088,2023-04-04 10:03:00-04:00,394.402176,stop,51,394.56,397.01426399999997,0.8180879999999888,3,-49.77151199999969,0.51,0.160916087808,-50.442428087807684,-1.2089985642229288,0.5556731676770047,1.1399999999999864,81271.23954535148,81220.79711726368
QQQ,2023-04-04 00:00:00-04:00,long,2023-04-04 10:01:00-04:00,315.486144,2023-04-04 10:23:00-04:00,314.054328,stop,64,314.18,318.09843200000006,1.3061440000000175,23,-91.63622400000168,0.64,0.16079581593599998,-92.43701981593767,-1.105795712129755,0.7003983140884855,1.5,81220.79711726368,81128.36009744773
AMZN,2023-04-04 00:00:00-04:00,long,2023-04-04 10:01:00-04:00,103.19126,2023-04-04 11:00:00-04:00,102.89552532,time,196,102.76035,104.05308,0.43090999999999724,60,-57.96399727999909,1.96,0.16134018370176,-60.08533746370085,-0.7114196565467438,0.6410334378977476,0.6392999999999915,81128.36009744773,81068.27475998402
QQQ,2023-04-05 00:00:00-04:00,short,2023-04-05 09:47:00-04:00,311.205468,2023-04-05 10:01:00-04:00,312.06977800000004,stop,65,311.94500000000005,309.7264039999999,0.7395320000000538,15,-56.18015000000298,0.65,0.16182684336,-56.99197684336298,-1.1856142043129736,0.9923680149881057,0.9499999999999886,81068.27475998402,81011.28278314066
NVDA,2023-04-05 00:00:00-04:00,short,2023-04-05 09:47:00-04:00,26.629344000000003,2023-04-05 10:01:00-04:00,26.81072,stop,760,26.8,26.28803200000001,0.17065599999999748,15,-137.84575999999745,7.6000000000000005,0.16190641152000002,-145.60766641151744,-1.1226621668854273,1.0835742017973784,0.28000000000000114,81011.28278314066,80865.67511672914
AMZN,2023-04-05 00:00:00-04:00,short,2023-04-05 09:47:00-04:00,102.57985164000002,2023-04-05 10:46:00-04:00,101.35062404,time,197,103.29249999999999,101.15455492000007,0.7126483599999744,60,242.1578372000031,1.97,0.16166584618464,240.02617135381846,1.7096888585935137,0.7547921432976269,1.2349999999999994,80865.67511672914,81105.70128808296
META,2023-04-05 00:00:00-04:00,short,2023-04-05 09:50:00-04:00,211.76526,2023-04-05 10:01:00-04:00,212.67003399999996,stop,95,212.58499999999998,210.12578000000008,0.8197399999999675,12,-85.95352999999491,0.9500000000000001,0.1609415976,-87.06447159759492,-1.1179985386585782,0.6752030721859975,1.4699999999999989,81105.70128808296,81018.63681648536
SPY,2023-04-05 00:00:00-04:00,long,2023-04-05 09:53:00-04:00,392.096776,2023-04-05 10:00:00-04:00,391.46335200000004,stop,51,391.62,393.0503279999999,0.47677599999997256,8,-32.304623999996636,0.51,0.15971704761600003,-32.97434104761263,-1.356099524338413,0.5516225999795843,0.5,81018.63681648536,80985.66247543776
META,2023-04-06 00:00:00-04:00,long,2023-04-06 09:53:00-04:00,208.22325599999996,2023-04-06 09:57:00-04:00,207.27705600000002,stop,97,207.36,209.94976799999986,0.8632559999999501,5,-91.78139999999493,0.97,0.160846995456,-92.91224699545093,-1.109587673237143,0.5882039210029649,1.0599999999999739,80985.66247543776,80892.75022844231
AMZN,2023-04-06 00:00:00-04:00,short,2023-04-06 09:57:00-04:00,99.94690524,2023-04-06 10:00:00-04:00,100.54520199999999,stop,202,100.505,98.83071572000003,0.5580947599999888,4,-120.85594551999645,2.02,0.16151419886784002,-123.03745971886428,-1.091385153377743,0.7232346943619865,0.9899999999999949,80892.75022844231,80769.71276872345
NVDA,2023-04-06 00:00:00-04:00,long,2023-04-06 10:01:00-04:00,26.640652,2023-04-06 11:00:00-04:00,26.709312,time,757,26.475,26.971955999999995,0.1656519999999979,60,51.975620000000966,7.57,0.161751593472,44.24386840652897,0.3528259574529859,0.8455513556083494,0.2099999999999973,80769.71276872345,80813.95663712997
QQQ,2023-04-06 00:00:00-04:00,long,2023-04-06 10:03:00-04:00,308.663416,2023-04-06 11:02:00-04:00,309.016344,time,65,307.81,310.37024799999995,0.8534159999999815,60,22.940320000001293,0.65,0.16068849888,22.129631501121295,0.39893307513337845,0.8450690488018129,1.2799999999999727,80813.95663712997,80836.0862686311
SPY,2023-04-06 00:00:00-04:00,long,2023-04-06 10:12:00-04:00,390.93631199999993,2023-04-06 10:43:00-04:00,389.82400800000005,stop,51,389.98,392.84893599999975,0.9563119999999117,32,-56.72750399999393,0.51,0.159048195264,-57.396552195257925,-1.1768362125164014,0.5304442031177123,1.1200000000000045,80836.0862686311,80778.68971643584
META,2023-04-10 00:00:00-04:00,short,2023-04-10 09:46:00-04:00,209.706084,2023-04-10 10:45:00-04:00,210.53418,time,96,211.445,206.22825200000003,1.738915999999989,60,-79.49721599999884,0.96,0.161054272512,-80.61827027251084,-0.48292939318057526,0.5859531358333406,3.1100000000000136,80778.68971643584,80698.07144616333
QQQ,2023-04-10 00:00:00-04:00,short,2023-04-10 09:47:00-04:00,307.66688400000004,2023-04-10 10:36:00-04:00,308.853492,stop,65,308.73,305.5406520000001,1.0631159999999795,50,-77.12951999999859,0.65,0.15998677968,-77.9395067796786,-1.1278819386332268,0.852224957899576,1.3600000000000136,80698.07144616333,80620.13193938366
NVDA,2023-04-10 00:00:00-04:00,long,2023-04-10 10:09:00-04:00,26.880748,2023-04-10 10:40:00-04:00,27.14138310240001,target,749,26.744999999999997,27.152244000000007,0.1357480000000031,32,195.21569169760681,7.49,0.16263116754958085,187.56306053005721,1.8447267829742182,0.5492546444668871,0.23000000000000043,80620.13193938366,80807.69499991371
SPY,2023-04-10 00:00:00-04:00,long,2023-04-10 10:10:00-04:00,390.65619999999996,2023-04-10 10:28:00-04:00,389.908974,stop,51,390.065,391.8385999999999,0.591199999999958,19,-38.10852599999771,0.51,0.15908286139199998,-38.77760886138971,-1.2861049928822887,0.7117518769507704,0.8300000000000409,80807.69499991371,80768.91739105232
AMZN,2023-04-11 00:00:00-04:00,short,2023-04-11 09:50:00-04:00,100.064958,2023-04-11 10:49:00-04:00,99.674854,time,201,100.56,99.07487400000001,0.495041999999998,60,78.41090400000161,2.0100000000000002,0.16090445246399998,76.23999954753761,0.7662046459411718,1.1456088987653683,0.8799999999999955,80768.91739105232,80845.15739059987
NVDA,2023-04-11 00:00:00-04:00,short,2023-04-11 09:54:00-04:00,27.2391,2023-04-11 10:53:00-04:00,27.200876,time,741,27.495,26.7273,0.25590000000000046,60,28.323983999999697,7.41,0.16147338479999998,20.752510615199697,0.10944152872215529,0.8026425343968606,0.46999999999999886,80845.15739059987,80865.90990121507
SPY,2023-04-11 00:00:00-04:00,short,2023-04-11 10:00:00-04:00,392.912772,2023-04-11 10:10:00-04:00,393.5823699999999,stop,51,393.42499999999995,391.88831600000015,0.5122279999999364,11,-34.149497999994594,0.51,0.16030841097600002,-34.81980641097059,-1.3328855552136525,0.5003154864887089,0.7099999999999795,80865.90990121507,80831.0900948041
QQQ,2023-04-11 00:00:00-04:00,short,2023-04-11 10:06:00-04:00,310.41578400000003,2023-04-11 11:05:00-04:00,310.06397599999997,time,65,311.28999999999996,308.66735200000016,0.874215999999933,60,22.86752000000405,0.65,0.16141620768,22.056103792324052,0.3881474071946616,0.6489940488209767,1.4399999999999977,80831.0900948041,80853.14619859641
META,2023-04-11 00:00:00-04:00,short,2023-04-11 10:12:00-04:00,212.484972,2023-04-11 10:20:00-04:00,213.445344,stop,95,213.36,210.73491599999997,0.8750280000000146,9,-91.23534000000063,0.9500000000000001,0.16148857871999997,-92.34682857872063,-1.1109037422528085,0.5273536522549831,1.5599999999999739,80853.14619859641,80760.79937001769
QQQ,2023-04-12 00:00:00-04:00,short,2023-04-12 09:46:00-04:00,309.945972,2023-04-12 10:45:00-04:00,309.65381199999996,time,65,311.375,307.08791599999995,1.4290280000000166,60,18.990400000001557,0.65,0.16117190543999999,18.17922809456156,0.1957137524415342,1.1245492481636525,2.3099999999999454,80760.79937001769,80778.97859811225
NVDA,2023-04-12 00:00:00-04:00,short,2023-04-12 09:46:00-04:00,26.7393,2023-04-12 10:45:00-04:00,26.700676,time,755,27.11,25.9979,0.37069999999999936,60,29.161119999998988,7.55,0.161505372,21.449614627998987,0.07663902239006934,0.9143333503982719,0.6000000000000014,80778.97859811225,80800.42821274025
SPY,2023-04-12 00:00:00-04:00,short,2023-04-12 09:47:00-04:00,393.862392,2023-04-12 10:11:00-04:00,395.21802399999996,stop,51,395.06,391.467176,1.1976080000000024,25,-69.13723199999782,0.51,0.160695855936,-69.80792785593383,-1.1429306577243594,0.8142537036447561,1.080000000000041,80800.42821274025,80730.62028488432
META,2023-04-12 00:00:00-04:00,short,2023-04-12 09:47:00-04:00,211.805244,2023-04-12 10:30:00-04:00,213.63041800000002,stop,95,213.54500000000002,208.32573199999993,1.7397560000000283,44,-173.3915300000031,0.9500000000000001,0.16097198544,-174.50250198544308,-1.0558195758209787,0.5868941068634221,2.049999999999983,80730.62028488432,80556.11778289889
AMZN,2023-04-12 00:00:00-04:00,short,2023-04-12 09:47:00-04:00,99.375234,2023-04-12 10:11:00-04:00,100.045002,stop,202,100.005,98.11570200000003,0.6297659999999894,25,-135.2931359999981,2.02,0.160590378144,-137.47372637814212,-1.08066012117517,1.3272471189953639,1.0100000000000051,80556.11778289889,80418.64405652074
NVDA,2023-04-13 00:00:00-04:00,short,2023-04-13 09:47:00-04:00,26.329464,2023-04-13 09:56:00-04:00,26.565621999999998,stop,763,26.555,25.878392000000005,0.22553599999999818,10,-180.18855399999703,7.63,0.160715048256,-187.97926904825303,-1.0923694475028294,0.7347977276673763,0.41000000000000014,80418.64405652074,80230.66478747249
AMZN,2023-04-13 00:00:00-04:00,long,2023-04-13 09:50:00-04:00,99.88493799999999,2023-04-13 10:49:00-04:00,100.464798,time,200,99.26499999999999,101.124814,0.6199380000000048,60,115.97200000000214,2.0,0.1607436768,113.81125632320214,0.9179245047343546,1.102625459131572,1.1099999999999994,80230.66478747249,80344.47604379569
META,2023-04-13 00:00:00-04:00,long,2023-04-13 09:54:00-04:00,217.356908,2023-04-13 10:53:00-04:00,216.76326,time,92,215.51999999999998,221.03072400000005,1.8369080000000224,60,-54.61561600000016,0.92,0.15953775935999998,-55.69515375936016,-0.32956582805453205,1.0208538977205832,3.4199999999999875,80344.47604379569,80288.78089003633
QQQ,2023-04-13 00:00:00-04:00,long,2023-04-13 10:07:00-04:00,310.584184,2023-04-13 11:06:00-04:00,311.32542,time,64,309.54999999999995,312.65255200000007,1.0341840000000388,60,47.43910400000095,0.64,0.15939861504,46.639705384960955,0.7046573884724455,1.1858779170540867,1.4599999999999795,80288.78089003633,80335.4205954213
SPY,2023-04-13 00:00:00-04:00,long,2023-04-13 10:08:00-04:00,393.377288,2023-04-13 11:07:00-04:00,393.8424,time,51,392.645,394.8418640000001,0.7322880000000396,60,23.720711999998798,0.51,0.1606876992,23.050024300798796,0.6171905873098452,0.7849706527543555,0.75,80335.4205954213,80358.4706197221
SPY,2023-04-14 00:00:00-04:00,long,2023-04-14 09:46:00-04:00,397.979128,2023-04-14 10:08:00-04:00,396.80121600000007,stop,50,396.96000000000004,400.01738399999994,1.0191279999999665,23,-58.89559999999676,0.5,0.15872048640000003,-59.55432048639676,-1.1687309246021838,0.7962141095839358,1.579999999999984,80358.4706197221,80298.9162992357
QQQ,2023-04-14 00:00:00-04:00,long,2023-04-14 09:47:00-04:00,313.805472,2023-04-14 10:09:00-04:00,312.404988,stop,63,312.53,316.3564160000001,1.2754720000000361,23,-88.23049200000037,0.63,0.157452113952,-89.01794411395237,-1.1078120412709693,1.0507354509676523,1.9599999999999795,80298.9162992357,80209.89835512175
NVDA,2023-04-14 00:00:00-04:00,long,2023-04-14 09:47:00-04:00,26.710679999999996,2023-04-14 10:19:00-04:00,26.434422,stop,750,26.445,27.24203999999999,0.26567999999999614,33,-207.19349999999625,7.5,0.158606532,-214.85210653199624,-1.0782500578741312,0.8353994655771435,0.45000000000000284,80209.89835512175,79995.04624858976
META,2023-04-14 00:00:00-04:00,long,2023-04-14 09:47:00-04:00,218.557388,2023-04-14 10:46:00-04:00,218.102724,time,91,217.09,221.492164,1.4673879999999997,60,-41.374424000000744,0.91,0.158778783072,-42.44320278307274,-0.31784969060126445,0.7903984960979039,2.740000000000009,79995.04624858976,79952.60304580668
AMZN,2023-04-14 00:00:00-04:00,long,2023-04-14 09:57:00-04:00,102.961168,2023-04-14 10:08:00-04:00,102.329052,stop,194,102.37,104.143504,0.5911679999999961,12,-122.63050399999929,1.94,0.158814688704,-124.72931868870329,-1.087566702554943,1.0236262018509643,1.0799999999999983,79952.60304580668,79827.87372711799
META,2023-04-17 00:00:00-04:00,short,2023-04-17 09:47:00-04:00,216.733272,2023-04-17 10:15:00-04:00,218.142222,stop,92,218.055,214.08981599999998,1.3217280000000073,29,-129.6234000000004,0.92,0.159515688192,-130.70291568819238,-1.0748685555394122,0.7134143350727987,2.009999999999991,79827.87372711799,79697.1708114298
AMZN,2023-04-17 00:00:00-04:00,short,2023-04-17 09:48:00-04:00,102.8308512,2023-04-17 09:51:00-04:00,103.381336,stop,193,103.34,101.81255359999999,0.5091488000000055,4,-106.24356640000128,1.93,0.1587708342528,-108.3323372342541,-1.102442835590697,0.7264336292263033,0.7800000000000011,79697.1708114298,79588.83847419554
NVDA,2023-04-17 00:00:00-04:00,long,2023-04-17 10:01:00-04:00,26.770704000000002,2023-04-17 11:00:00-04:00,26.7393,time,743,26.56,27.19211200000001,0.21070400000000333,60,-23.333172000001476,7.43,0.1589383992,-30.922110399201475,-0.19751838788063503,0.6213187526313686,0.35999999999999943,79588.83847419554,79557.91636379634
QQQ,2023-04-17 00:00:00-04:00,short,2023-04-17 10:07:00-04:00,311.705268,2023-04-17 10:18:00-04:00,312.705032,stop,63,312.58000000000004,309.9558039999999,0.8747320000000514,12,-62.98513200000173,0.63,0.157099455072,-63.77223145507373,-1.1572203167872765,0.6291713871730277,1.420000000000016,79557.91636379634,79494.14413234126
SPY,2023-04-17 00:00:00-04:00,short,2023-04-17 10:42:00-04:00,395.35179600000004,2023-04-17 11:41:00-04:00,395.198016,time,50,396.115,393.8253880000001,0.7632039999999733,60,7.689000000002011,0.5,0.15814071840000002,7.030859281602011,0.18424587087075686,0.6405661066317953,0.9300000000000068,79494.14413234126,79501.17499162286
QQQ,2023-04-18 00:00:00-04:00,long,2023-04-18 09:48:00-04:00,315.356092,2023-04-18 09:57:00-04:00,314.739054,stop,63,314.865,316.33827599999995,0.49109199999998054,10,-38.87339399999871,0.63,0.15862848321599998,-39.66202248321471,-1.2819510650387391,0.7972855141001522,0.6100000000000136,79501.17499162286,79461.51296913964
NVDA,2023-04-18 00:00:00-04:00,long,2023-04-18 09:49:00-04:00,28.041212,2023-04-18 09:58:00-04:00,27.718908000000003,stop,708,27.73,28.663636000000004,0.31121200000000115,10,-228.19123199999933,7.08,0.156999894912,-235.42823189491133,-1.0684862770844243,2.1979152988461417,0.5399999999999991,79461.51296913964,79226.08473724473
SPY,2023-04-18 00:00:00-04:00,short,2023-04-18 09:58:00-04:00,397.970748,2023-04-18 10:30:00-04:00,396.80090089760006,target,49,398.635,396.64224400000006,0.6642519999999763,33,57.32250801759784,0.49,0.156004533216,56.67650348438184,1.741302000469697,0.6768907960085625,0.5900000000000318,79226.08473724473,79282.76124072912
AMZN,2023-04-18 00:00:00-04:00,short,2023-04-18 10:02:00-04:00,103.00878,2023-04-18 11:01:00-04:00,101.89074,time,192,103.685,101.65634,0.6762200000000007,60,214.66368000000148,1.92,0.15822148608,212.58545851392148,1.6373605184111777,0.9828966035948512,1.0300000000000011,79282.76124072912,79495.34669924303
META,2023-04-18 00:00:00-04:00,short,2023-04-18 10:05:00-04:00,215.62371600000003,2023-04-18 11:04:00-04:00,215.17603599999998,time,92,217.25,212.3711480000001,1.6262839999999699,60,41.18656000000442,0.92,0.158699054976,40.10786094502842,0.26806819120895004,0.6085695999702655,2.5400000000000205,79495.34669924303,79535.45456018807
AMZN,2023-04-19 00:00:00-04:00,long,2023-04-19 09:46:00-04:00,103.21627,2023-04-19 10:24:00-04:00,102.16911600000002,stop,192,102.21000000000001,105.22880999999997,1.0062699999999865,39,-201.05356799999572,1.92,0.15693176217600002,-203.1304997621717,-1.0513792053106938,0.8419911472494424,1.6400000000000006,79535.45456018807,79332.32406042589
SPY,2023-04-19 00:00:00-04:00,long,2023-04-19 10:10:00-04:00,396.39849599999997,2023-04-19 11:09:00-04:00,396.54132,time,50,395.865,397.4654879999999,0.5334959999999569,60,7.141200000000936,0.5,0.15861652799999998,6.482583472000936,0.2430227582587858,0.9211308274927952,0.5500000000000114,79332.32406042589,79338.80664389789
QQQ,2023-04-19 00:00:00-04:00,long,2023-04-19 10:40:00-04:00,311.854692,2023-04-19 11:39:00-04:00,312.145092,time,63,311.05,313.464076,0.8046919999999886,60,18.295199999998545,0.63,0.157321126368,17.507878873630546,0.345353053421658,0.818585776593901,1.240000000000009,79338.80664389789,79356.31452277151
SPY,2023-04-20 00:00:00-04:00,long,2023-04-20 09:46:00-04:00,395.728228,2023-04-20 09:56:00-04:00,394.861992,stop,50,395.02,397.14468400000004,0.7082280000000196,11,-43.311800000000744,0.5,0.15794479679999998,-43.96974479680075,-1.2416833222295511,0.9957915398291016,0.9399999999999977,79356.31452277151,79312.34477797471
QQQ,2023-04-20 00:00:00-04:00,long,2023-04-20 09:46:00-04:00,311.46453599999995,2023-04-20 10:45:00-04:00,311.645292,time,63,310.51,313.3736079999999,0.9545359999999619,60,11.38762800000194,0.63,0.15706922716799998,10.600558772833939,0.17627709972597944,0.9805897277250322,1.5600000000000023,79312.34477797471,79322.94533674754
AMZN,2023-04-20 00:00:00-04:00,long,2023-04-20 09:47:00-04:00,104.69186,2023-04-20 10:46:00-04:00,104.163318,time,189,103.95,106.17558000000001,0.7418600000000026,60,-99.8944380000003,1.8900000000000001,0.157494936816,-101.9419329368163,-0.7270580790769143,1.0248908934991126,1.1800000000000068,79322.94533674754,79221.00340381073
META,2023-04-20 00:00:00-04:00,long,2023-04-20 09:48:00-04:00,212.58499999999998,2023-04-20 10:10:00-04:00,214.129314,target,93,211.76999999999998,214.21499999999997,0.8149999999999977,23,143.62120200000132,0.93,0.159312209616,142.53188979038532,1.8804919821938877,0.6725870009434414,1.0999999999999943,79221.00340381073,79363.5352936011
NVDA,2023-04-20 00:00:00-04:00,long,2023-04-20 09:50:00-04:00,27.801115999999997,2023-04-20 10:40:00-04:00,27.668928,stop,713,27.68,28.04334799999999,0.12111599999999711,51,-94.25004399999698,7.13,0.157823565312,-101.53786756530897,-1.1758095662340164,0.7427025123758537,0.21999999999999886,79363.5352936011,79261.9974260358
AMZN,2023-04-21 00:00:00-04:00,short,2023-04-21 09:50:00-04:00,105.61773600000001,2023-04-21 10:36:00-04:00,106.26749,stop,187,106.225,104.40320800000003,0.6072639999999865,47,-121.50399799999762,1.87,0.158004133056,-123.53200213305362,-1.0878282623175455,2.0017738784665102,1.0100000000000051,79261.9974260358,79138.46542390274
SPY,2023-04-21 00:00:00-04:00,short,2023-04-21 09:51:00-04:00,394.861992,2023-04-21 10:18:00-04:00,395.59817599999997,stop,50,395.44,393.70597599999996,0.5780080000000112,28,-36.80919999999901,0.5,0.15794479679999998,-37.46714479679901,-1.2964230528573406,0.8892918748706364,0.5199999999999818,79138.46542390274,79100.99827910594
QQQ,2023-04-21 00:00:00-04:00,short,2023-04-21 09:51:00-04:00,309.336216,2023-04-21 10:18:00-04:00,310.14901,stop,63,310.025,307.958648,0.6887839999999983,28,-51.20602199999979,0.63,0.15590545286399998,-51.99192745286379,-1.1981531071105,0.8241599247403216,0.8499999999999659,79100.99827910594,79049.00635165308
NVDA,2023-04-21 00:00:00-04:00,short,2023-04-21 10:00:00-04:00,26.699316000000003,2023-04-21 10:13:00-04:00,26.86074,stop,740,26.85,26.397948000000007,0.15068399999999826,14,-119.45375999999754,7.4,0.15805995072,-127.01181995071755,-1.1390565323989188,0.9426410620969587,0.26000000000000156,79049.00635165308,78921.99453170237
META,2023-04-21 00:00:00-04:00,long,2023-04-21 10:27:00-04:00,210.344104,2023-04-21 11:26:00-04:00,210.425796,time,93,208.885,213.26231199999998,1.4591039999999964,60,7.59735600000036,0.93,0.15655679222399999,6.51079920777636,0.04798053711867286,1.1304345399765892,2.25,78921.99453170237,78928.50533091015
AMZN,2023-04-24 00:00:00-04:00,long,2023-04-24 09:46:00-04:00,109.27299172,2023-04-24 09:58:00-04:00,108.321654,stop,180,108.365,111.08897515999999,0.9079917199999983,13,-171.24078959999963,1.8,0.15598318176,-173.19677278175965,-1.0597060215835448,1.6116986363432246,1.6899999999999977,78928.50533091015,78755.3085581284
SPY,2023-04-24 00:00:00-04:00,long,2023-04-24 10:33:00-04:00,396.538552,2023-04-24 10:35:00-04:00,395.701656,stop,49,395.86,397.8956559999999,0.6785519999999678,3,-41.007903999998405,0.49,0.15511504915199997,-41.65301904915041,-1.2527582458647353,0.7869029426727339,0.9599999999999795,78755.3085581284,78713.65553907925
QQQ,2023-04-24 00:00:00-04:00,short,2023-04-24 10:37:00-04:00,309.756048,2023-04-24 11:36:00-04:00,308.94352799999996,time,63,310.915,307.438144,1.1589519999999993,60,51.18876000000398,0.63,0.156117048192,50.40264295181198,0.6903150014979599,0.7938072812103566,1.8899999999999864,78713.65553907925,78764.05818203106
NVDA,2023-04-24 00:00:00-04:00,short,2023-04-24 10:37:00-04:00,26.929224,2023-04-24 11:36:00-04:00,26.830728,time,731,27.13,26.527672000000006,0.20077599999999762,60,72.00057600000059,7.3100000000000005,0.157482101952,64.53309389804859,0.43969680742719175,0.7439017541660811,0.35999999999999943,78764.05818203106,78828.59127592911
META,2023-04-24 00:00:00-04:00,short,2023-04-24 10:40:00-04:00,210.175896,2023-04-24 11:39:00-04:00,209.56379199999998,time,93,211.22,208.08768799999999,1.0441040000000044,60,56.925672000001526,0.93,0.156370866624,55.839301133377525,0.5750601403998202,0.739923637493973,1.6800000000000068,78828.59127592911,78884.43057706249
SPY,2023-04-25 00:00:00-04:00,short,2023-04-25 09:47:00-04:00,393.54252,2023-04-25 10:46:00-04:00,393.23723199999995,time,50,394.33500000000004,391.95756,0.7924800000000118,60,15.264400000003775,0.5,0.157417008,14.606982992003775,0.36863978881494947,0.7590203509741082,0.589999999999975,78884.43057706249,78899.0375600545
QQQ,2023-04-25 00:00:00-04:00,short,2023-04-25 09:47:00-04:00,307.986756,2023-04-25 10:00:00-04:00,308.82848199999995,stop,64,308.705,306.5502680000001,0.7182439999999701,14,-53.87046399999599,0.64,0.157689219072,-54.66815321906799,-1.1892753633138222,0.6726797028546195,0.8700000000000045,78899.0375600545,78844.36940683542
NVDA,2023-04-25 00:00:00-04:00,short,2023-04-25 09:47:00-04:00,26.849256,2023-04-25 10:46:00-04:00,26.580628,time,734,27.035,26.477768,0.1857439999999997,60,197.17295199999973,7.34,0.157658831232,189.67529316876772,1.3912331270565943,0.7573181978966027,0.3100000000000023,78844.36940683542,79034.04470000419
AMZN,2023-04-25 00:00:00-04:00,short,2023-04-25 09:47:00-04:00,104.55816,2023-04-25 10:46:00-04:00,104.356726,time,188,105.05000000000001,103.57447999999998,0.4918400000000105,60,37.86959200000115,1.8800000000000001,0.15725547263999998,35.83233652736114,0.3875193858165298,0.8812992403537372,0.7999999999999972,79034.04470000419,79069.87703653156
META,2023-04-25 00:00:00-04:00,short,2023-04-25 09:55:00-04:00,207.397008,2023-04-25 10:54:00-04:00,207.90312799999998,time,95,208.485,205.22102399999997,1.087992000000014,60,-48.08139999999824,0.9500000000000001,0.15762172608,-49.189021726078245,-0.47590347729025106,0.9253104449216571,1.8699999999999761,79069.87703653156,79020.68801480548
AMZN,2023-04-26 00:00:00-04:00,long,2023-04-26 09:46:00-04:00,105.53219599999998,2023-04-26 10:45:00-04:00,105.36283800000001,time,187,104.615,107.36658799999996,0.9171959999999899,60,-31.669945999995164,1.87,0.157622805648,-33.697568805643165,-0.1964693508301128,1.3894238210195071,1.0300000000000011,79020.68801480548,78986.99044599984
META,2023-04-26 00:00:00-04:00,long,2023-04-26 09:52:00-04:00,211.024376,2023-04-26 10:22:00-04:00,208.796448,stop,93,208.88,215.31312799999998,2.144375999999994,31,-207.1973039999992,0.93,0.15534455731199998,-208.2826485573112,-1.044405632027218,1.1097770245594296,3.6399999999999864,78986.99044599984,78778.70779744252
QQQ,2023-04-26 00:00:00-04:00,long,2023-04-26 09:59:00-04:00,308.02315999999996,2023-04-26 10:15:00-04:00,307.00215000000003,stop,63,307.125,309.8194799999999,0.8981599999999617,17,-64.32362999999577,0.63,0.1547290836,-65.10835908359577,-1.1506480105994221,1.187745947407618,1.3700000000000045,78778.70779744252,78713.59943835893
NVDA,2023-04-26 00:00:00-04:00,long,2023-04-26 10:12:00-04:00,27.120843999999998,2023-04-26 10:18:00-04:00,26.844258,stop,725,26.855,27.652531999999994,0.26584399999999775,7,-200.5248499999987,7.25,0.15569669639999997,-207.93054669639872,-1.0788310214411485,1.1235918543297025,0.39000000000000057,78713.59943835893,78505.66889166253
SPY,2023-04-26 00:00:00-04:00,short,2023-04-26 10:14:00-04:00,389.74404,2023-04-26 11:05:00-04:00,390.621186,stop,50,390.46500000000003,388.3021199999999,0.7209600000000478,52,-43.85730000000194,0.5,0.15589761599999996,-44.51319761600194,-1.2348312698623776,0.9890363457936899,0.8499999999999659,78505.66889166253,78461.15569404652
NVDA,2023-04-27 00:00:00-04:00,short,2023-04-27 09:49:00-04:00,26.859252,2023-04-27 10:48:00-04:00,26.840731999999996,time,730,27.16,26.257756000000004,0.3007479999999987,60,13.519600000004282,7.3,0.15685803168,6.062741968324282,0.02761490012903129,0.8191223856064567,0.5600000000000023,78461.15569404652,78467.21843601485
META,2023-04-27 00:00:00-04:00,long,2023-04-27 09:50:00-04:00,238.725452,2023-04-27 09:58:00-04:00,236.560338,stop,82,236.655,242.86635599999997,2.070451999999989,9,-177.53934799999905,0.8200000000000001,0.15518358172799998,-178.51453158172706,-1.0514643578812743,7.104215870352802,3.8899999999999864,78467.21843601485,78288.70390443313
SPY,2023-04-27 00:00:00-04:00,long,2023-04-27 09:54:00-04:00,391.376488,2023-04-27 10:53:00-04:00,391.433364,time,50,390.76,392.609464,0.6164880000000039,60,2.843799999999419,0.5,0.1565733456,2.187226654399419,0.07095763922085767,1.2647948437303642,0.7599999999999909,78288.70390443313,78290.89113108753
QQQ,2023-04-27 00:00:00-04:00,long,2023-04-27 10:10:00-04:00,310.294068,2023-04-27 10:40:00-04:00,311.3975951183999,target,63,309.68,311.52220399999993,0.6140679999999747,31,69.52220845919612,0.63,0.15694438793967355,68.73526407125645,1.7767347226024417,1.1624702453614097,0.9199999999999591,78290.89113108753,78359.62639515879
AMZN,2023-04-27 00:00:00-04:00,long,2023-04-27 10:16:00-04:00,108.603424,2023-04-27 11:15:00-04:00,109.32625200000001,time,180,107.6,110.61027200000002,1.0034240000000096,60,130.10904000000124,1.8,0.15742980288,128.15161019712124,0.7095239798769015,1.631807498823386,1.6000000000000085,78359.62639515879,78487.77800535591
SPY,2023-04-28 00:00:00-04:00,long,2023-04-28 09:47:00-04:00,396.198416,2023-04-28 10:24:00-04:00,397.7360899008,target,49,395.35,397.895248,0.8484159999999861,38,75.34602113919868,0.49,0.15591254724111359,74.70010859195757,1.796868531570352,0.8967849899381747,0.9200000000000159,78487.77800535591,78562.47811394787
META,2023-04-28 00:00:00-04:00,short,2023-04-28 09:53:00-04:00,235.28584800000002,2023-04-28 10:16:00-04:00,236.859706,stop,83,236.765,232.32754400000007,1.4791519999999707,24,-130.63021399999775,0.8300000000000001,0.156229803072,-131.61644380306976,-1.0720604013542925,2.0027435649938665,2.6699999999999875,78562.47811394787,78430.8616701448
NVDA,2023-04-28 00:00:00-04:00,long,2023-04-28 10:10:00-04:00,27.330928,2023-04-28 11:09:00-04:00,27.219108000000002,time,717,27.16,27.672784,0.17092799999999997,60,-80.17493999999859,7.17,0.15612880348799998,-87.50106880348659,-0.7139716890386482,0.6406264502115547,0.28000000000000114,78430.8616701448,78343.36060134132
QQQ,2023-04-28 00:00:00-04:00,long,2023-04-28 10:11:00-04:00,315.065976,2023-04-28 10:57:00-04:00,313.78943399999997,stop,62,313.91499999999996,317.367928,1.1509760000000142,47,-79.14560400000039,0.62,0.15563955926399997,-79.9212435592644,-1.1199645478897826,1.3808799160027538,1.7099999999999795,78343.36060134132,78263.43935778206
SPY,2023-05-01 00:00:00-04:00,long,2023-05-01 09:46:00-04:00,399.77984799999996,2023-05-01 10:00:00-04:00,398.95035600000006,stop,48,399.11,401.11954399999985,0.6698479999999449,15,-39.815615999995316,0.48,0.153196936704,-40.44881293669931,-1.2580221227024215,0.7437763684794336,0.8600000000000136,78263.43935778206,78222.99054484536
NVDA,2023-05-01 00:00:00-04:00,long,2023-05-01 09:49:00-04:00,28.171263999999997,2023-05-01 10:48:00-04:00,28.43862,time,694,27.935,28.643791999999994,0.23626399999999848,60,185.5450640000021,6.94,0.15789121824,178.4471727817621,1.0883100727999386,1.1787412253682623,0.4299999999999997,78222.99054484536,78401.43771762712
QQQ,2023-05-01 00:00:00-04:00,long,2023-05-01 09:51:00-04:00,316.70663199999996,2023-05-01 10:00:00-04:00,316.03353599999997,stop,61,316.15999999999997,317.79989599999993,0.5466319999999882,10,-41.058855999999196,0.61,0.15422436556799998,-41.82308036556719,-1.2542702737637048,0.676129533604906,0.7199999999999704,78401.43771762712,78359.61463726156
META,2023-05-01 00:00:00-04:00,long,2023-05-01 09:53:00-04:00,238.29528,2023-05-01 09:59:00-04:00,236.71527600000002,stop,82,236.81,241.26583999999997,1.4852799999999888,7,-129.56032799999787,0.8200000000000001,0.155285221056,-130.53561322105386,-1.071782911106314,0.7761325519228942,2.1200000000000045,78359.61463726156,78229.0790240405
AMZN,2023-05-01 00:00:00-04:00,short,2023-05-01 10:41:00-04:00,103.26997548000001,2023-05-01 11:40:00-04:00,102.425954,time,189,104.351,101.10792644000004,1.0810245199999855,60,159.52005972000174,1.8900000000000001,0.15614420292576,157.473915517076,0.7707459958412234,0.9971468558255494,1.7580000000000098,78229.0790240405,78386.55293955759
AMZN,2023-05-02 00:00:00-04:00,long,2023-05-02 09:48:00-04:00,102.651044,2023-05-02 10:47:00-04:00,102.78876804,time,190,101.815,104.323132,0.8360440000000011,60,26.167567599999018,1.9000000000000001,0.15623892742079998,24.111328672578217,0.15178833871862565,1.0550429707623956,1.3299999999999983,78386.55293955759,78410.66426823016
SPY,2023-05-02 00:00:00-04:00,short,2023-05-02 09:56:00-04:00,396.951156,2023-05-02 10:11:00-04:00,395.6916813872001,target,49,397.65999999999997,395.53346800000014,0.7088439999999423,16,61.714256027196086,0.49,0.15560485315199998,61.068651174044085,1.7582133777700335,0.9622993726833103,0.9799999999999613,78410.66426823016,78471.73291940421
NVDA,2023-05-02 00:00:00-04:00,short,2023-05-02 09:59:00-04:00,28.398636,2023-05-02 10:58:00-04:00,28.141251999999998,time,690,28.605,27.985908,0.20636400000000066,60,177.59496000000127,6.9,0.15676047072000002,170.53819952928126,1.1976740657866731,1.1206908755048437,0.3500000000000014,78471.73291940421,78642.2711189335
QQQ,2023-05-02 00:00:00-04:00,short,2023-05-02 10:10:00-04:00,315.203868,2023-05-02 10:28:00-04:00,313.90711664159994,target,62,315.915,313.78160399999996,0.7111320000000205,19,80.39858422080363,0.62,0.15634111852799998,79.62224310227562,1.8058950060692267,0.7968655772858918,1.1299999999999955,78642.2711189335,78721.89336203577
META,2023-05-02 00:00:00-04:00,short,2023-05-02 10:16:00-04:00,239.25426000000002,2023-05-02 11:15:00-04:00,237.775072,time,82,241.125,235.51278000000005,1.8707399999999836,60,121.2934160000018,0.8200000000000001,0.15695079456,120.3164652054418,0.7843281086201368,1.154911761717484,3.329999999999984,78721.89336203577,78842.20982724121
SPY,2023-05-03 00:00:00-04:00,long,2023-05-03 09:46:00-04:00,395.43811199999993,2023-05-03 10:14:00-04:00,394.81201200000004,stop,49,394.97,396.37433599999974,0.4681119999999055,29,-30.678899999994826,0.49,0.15476630870400002,-31.323666308698826,-1.3656101447859132,0.6939152461188619,0.5200000000000387,78842.20982724121,78810.88616093251
QQQ,2023-05-03 00:00:00-04:00,long,2023-05-03 09:46:00-04:00,314.68582399999997,2023-05-03 10:11:00-04:00,313.84441200000003,stop,62,313.97,316.11747199999985,0.715823999999941,26,-52.16754399999593,0.62,0.155666828352,-52.94321082834792,-1.1929227789177292,0.6936009921843576,0.8199999999999932,78810.88616093251,78757.94295010416
NVDA,2023-05-03 00:00:00-04:00,short,2023-05-03 09:47:00-04:00,27.518988000000004,2023-05-03 10:04:00-04:00,27.756098,stop,715,27.745,27.06696400000001,0.22601199999999722,18,-169.53364999999837,7.15,0.15740861136,-176.8410586113584,-1.094323097463855,1.0999646682429127,0.39000000000000057,78757.94295010416,78581.1018914928
META,2023-05-03 00:00:00-04:00,short,2023-05-03 09:50:00-04:00,236.965176,2023-05-03 10:00:00-04:00,238.03517599999998,stop,82,237.94,235.01552800000005,0.9748239999999839,11,-87.73999999999711,0.8200000000000001,0.155449155456,-88.7154491554531,-1.1098369771445742,0.41910398181177644,1.240000000000009,78581.1018914928,78492.38644233735
AMZN,2023-05-03 00:00:00-04:00,long,2023-05-03 09:52:00-04:00,105.44216,2023-05-03 10:51:00-04:00,105.017976,time,186,104.41,107.50648000000001,1.0321600000000046,60,-78.8982239999994,1.86,0.156266748288,-80.9144907482874,-0.4214696789334937,0.862959127519813,1.6599999999999966,78492.38644233735,78411.47195158906
SPY,2023-05-04 00:00:00-04:00,short,2023-05-04 09:46:00-04:00,388.624488,2023-05-04 09:55:00-04:00,390.00594,stop,50,389.85,386.1734639999999,1.2255120000000375,10,-69.07260000000122,0.5,0.1554497952,-69.72804979520122,-1.1379415264020114,1.2667615983074993,2.079999999999984,78411.47195158906,78341.74390179386
QQQ,2023-05-04 00:00:00-04:00,short,2023-05-04 09:46:00-04:00,309.86600400000003,2023-05-04 09:55:00-04:00,310.78926599999994,stop,63,310.66499999999996,308.26801200000017,0.7989959999999314,10,-58.16550599999425,0.63,0.15617246601600002,-58.95167846601026,-1.1711459482049837,0.9528005310645761,1.1899999999999977,78341.74390179386,78282.79222332785
NVDA,2023-05-04 00:00:00-04:00,long,2023-05-04 09:56:00-04:00,27.691072,2023-05-04 10:24:00-04:00,27.533982,stop,706,27.545,27.98321599999999,0.14607199999999665,29,-110.90553999999761,7.0600000000000005,0.15551193033600003,-118.12105193033362,-1.1453959133577993,0.6303783176701107,0.25,78282.79222332785,78164.67117139752
AMZN,2023-05-04 00:00:00-04:00,short,2023-05-04 10:17:00-04:00,103.878432,2023-05-04 11:09:00-04:00,104.73687799999999,stop,188,104.695,102.24529600000002,0.8165679999999895,53,-161.38784799999746,1.8800000000000001,0.156233161728,-163.42408116172547,-1.0645494649018792,0.7946870747248233,1.3900000000000006,78164.67117139752,78001.2470902358
META,2023-05-05 00:00:00-04:00,short,2023-05-05 09:47:00-04:00,228.00876,2023-05-05 09:50:00-04:00,229.28167599999998,stop,85,229.19,225.64628,1.1812400000000025,4,-108.19785999999837,0.85,0.15504595679999997,-109.20290595679836,-1.087619848701346,1.0698686477541433,2.0600000000000023,78001.2470902358,77892.044184279
QQQ,2023-05-05 00:00:00-04:00,long,2023-05-05 09:50:00-04:00,313.615396,2023-05-05 10:36:00-04:00,315.20005752479994,target,62,312.76,315.32618799999995,0.8553959999999847,47,98.2490145375981,0.62,0.15633922853230076,97.47267530906579,1.8379089034082448,1.2077928031807077,1.1000000000000227,77892.044184279,77989.51685958807
NVDA,2023-05-05 00:00:00-04:00,long,2023-05-05 09:50:00-04:00,27.951176,2023-05-05 10:34:00-04:00,28.262218588800003,target,697,27.79,28.273528000000002,0.1611760000000011,45,216.7966843936021,6.97,0.1575901308511488,209.66909426275095,1.8663851383040315,0.7928986964746939,0.23999999999999844,77989.51685958807,78199.18595385081
AMZN,2023-05-05 00:00:00-04:00,short,2023-05-05 09:58:00-04:00,103.593546,2023-05-05 10:07:00-04:00,104.32171199999999,stop,188,104.28,102.22063800000001,0.6864539999999977,10,-136.89520799999764,1.8800000000000001,0.155804693184,-138.93101269318163,-1.0765393578710152,0.7785032643709533,1.1599999999999966,78199.18595385081,78060.25494115763
SPY,2023-05-05 00:00:00-04:00,long,2023-05-05 10:01:00-04:00,394.02754799999997,2023-05-05 11:00:00-04:00,394.49214,time,49,393.005,396.0726439999999,1.022547999999972,60,22.7650080000019,0.49,0.15464091888,22.120367081121902,0.44148153717972277,1.530897217571377,1.5900000000000318,78060.25494115763,78082.37530823876
SPY,2023-05-08 00:00:00-04:00,short,2023-05-08 09:47:00-04:00,395.521728,2023-05-08 10:46:00-04:00,395.788252,time,49,396.19,394.185184,0.6682720000000018,60,-13.059676000000195,0.49,0.155044517376,-13.704720517376195,-0.41852445385113135,0.7377956280197564,0.6599999999999682,78082.37530823876,78068.67058772138
QQQ,2023-05-08 00:00:00-04:00,short,2023-05-08 09:48:00-04:00,315.59371200000004,2023-05-08 10:47:00-04:00,316.20643199999995,time,61,316.21500000000003,314.35113600000005,0.6212879999999927,60,-37.37591999999455,0.61,0.154009731456,-38.13992973145055,-1.0063686240453993,0.881619053455244,0.910000000000025,78068.67058772138,78030.53065798993
AMZN,2023-05-08 00:00:00-04:00,long,2023-05-08 10:03:00-04:00,105.59492107999999,2023-05-08 10:11:00-04:00,105.10294200000001,stop,184,105.14500000000001,106.49476323999995,0.44992107999998154,9,-90.5241507199961,1.84,0.154711530624,-92.5188622506201,-1.11757356098096,0.5701226790234994,0.7900000000000063,78030.53065798993,77938.01179573931
META,2023-05-08 00:00:00-04:00,short,2023-05-08 10:10:00-04:00,228.27865200000002,2023-05-08 10:47:00-04:00,229.73185599999996,stop,85,229.64,225.5559560000001,1.361347999999964,38,-123.52233999999513,0.85,0.15522948336,-124.52756948335512,-1.0761614438159688,0.5278076429832762,2.2600000000000193,77938.01179573931,77813.48422625595
NVDA,2023-05-08 00:00:00-04:00,long,2023-05-08 10:48:00-04:00,28.571423999999997,2023-05-08 11:47:00-04:00,28.818468,time,680,28.42,28.874271999999987,0.15142399999999512,60,167.9899200000017,6.8,0.15677246592,161.03314753408168,1.5639096329248343,0.7494128813785939,0.26000000000000156,77813.48422625595,77974.51737379003
META,2023-05-09 00:00:00-04:00,long,2023-05-09 09:46:00-04:00,230.73225599999998,2023-05-09 10:45:00-04:00,231.14750400000003,time,84,229.85,232.49676799999995,0.8822559999999839,60,34.880832000004034,0.84,0.15533112268800003,33.88550087731603,0.4572355642444544,0.3947650635546615,1.5600000000000023,77974.51737379003,78008.40287466734
NVDA,2023-05-09 00:00:00-04:00,short,2023-05-09 09:53:00-04:00,28.548576,2023-05-09 10:52:00-04:00,28.531408,time,683,28.75,28.145728000000002,0.20142399999999938,60,11.72574400000111,6.83,0.15598941926399998,4.73975458073711,0.03445275335611271,0.9032850453159064,0.3200000000000003,78008.40287466734,78013.14262924808
QQQ,2023-05-09 00:00:00-04:00,long,2023-05-09 09:57:00-04:00,316.566576,2023-05-09 10:11:00-04:00,316.02353999999997,stop,61,316.15,317.39972800000004,0.4165760000000205,15,-33.12519600000178,0.61,0.15421948751999998,-33.88941548752178,-1.333644252957448,0.809552099149472,0.5200000000000387,78013.14262924808,77979.25321376056
SPY,2023-05-09 00:00:00-04:00,long,2023-05-09 09:59:00-04:00,395.20802,2023-05-09 10:07:00-04:00,394.377186,stop,49,394.53499999999997,396.55406,0.6730200000000082,9,-40.7108659999991,0.49,0.15459585691199998,-41.355461856911106,-1.2540325955959282,0.8498784321161825,0.7099999999999795,77979.25321376056,77937.89775190364
AMZN,2023-05-09 00:00:00-04:00,long,2023-05-09 10:02:00-04:00,105.94236000000001,2023-05-09 11:01:00-04:00,106.63732800000001,time,183,105.45335,106.92038000000002,0.4890100000000075,60,127.17914400000053,1.83,0.156117048192,125.19302695180853,1.398979369288956,0.4620660897018589,0.5932999999999993,77937.89775190364,78063.09077885545
SPY,2023-05-10 00:00:00-04:00,short,2023-05-10 09:49:00-04:00,394.931964,2023-05-10 10:02:00-04:00,396.72362599999997,stop,49,396.565,391.665892,1.6330360000000042,14,-87.79143799999872,0.49,0.154813329888,-88.43625132988672,-1.1051939183900228,1.6316840708789049,2.6100000000000136,78063.09077885545,77974.65452752556
AMZN,2023-05-10 00:00:00-04:00,long,2023-05-10 09:59:00-04:00,109.598822,2023-05-10 10:55:00-04:00,108.66901500000002,stop,177,108.7125,111.37146599999998,0.8863219999999927,57,-164.5758389999969,1.77,0.15387532524000003,-166.4997143252369,-1.0613257395393436,1.1929577829806313,1.3250000000000028,77974.65452752556,77808.15481320032
META,2023-05-10 00:00:00-04:00,short,2023-05-10 10:03:00-04:00,232.18708800000002,2023-05-10 10:07:00-04:00,233.58839799999998,stop,83,233.495,229.57126400000004,1.3079119999999875,5,-116.30872999999724,0.8300000000000001,0.15417222643200001,-117.29290222642923,-1.0804759775152917,0.5088886581095876,2.3899999999999864,77808.15481320032,77690.8619109739
QQQ,2023-05-10 00:00:00-04:00,long,2023-05-10 10:07:00-04:00,319.547768,2023-05-10 10:19:00-04:00,318.062724,stop,60,318.19,322.26330400000006,1.3577680000000214,13,-89.10264000000097,0.6,0.15267010752,-89.85531010752096,-1.102978197889472,1.545237824888413,2.259999999999991,77690.8619109739,77601.00660086637
NVDA,2023-05-11 00:00:00-04:00,short,2023-05-11 09:48:00-04:00,28.58856,2023-05-11 10:42:00-04:00,28.256978272000005,target,678,28.759999999999998,28.245680000000007,0.17143999999999693,55,224.8124115839974,6.78,0.15506434944000003,217.8773472345574,1.8744343182454615,0.5930964958375934,0.26000000000000156,77601.00660086637,77818.88394810093
SPY,2023-05-11 00:00:00-04:00,short,2023-05-11 09:50:00-04:00,393.8424,2023-05-11 10:48:00-04:00,394.97792799999996,stop,49,394.82,391.8872,0.9775999999999954,59,-55.640871999998296,0.49,0.1543862208,-56.2852582207983,-1.1749987103109356,1.1058700210328392,1.3999999999999773,77818.88394810093,77762.59868988013
META,2023-05-11 00:00:00-04:00,long,2023-05-11 09:51:00-04:00,234.333696,2023-05-11 10:50:00-04:00,234.046344,time,82,232.20999999999998,238.58108800000005,2.123696000000024,60,-23.562863999999877,0.8200000000000001,0.153534401664,-24.536398401663877,-0.14089793018962937,0.7379269846892077,3.859999999999985,77762.59868988013,77738.06229147848
AMZN,2023-05-11 00:00:00-04:00,long,2023-05-11 09:58:00-04:00,112.089818,2023-05-11 10:33:00-04:00,111.14052600000001,stop,173,111.185,113.89945399999998,0.9048179999999917,36,-164.2275159999975,1.73,0.153818487984,-166.1113344879815,-1.061187027897317,1.0688479236441875,1.3900000000000006,77738.06229147848,77571.95095699049
QQQ,2023-05-11 00:00:00-04:00,short,2023-05-11 10:34:00-04:00,318.312624,2023-05-11 10:48:00-04:00,319.29766799999993,stop,60,319.16999999999996,316.59787200000017,0.8573759999999311,15,-59.10263999999415,0.6,0.15279005952,-59.855430059514156,-1.1635391018549421,0.9441423482780275,1.3000000000000114,77571.95095699049,77512.09552693098
SPY,2023-05-12 00:00:00-04:00,short,2023-05-12 09:48:00-04:00,396.361392,2023-05-12 10:04:00-04:00,395.6823856704001,target,48,396.78,395.5241760000001,0.41860799999994924,17,32.59230382079659,0.48,0.152202774528,31.96010104626859,1.5905941560218861,0.713962588956135,0.45999999999997954,77512.09552693098,77544.05562797724
META,2023-05-12 00:00:00-04:00,short,2023-05-12 09:48:00-04:00,232.576932,2023-05-12 10:47:00-04:00,231.79268,time,83,233.85500000000002,230.02079599999996,1.2780680000000189,60,65.09291600000077,0.8300000000000001,0.15443108284799997,64.10848491715277,0.6043429493141192,0.7306355560160619,2.0900000000000034,77544.05562797724,77608.16411289439
QQQ,2023-05-12 00:00:00-04:00,short,2023-05-12 09:49:00-04:00,320.17188000000004,2023-05-12 10:32:00-04:00,319.0231982560001,target,60,320.81,318.8956400000001,0.638119999999958,44,68.9209046399958,0.6,0.15368250240000003,68.1672221375958,1.7804180545352044,0.888588317057236,0.6200000000000045,77608.16411289439,77676.33133503198
AMZN,2023-05-12 00:00:00-04:00,short,2023-05-12 09:49:00-04:00,111.49538400000002,2023-05-12 10:48:00-04:00,111.09441999999999,time,174,112.14500000000001,110.19615200000003,0.6496159999999946,60,69.76773600000527,1.74,0.155201574528,67.87253442547728,0.600465562621662,0.6046759851844922,0.9899999999999949,77676.33133503198,77744.20386945746
NVDA,2023-05-12 00:00:00-04:00,short,2023-05-12 10:02:00-04:00,28.418628000000002,2023-05-12 11:01:00-04:00,28.2613,time,683,28.575,28.105884000000007,0.1563719999999975,60,107.45502400000221,6.83,0.155279383392,100.46974461661021,0.9407096601437955,0.7637712903694699,0.28999999999999915,77744.20386945746,77844.67361407407
QQQ,2023-05-15 00:00:00-04:00,long,2023-05-15 09:46:00-04:00,319.797868,2023-05-15 09:48:00-04:00,319.10230800000005,stop,60,319.23,320.93360399999995,0.5678679999999758,3,-41.73359999999661,0.6,0.15316910784,-42.486769107836615,-1.2469672854677032,0.7553992197411192,0.660000000000025,77844.67361407407,77802.18684496623
SPY,2023-05-15 00:00:00-04:00,short,2023-05-15 09:50:00-04:00,394.50213600000006,2023-05-15 10:49:00-04:00,395.268044,time,49,395.2,393.1064080000002,0.6978639999999245,60,-37.52949199999563,0.49,0.15464483731200002,-38.17413683730763,-1.116355073607458,0.8967054640022482,1.0199999999999818,77802.18684496623,77764.01270812892
AMZN,2023-05-15 00:00:00-04:00,short,2023-05-15 09:50:00-04:00,110.57575200000001,2023-05-15 10:49:00-04:00,109.828914,time,175,111.52000000000001,108.687256,0.9442480000000018,60,130.6966500000019,1.75,0.1548060528,128.7918439472019,0.7794068867331565,0.9638398261086742,1.5400000000000063,77764.01270812892,77892.80455207612
META,2023-05-15 00:00:00-04:00,short,2023-05-15 09:53:00-04:00,233.98636800000003,2023-05-15 10:37:00-04:00,235.16903,stop,83,235.075,231.8091040000001,1.0886319999999614,45,-98.1609459999971,0.8300000000000001,0.155366948352,-99.14631294834909,-1.097279788710976,0.7210241036074937,1.4899999999999807,77892.80455207612,77793.65823912778
NVDA,2023-05-15 00:00:00-04:00,short,2023-05-15 10:00:00-04:00,28.18872,2023-05-15 10:54:00-04:00,28.356337999999997,stop,689,28.345,27.876160000000002,0.15627999999999886,55,-115.4888019999982,6.890000000000001,0.15537622464,-122.5341782246382,-1.137979970309692,0.578188466824702,0.23000000000000043,77793.65823912778,77671.12406090314
QQQ,2023-05-16 00:00:00-04:00,long,2023-05-16 09:46:00-04:00,321.858692,2023-05-16 10:10:00-04:00,320.67168000000004,stop,60,320.8,323.97607600000003,1.0586920000000077,25,-71.22071999999889,0.6,0.1539224064,-71.97464240639889,-1.1330749391135218,0.9499523781333137,1.6200000000000045,77671.12406090314,77599.14941849675
NVDA,2023-05-16 00:00:00-04:00,long,2023-05-16 09:46:00-04:00,29.141651999999997,2023-05-16 10:45:00-04:00,29.158332,time,665,28.935000000000002,29.554955999999986,0.20665199999999473,60,11.092200000002972,6.65,0.15512232624,4.287077673762972,0.031196084935082326,0.9180274008140653,0.33000000000000185,77599.14941849675,77603.43649617051
META,2023-05-16 00:00:00-04:00,long,2023-05-16 09:46:00-04:00,236.554584,2023-05-16 10:14:00-04:00,234.50616,stop,82,234.6,240.46375200000003,1.9545840000000112,29,-167.97076800000093,0.8200000000000001,0.15383604095999998,-168.9446040409609,-1.0540862143965157,0.8960684828390669,2.259999999999991,77603.43649617051,77434.49189212955
AMZN,2023-05-16 00:00:00-04:00,long,2023-05-16 09:46:00-04:00,112.53949779999999,2023-05-16 10:45:00-04:00,113.18470800000001,time,172,111.765,114.08849339999998,0.7744977999999918,60,110.97615440000385,1.72,0.155742158208,109.10041224179585,0.8189884107301907,0.7523275915048248,1.4300000000000068,77434.49189212955,77543.59230437134
SPY,2023-05-16 00:00:00-04:00,short,2023-05-16 09:51:00-04:00,394.652076,2023-05-16 10:50:00-04:00,395.067964,time,49,395.62,392.71622800000006,0.9679239999999822,60,-20.378511999999773,0.49,0.154703613792,-21.023215613791773,-0.4432633312202231,0.8119191655782927,1.080000000000041,77543.59230437134,77522.56908875755
QQQ,2023-05-17 00:00:00-04:00,short,2023-05-17 09:47:00-04:00,321.70126799999997,2023-05-17 10:34:00-04:00,322.33888399999995,stop,60,322.21,320.68380399999995,0.5087320000000091,48,-38.2569599999988,0.6,0.15441660863999998,-39.0113766086388,-1.278059194514928,0.9062709665086544,0.6399999999999864,77522.56908875755,77483.5577121489
SPY,2023-05-17 00:00:00-04:00,short,2023-05-17 09:51:00-04:00,394.31221200000005,2023-05-17 10:26:00-04:00,395.353078,stop,49,395.195,392.54663600000015,0.8827879999999482,36,-51.002433999996924,0.49,0.154570387104,-51.64700438710093,-1.193967858303465,0.9123405752081766,1.2699999999999818,77483.5577121489,77431.91070776181
NVDA,2023-05-17 00:00:00-04:00,long,2023-05-17 10:07:00-04:00,29.61184,2023-05-17 11:06:00-04:00,29.678124000000004,time,653,29.475,29.88552,0.1368399999999994,60,43.283452000002036,6.53,0.15503851977600003,36.598413480226036,0.40957742624965915,0.9951489294636736,0.2099999999999973,77431.91070776181,77468.50912124204
AMZN,2023-05-17 00:00:00-04:00,short,2023-05-17 10:08:00-04:00,114.57415200000001,2023-05-17 10:47:00-04:00,115.326112,stop,169,115.28,113.16245600000003,0.7058479999999889,40,-127.08123999999707,1.69,0.15490425350400003,-128.92614425350106,-1.080794439052026,1.4105690349703008,1.0999999999999943,77468.50912124204,77339.58297698853
META,2023-05-17 00:00:00-04:00,long,2023-05-17 10:14:00-04:00,238.82549199999997,2023-05-17 11:13:00-04:00,239.034348,time,80,237.31,241.8564759999999,1.5154919999999663,60,16.708480000002055,0.8,0.15298198272,15.755498017282054,0.1299536554571255,0.7760842881604162,2.480000000000018,77339.58297698853,77355.33847500582
QQQ,2023-05-18 00:00:00-04:00,long,2023-05-18 09:58:00-04:00,326.990744,2023-05-18 10:57:00-04:00,328.208664,time,59,326.065,328.842232,0.9257440000000088,60,71.85727999999955,0.59,0.15491448940799998,71.11236551059154,1.301973688933421,1.1628274774464658,1.3899999999999864,77355.33847500582,77426.45084051641
NVDA,2023-05-18 00:00:00-04:00,long,2023-05-18 10:03:00-04:00,30.81232,2023-05-18 11:02:00-04:00,31.157532000000003,time,628,30.51,31.416959999999996,0.30231999999999815,60,216.79313600000228,6.28,0.15653544076800002,210.35660055923427,1.10797413252185,1.893808999301559,0.5,77426.45084051641,77636.80744107564
AMZN,2023-05-18 00:00:00-04:00,long,2023-05-18 10:06:00-04:00,118.1192288,2023-05-18 11:05:00-04:00,117.80286,time,164,117.12995000000001,120.09778639999999,0.9892787999999939,60,-51.88448320000106,1.6400000000000001,0.15455735232,-53.679040552321055,-0.3308584221960568,1.0687176665416442,1.5198999999999927,77636.80744107564,77583.12840052332
SPY,2023-05-18 00:00:00-04:00,long,2023-05-18 10:07:00-04:00,399.029548,2023-05-18 10:30:00-04:00,400.1685125424,target,48,398.38,400.32864399999994,0.6495479999999816,24,54.670298035200176,0.48,0.15366470881628158,54.0366333263839,1.7331485807048848,0.8608258714850424,0.7599999999999909,77583.12840052332,77637.1650338497
QQQ,2023-05-19 00:00:00-04:00,short,2023-05-19 09:50:00-04:00,330.81762,2023-05-19 10:21:00-04:00,331.60759,stop,58,331.475,329.5028599999999,0.657380000000046,32,-45.81826000000228,0.58,0.15349937568,-46.55175937568228,-1.2209323997687533,1.0237361898197936,0.9499999999999886,77637.1650338497,77590.61327447402
NVDA,2023-05-19 00:00:00-04:00,short,2023-05-19 09:50:00-04:00,31.097556,2023-05-19 10:49:00-04:00,30.972383999999998,time,623,31.35,30.592668,0.25244400000000056,60,77.9821560000017,6.23,0.15499021910400002,71.5971657808977,0.45524242822963695,1.6533378517623234,0.33999999999999986,77590.61327447402,77662.21044025492
META,2023-05-19 00:00:00-04:00,short,2023-05-19 09:54:00-04:00,243.45258,2023-05-19 10:53:00-04:00,241.54657999999998,time,79,245.08499999999998,240.18774000000008,1.6324199999999678,60,150.5740000000027,0.79,0.15386203056,149.63013796944273,1.1602727112875804,1.0596963108206296,2.890000000000015,77662.21044025492,77811.84057822436
AMZN,2023-05-19 00:00:00-04:00,short,2023-05-19 10:02:00-04:00,117.158118,2023-05-19 11:01:00-04:00,117.04690004,time,166,117.765,115.944354,0.6068819999999988,60,18.462181360000784,1.6600000000000001,0.155585980704,16.646595379296784,0.16523919815714574,0.8330101585798383,1.0900000000000034,77811.84057822436,77828.48717360366
META,2023-05-22 00:00:00-04:00,long,2023-05-22 09:49:00-04:00,249.57979199999997,2023-05-22 10:48:00-04:00,249.160296,time,77,246.06,256.6193759999999,3.519791999999967,60,-32.30119199999854,0.77,0.15348274233599998,-33.22467474233454,-0.12258942641155647,1.540377877943372,6.139999999999986,77828.48717360366,77795.26249886132
QQQ,2023-05-22 00:00:00-04:00,long,2023-05-22 09:50:00-04:00,332.072776,2023-05-22 10:08:00-04:00,330.79263,stop,58,330.92499999999995,334.368328,1.1477760000000217,19,-74.24846800000012,0.58,0.15348778032,-74.98195578032012,-1.1263455073463617,1.0646748841857208,1.8100000000000023,77795.26249886132,77720.28054308101
NVDA,2023-05-22 00:00:00-04:00,long,2023-05-22 09:51:00-04:00,31.042412,2023-05-22 10:50:00-04:00,31.247496,time,625,30.805,31.517235999999997,0.23741199999999907,60,128.17750000000183,6.25,0.15623748,121.77126252000183,0.8206578438832227,1.4377802075466386,0.36999999999999744,77720.28054308101,77842.05180560102
SPY,2023-05-22 00:00:00-04:00,short,2023-05-22 10:08:00-04:00,401.279424,2023-05-22 11:07:00-04:00,402.570964,time,48,402.64,398.55827200000004,1.3605759999999805,60,-61.99391999999989,0.48,0.15409129881599998,-62.628011298815885,-0.9589690214967899,0.9981277178028911,1.6999999999999886,77842.05180560102,77779.4237943022
AMZN,2023-05-22 00:00:00-04:00,short,2023-05-22 10:30:00-04:00,115.05396,2023-05-22 11:29:00-04:00,114.885936,time,169,115.97,113.22188000000001,0.9160399999999953,60,28.396056000000442,1.69,0.15555295392,26.55050304608044,0.17150295655211933,0.9897038646899847,1.6200000000000045,77779.4237943022,77805.97429734828
SPY,2023-05-23 00:00:00-04:00,long,2023-05-23 09:46:00-04:00,400.90029599999997,2023-05-23 10:15:00-04:00,400.23984,stop,48,400.4,401.90088799999995,0.5002959999999916,30,-31.70188799999778,0.48,0.15369209856000002,-32.33558009855778,-1.3465186983704946,0.8929522022401719,0.6400000000000432,77805.97429734828,77773.63871724972
QQQ,2023-05-23 00:00:00-04:00,long,2023-05-23 09:52:00-04:00,330.68222,2023-05-23 10:15:00-04:00,329.887992,stop,58,330.02,332.00665999999995,0.6622199999999907,24,-46.06522399999858,0.58,0.153068028288,-46.798292028286575,-1.2184275677810799,0.8329074886088379,1.0600000000000023,77773.63871724972,77726.84042522144
AMZN,2023-05-23 00:00:00-04:00,long,2023-05-23 09:55:00-04:00,115.74628,2023-05-23 10:54:00-04:00,115.30955772,time,167,114.63,117.97884,1.1162800000000033,60,-72.93262075999965,1.67,0.15405356911391999,-74.75667432911358,-0.4010147601513569,0.6514704556795378,1.7000000000000028,77726.84042522144,77652.08375089233
NVDA,2023-05-23 00:00:00-04:00,short,2023-05-23 10:54:00-04:00,30.897636000000002,2023-05-23 11:53:00-04:00,30.682268,time,628,31.075,30.542908000000008,0.1773639999999972,60,135.25110400000096,6.28,0.155229723264,128.81587427673696,1.1564963516384654,0.9200175159504832,0.28999999999999915,77652.08375089233,77780.89962516907
SPY,2023-05-24 00:00:00-04:00,short,2023-05-24 09:47:00-04:00,394.802016,2023-05-24 10:46:00-04:00,394.727828,time,49,395.515,393.37604799999997,0.7129840000000058,60,3.635211999999626,0.49,0.15476239027199998,2.990449609727626,0.08559741014102963,1.1912213179930433,0.7699999999999818,77780.89962516907,77783.8900747788
QQQ,2023-05-24 00:00:00-04:00,short,2023-05-24 10:05:00-04:00,324.540132,2023-05-24 11:04:00-04:00,323.859492,time,59,325.39,322.8403960000001,0.8498679999999581,60,40.15776000000233,0.59,0.153182942304,39.414577057698324,0.7860558097776035,1.2285647285873262,1.3000000000000114,77783.8900747788,77823.3046518365
NVDA,2023-05-24 00:00:00-04:00,short,2023-05-24 10:28:00-04:00,29.878044000000003,2023-05-24 11:27:00-04:00,29.981987999999998,time,651,30.11,29.41413200000001,0.23195599999999672,60,-67.6675439999967,6.51,0.155604853152,-74.3331488531487,-0.49226156836639945,1.1692688540436393,0.3000000000000007,77823.3046518365,77748.97150298335
META,2023-05-25 00:00:00-04:00,short,2023-05-25 09:46:00-04:00,248.270652,2023-05-25 10:45:00-04:00,249.819888,time,78,250.45499999999998,243.90195600000007,2.1843479999999715,60,-120.84040799999838,0.78,0.15492088684799998,-121.77532888684638,-0.7147314279666058,0.8986141785545201,3.210000000000008,77748.97150298335,77627.1961740965
QQQ,2023-05-25 00:00:00-04:00,short,2023-05-25 09:51:00-04:00,330.387792,2023-05-25 10:40:00-04:00,332.05776999999995,stop,58,331.92499999999995,327.31337600000006,1.5372079999999642,50,-96.85872399999755,0.58,0.15329993548799997,-97.59202393548554,-1.0945955930075806,2.0970526785691437,2.430000000000007,77627.1961740965,77529.60415016102
AMZN,2023-05-25 00:00:00-04:00,short,2023-05-25 09:51:00-04:00,115.65372,2023-05-25 10:19:00-04:00,114.43691646400002,target,167,116.285,114.39116000000003,0.6312799999999896,29,203.2061905119977,1.67,0.15451336991999998,201.3816771420777,1.9102114849829015,0.953039480785098,1.1700000000000017,77529.60415016102,77730.9858273031
SPY,2023-05-25 00:00:00-04:00,short,2023-05-25 10:22:00-04:00,395.85159600000003,2023-05-25 10:44:00-04:00,397.22882799999996,stop,49,397.07,393.4147880000001,1.218403999999964,23,-67.48436799999683,0.49,0.15517382563200002,-68.12954182562883,-1.1411640250425774,1.5468732579063533,2.1000000000000227,77730.9858273031,77662.85628547746
QQQ,2023-05-26 00:00:00-04:00,long,2023-05-26 09:49:00-04:00,336.354488,2023-05-26 10:25:00-04:00,338.4380346144,target,57,335.245,338.573464,1.109487999999999,37,118.76215702080037,0.5700000000000001,0.1543277437841664,118.03782927701621,1.8664817556594515,0.9762399504850814,1.7699999999999818,77662.85628547746,77780.89411475448
AMZN,2023-05-26 00:00:00-04:00,long,2023-05-26 09:50:00-04:00,117.35692399999999,2023-05-26 10:36:00-04:00,118.8232236912,target,165,116.6,118.87077199999999,0.7569239999999979,47,241.9394490480011,1.6500000000000001,0.156846655272384,240.13260239272873,1.9227149692842096,1.0561088461103727,1.1799999999999926,77780.89411475448,78021.02671714721
NVDA,2023-05-26 00:00:00-04:00,long,2023-05-26 09:52:00-04:00,38.005196,2023-05-26 10:51:00-04:00,38.47460400000001,time,513,37.695,38.62558799999999,0.3101959999999977,60,240.80630400000436,5.13,0.157899774816,235.51840422518836,1.4800326347471016,1.4216834528144857,0.45000000000000284,78021.02671714721,78256.5451213724
META,2023-05-26 00:00:00-04:00,long,2023-05-26 09:55:00-04:00,253.72144799999998,2023-05-26 10:54:00-04:00,255.567732,time,77,252.015,257.13434399999994,1.7064479999999946,60,142.16386800000197,0.77,0.157429722912,141.23643827708995,1.0748874024547077,0.7807497375113164,3.0100000000000193,78256.5451213724,78397.78155964949
SPY,2023-05-26 00:00:00-04:00,long,2023-05-26 10:01:00-04:00,400.950316,2023-05-26 11:00:00-04:00,402.63888000000003,time,48,399.53,403.790948,1.420316000000014,60,81.05107200000202,0.48,0.15461332992000001,80.41645867008202,1.1795564430450869,1.1576683982731881,1.9599999999999795,78397.78155964949,78478.19801831957
AMZN,2023-05-30 00:00:00-04:00,short,2023-05-30 09:46:00-04:00,120.981588,2023-05-30 10:09:00-04:00,122.063806,stop,162,122.015,118.914764,1.0334119999999984,24,-175.3193159999996,1.62,0.156792138048,-177.09610813804758,-1.0578412605079088,1.6160805165790846,1.8100000000000023,78478.19801831957,78301.10191018152
NVDA,2023-05-30 00:00:00-04:00,long,2023-05-30 09:50:00-04:00,41.536608,2023-05-30 09:58:00-04:00,40.803672,stop,471,40.82,42.969824,0.7166080000000008,9,-345.21285600000107,4.71,0.153748236096,-350.07660423609707,-1.0371952718585356,2.1650403807118916,1.2800000000000011,78301.10191018152,77951.02530594543
SPY,2023-05-30 00:00:00-04:00,short,2023-05-30 09:53:00-04:00,404.45815200000004,2023-05-30 10:52:00-04:00,404.19161199999996,time,48,405.12,403.1344560000001,0.6618479999999636,60,12.793920000003709,0.48,0.155311930368,12.158608069635708,0.3827228227388935,1.3566572918487985,0.9399999999999977,77951.02530594543,77963.18391401506
QQQ,2023-05-30 00:00:00-04:00,short,2023-05-30 09:53:00-04:00,345.21186000000006,2023-05-30 10:52:00-04:00,345.18802,time,56,346.38,342.8755800000002,1.1681399999999371,60,1.3350400000035734,0.56,0.15465491328000003,0.6203850867235733,0.009483713527543278,2.029158201482828,2.0,77963.18391401506,77963.80429910177
NVDA,2023-05-31 00:00:00-04:00,long,2023-05-31 09:46:00-04:00,40.066019999999995,2023-05-31 09:53:00-04:00,39.63414,stop,486,39.65,40.89805999999999,0.41601999999999606,8,-209.89367999999635,4.86,0.15409753632,-214.90777753631636,-1.0629226314119435,1.1860844423224095,0.6400000000000006,77963.80429910177,77748.89652156546
META,2023-05-31 00:00:00-04:00,long,2023-05-31 09:46:00-04:00,260.414124,2023-05-31 10:45:00-04:00,260.415792,time,74,258.08,265.0823720000001,2.334124000000031,60,0.12343199999963872,0.74,0.154166148864,-0.7707341488643613,-0.004462199238774265,0.9095439522949637,3.759999999999991,77748.89652156546,77748.12578741659
QQQ,2023-05-31 00:00:00-04:00,long,2023-05-31 09:47:00-04:00,343.757448,2023-05-31 10:08:00-04:00,342.492948,stop,56,342.63,346.01234400000004,1.1274480000000153,22,-70.8119999999999,0.56,0.153436840704,-71.5254368407039,-1.1328592924764431,1.0043211792250946,1.6599999999999682,77748.12578741659,77676.60035057589
SPY,2023-05-31 00:00:00-04:00,short,2023-05-31 10:01:00-04:00,401.049516,2023-05-31 10:26:00-04:00,400.0384994191999,target,48,401.635,399.87854799999997,0.5854840000000081,26,48.52879587840289,0.48,0.15400301414399997,47.89479286425889,1.7042450086971572,0.9301005868495119,0.7699999999999818,77676.60035057589,77724.49514344014
AMZN,2023-05-31 00:00:00-04:00,short,2023-05-31 10:24:00-04:00,120.261876,2023-05-31 11:23:00-04:00,119.81790799999999,time,161,121.185,118.415628,0.9231240000000014,60,71.47884800000199,1.61,0.154897296288,69.71395070371399,0.46906580805180204,0.984213289674471,1.5900000000000034,77724.49514344014,77794.20909414387
SPY,2023-06-01 00:00:00-04:00,short,2023-06-01 09:52:00-04:00,399.99993600000005,2023-06-01 10:00:00-04:00,401.020344,stop,48,400.86,398.2798080000001,0.8600639999999657,9,-48.979583999998795,0.48,0.153599975424,-49.61318397542279,-1.2017803320311233,1.0466880635420008,1.1999999999999886,77794.20909414387,77744.59591016844
NVDA,2023-06-01 00:00:00-04:00,long,2023-06-01 09:54:00-04:00,38.925563999999994,2023-06-01 10:23:00-04:00,38.524584000000004,stop,499,38.54,39.696691999999985,0.38556399999999513,30,-200.08901999999495,4.99,0.153790139328,-205.23281013932296,-1.0667183571910113,1.2140853784134518,0.5600000000000023,77744.59591016844,77539.36310002912
QQQ,2023-06-01 00:00:00-04:00,long,2023-06-01 09:58:00-04:00,341.966732,2023-06-01 10:22:00-04:00,340.848606,stop,56,340.985,343.9301959999999,0.9817319999999654,25,-62.61505599999782,0.56,0.152700175488,-63.327756175485824,-1.1518956179975808,1.0155642629821326,1.490000000000009,77539.36310002912,77476.03534385364
META,2023-06-01 00:00:00-04:00,long,2023-06-01 10:13:00-04:00,268.997556,2023-06-01 11:12:00-04:00,267.74286,time,72,266.145,274.70266799999996,2.8525559999999928,60,-90.33811199999764,0.72,0.15421988735999997,-91.21233188735764,-0.4441062481788159,1.384985902802908,5.1299999999999955,77476.03534385364,77384.82301196628
AMZN,2023-06-01 00:00:00-04:00,long,2023-06-01 10:44:00-04:00,121.67875203999999,2023-06-01 11:43:00-04:00,122.011176,time,158,120.75,123.53625611999998,0.928752039999992,60,52.52298568000222,1.58,0.154222126464,50.788763553538224,0.34610731039903486,0.7850078428704329,1.6399999999999864,77384.82301196628,77435.61177551982
NVDA,2023-06-02 00:00:00-04:00,short,2023-06-02 09:46:00-04:00,39.494196,2023-06-02 10:45:00-04:00,39.765899999999995,time,490,40.05,38.38258800000001,0.5558039999999949,60,-133.1349599999964,4.9,0.15481724832000002,-138.1897772483164,-0.507409003116198,1.2772139630326649,0.740000000000002,77435.61177551982,77297.4219982715
META,2023-06-02 00:00:00-04:00,short,2023-06-02 09:50:00-04:00,269.87200800000005,2023-06-02 10:49:00-04:00,270.798276,time,71,271.53,266.5560240000002,1.657991999999922,60,-65.76502799999548,0.71,0.15328730054400003,-66.62831530053947,-0.5660021134384124,1.2007606082686506,2.839999999999975,77297.4219982715,77230.79368297097
QQQ,2023-06-02 00:00:00-04:00,short,2023-06-02 09:51:00-04:00,346.6113,2023-06-02 10:50:00-04:00,347.83907999999997,time,55,348.23,343.37390000000005,1.6186999999999898,60,-67.52789999999663,0.55,0.152508972,-68.23040897199664,-0.7663883921665204,1.3746563462328147,2.0400000000000205,77230.79368297097,77162.56327399897
SPY,2023-06-02 00:00:00-04:00,short,2023-06-02 10:00:00-04:00,407.13708,2023-06-02 10:12:00-04:00,408.46332,stop,47,408.3,404.81124000000005,1.1629199999999855,13,-62.33327999999926,0.47000000000000003,0.15308354208,-62.95636354207926,-1.1518394185670562,1.371716515730159,1.8600000000000136,77162.56327399897,77099.60691045689
AMZN,2023-06-02 00:00:00-04:00,short,2023-06-02 10:00:00-04:00,124.32025200000001,2023-06-02 10:23:00-04:00,125.470168,stop,155,125.42,122.12075600000003,1.099747999999991,24,-178.2369799999985,1.55,0.15415711248,-179.94113711247851,-1.0556150700124025,1.576459865591579,1.9399999999999977,77099.60691045689,76919.66577334442
META,2023-06-05 00:00:00-04:00,short,2023-06-05 09:53:00-04:00,267.45297600000004,2023-06-05 10:01:00-04:00,269.222646,stop,71,269.115,264.1289280000001,1.662023999999974,9,-125.64656999999733,0.71,0.151913290368,-126.50848329036532,-1.0720721384336147,0.6349858683786335,2.3899999999999864,76919.66577334442,76793.15729005405
SPY,2023-06-05 00:00:00-04:00,short,2023-06-05 09:58:00-04:00,410.65567200000004,2023-06-05 10:01:00-04:00,411.8296659999999,stop,46,411.66499999999996,408.6370160000002,1.0093279999999254,4,-54.00372399999446,0.46,0.15112128729600002,-54.614845287290464,-1.1763066568805853,0.6521313922053059,1.4499999999999886,76793.15729005405,76738.54244476676
NVDA,2023-06-05 00:00:00-04:00,short,2023-06-05 10:01:00-04:00,38.724504,2023-06-05 10:56:00-04:00,39.14565199999999,stop,495,39.129999999999995,37.91351200000002,0.4054959999999923,56,-208.4682599999941,4.95,0.15334903584,-213.5716090358341,-1.0640247894726367,0.6607215959452403,0.6999999999999957,76738.54244476676,76524.97083573093
AMZN,2023-06-05 00:00:00-04:00,long,2023-06-05 10:09:00-04:00,124.91494599999999,2023-06-05 11:08:00-04:00,125.509776,time,153,123.94,126.86483799999996,0.9749459999999885,60,91.00899000000244,1.53,0.153623965824,89.32536603417844,0.5988289831354996,0.7329447390866115,1.8199999999999932,76524.97083573093,76614.2962017651
QQQ,2023-06-05 00:00:00-04:00,long,2023-06-05 10:53:00-04:00,350.009948,2023-06-05 11:52:00-04:00,350.349804,time,54,348.86,352.309844,1.1499479999999949,60,18.352223999999865,0.54,0.151351115328,17.660872884671864,0.2844069484602773,0.8829087448875516,1.9800000000000182,76614.2962017651,76631.95707464978
META,2023-06-06 00:00:00-04:00,long,2023-06-06 09:46:00-04:00,270.26806400000004,2023-06-06 10:24:00-04:00,273.24485032320007,target,70,268.725,273.35419200000007,1.5430640000000153,39,208.37504262400216,0.7000000000000001,0.15301711618099204,207.52202550782118,1.9212426473544948,0.7042061014534904,2.7700000000000387,76631.95707464978,76839.4791001576
SPY,2023-06-06 00:00:00-04:00,long,2023-06-06 09:50:00-04:00,409.753836,2023-06-06 10:45:00-04:00,410.6771713967999,target,46,409.21000000000004,410.84150799999986,0.543835999999942,56,42.47342825279668,0.46,0.15112919907402234,41.86229905372266,1.673390469606371,0.8174575349289545,0.6999999999999886,76839.4791001576,76881.34139921132
NVDA,2023-06-06 00:00:00-04:00,long,2023-06-06 09:54:00-04:00,39.045612,2023-06-06 10:05:00-04:00,38.744496000000005,stop,492,38.760000000000005,39.616835999999985,0.2856119999999933,12,-148.1490719999967,4.92,0.152498336256,-153.22157033625268,-1.0903812023584463,0.559207998660143,0.3999999999999986,76881.34139921132,76728.11982887506
QQQ,2023-06-06 00:00:00-04:00,long,2023-06-06 10:11:00-04:00,348.03916,2023-06-06 11:10:00-04:00,348.320616,time,55,347.08,349.95748,0.9591599999999971,60,15.480079999999532,0.55,0.15326107103999997,14.776818928959532,0.28010909032068926,0.8057386196022334,1.3600000000000136,76728.11982887506,76742.89664780402
AMZN,2023-06-06 00:00:00-04:00,long,2023-06-06 10:44:00-04:00,126.38053199999999,2023-06-06 11:43:00-04:00,126.28936404000001,time,151,125.62610000000001,127.88939599999995,0.75443199999998,60,-13.766361959996772,1.51,0.15255755176032,-15.428919511757092,-0.1354373554041999,0.5770404651641982,1.252200000000002,76742.89664780402,76727.46772829226
AMZN,2023-06-07 00:00:00-04:00,short,2023-06-07 09:46:00-04:00,126.29946,2023-06-07 10:23:00-04:00,124.97835135199999,target,151,126.985,124.92837999999999,0.6855400000000031,38,199.48740584800095,1.51,0.15256974768,197.82483610032097,1.9110456754091671,0.8526805985743735,0.7599999999999909,76727.46772829226,76925.29256439258
META,2023-06-07 00:00:00-04:00,long,2023-06-07 09:47:00-04:00,271.648616,2023-06-07 09:49:00-04:00,269.926986,stop,70,270.03499999999997,274.8758480000001,1.613616000000036,3,-120.51410000000033,0.7000000000000001,0.15115911215999997,-121.36525911216033,-1.074474606032641,0.7959481931818576,2.7700000000000387,76925.29256439258,76803.92730528042
NVDA,2023-06-07 00:00:00-04:00,long,2023-06-07 09:52:00-04:00,39.395752,2023-06-07 09:56:00-04:00,39.074364,stop,487,39.09,40.007256,0.30575199999999825,5,-156.51595599999945,4.87,0.152233722144,-161.53818972214344,-1.0848681117768673,0.7372621417434435,0.5800000000000054,76803.92730528042,76642.38911555828
QQQ,2023-06-07 00:00:00-04:00,short,2023-06-07 10:16:00-04:00,347.980752,2023-06-07 11:15:00-04:00,345.78826,time,55,349.53499999999997,344.87225600000005,1.5542479999999728,60,120.58706000000086,0.55,0.15311153087999999,119.88394846912087,1.40241979013906,0.9562841089477037,1.9499999999999886,76642.38911555828,76762.27306402741
SPY,2023-06-07 00:00:00-04:00,short,2023-06-07 10:25:00-04:00,410.78562,2023-06-07 11:24:00-04:00,410.424104,time,46,411.72,408.91685999999993,0.9343800000000329,60,16.629735999999752,0.46,0.15116910816,16.01856689183975,0.37268532614137967,1.031212054356898,1.1999999999999886,76762.27306402741,76778.29163091925
SPY,2023-06-08 00:00:00-04:00,short,2023-06-08 09:46:00-04:00,408.976344,2023-06-08 10:05:00-04:00,409.808858,stop,46,409.645,407.639032,0.6686559999999986,20,-38.29564400000015,0.46,0.150503294592,-38.90614729459215,-1.2649042418702667,0.7732276360285154,0.589999999999975,76778.29163091925,76739.38548362466
NVDA,2023-06-08 00:00:00-04:00,long,2023-06-08 09:53:00-04:00,38.025203999999995,2023-06-08 10:52:00-04:00,38.154732,time,504,37.72,38.63561199999999,0.30520399999999626,60,65.28211200000385,5.04,0.15383987942400001,60.08827212057985,0.39063302625132407,0.7620761713003588,0.5799999999999983,76739.38548362466,76799.47375574525
QQQ,2023-06-08 00:00:00-04:00,long,2023-06-08 10:06:00-04:00,344.367692,2023-06-08 11:05:00-04:00,345.801624,time,55,343.25,346.60307599999993,1.1176919999999768,60,78.86626000000149,0.55,0.15215271455999999,78.16410728544149,1.2715180810170035,1.0364875086477052,1.6399999999999864,76799.47375574525,76877.63786303069
AMZN,2023-06-08 00:00:00-04:00,long,2023-06-08 10:10:00-04:00,124.159644,2023-06-08 11:09:00-04:00,125.54976,time,154,123.16895,126.14103200000001,0.9906940000000048,60,214.07786400000094,1.54,0.15467730432,212.38318669568096,1.3920661696951828,1.0856720440655028,1.8220999999999918,76877.63786303069,77090.02104972636
META,2023-06-08 00:00:00-04:00,long,2023-06-08 10:17:00-04:00,260.85429999999997,2023-06-08 11:16:00-04:00,264.354216,time,73,258.61,265.3428999999999,2.244299999999953,60,255.49386800000303,0.73,0.15438286214400002,254.60948513785905,1.554070831115321,1.1103036698639313,3.9599999999999795,77090.02104972636,77344.63053486422
QQQ,2023-06-09 00:00:00-04:00,long,2023-06-09 09:46:00-04:00,349.91991199999995,2023-06-09 10:45:00-04:00,348.90038400000003,time,55,348.815,352.12973599999987,1.1049119999999562,60,-56.07403999999576,0.55,0.15351616896,-56.77755616895576,-0.934299928928244,1.0112316438145985,1.7100000000000364,77344.63053486422,77287.85297869527
AMZN,2023-06-09 00:00:00-04:00,long,2023-06-09 09:47:00-04:00,125.69025599999999,2023-06-09 10:36:00-04:00,124.72509000000001,stop,153,124.775,127.52076799999996,0.9152559999999852,50,-147.67039799999728,1.53,0.15266351016,-149.3530615101573,-1.0665472837326366,0.8501440090039564,1.6700000000000017,77287.85297869527,77138.49991718511
SPY,2023-06-09 00:00:00-04:00,long,2023-06-09 09:52:00-04:00,414.00553599999995,2023-06-09 10:51:00-04:00,413.254632,time,46,413.145,415.7266079999999,0.8605359999999678,60,-34.54158399999699,0.46,0.152077704576,-35.15366170457299,-0.8880628318349996,1.0885137772355713,1.0300000000000296,77138.49991718511,77103.34625548053
NVDA,2023-06-09 00:00:00-04:00,long,2023-06-09 09:53:00-04:00,39.335727999999996,2023-06-09 10:43:00-04:00,39.029382000000005,stop,490,39.045,39.917183999999985,0.2907279999999943,51,-150.10953999999543,4.9,0.15299517744000002,-155.16253517743544,-1.089190704218365,0.7174684795392393,0.4099999999999966,77103.34625548053,76948.18372030309
META,2023-06-09 00:00:00-04:00,long,2023-06-09 09:53:00-04:00,262.43493199999995,2023-06-09 10:52:00-04:00,262.09512,time,73,260.84000000000003,265.6247959999998,1.5949319999999148,60,-24.806275999995478,0.73,0.15306355008,-25.689339550075477,-0.22064185868736527,0.8109500167955968,2.839999999999975,76948.18372030309,76922.494380753
META,2023-06-12 00:00:00-04:00,long,2023-06-12 09:46:00-04:00,266.1064,2023-06-12 10:45:00-04:00,266.05353600000007,time,72,264.405,269.5092000000001,1.701400000000035,60,-3.806207999995877,0.72,0.153246836736,-4.6794548367318765,-0.03819938185490854,0.5496521596789729,2.7700000000000387,76922.494380753,76917.81492591627
AMZN,2023-06-12 00:00:00-04:00,long,2023-06-12 09:48:00-04:00,124.74977996,2023-06-12 10:47:00-04:00,125.109936,time,154,124.025,126.19933987999998,0.7247799599999922,60,55.464030160001045,1.54,0.154135441152,53.769894718849045,0.48173953445403006,0.6278781334370814,0.9899999999999949,76917.81492591627,76971.58482063512
NVDA,2023-06-12 00:00:00-04:00,short,2023-06-12 09:49:00-04:00,38.804472000000004,2023-06-12 10:48:00-04:00,38.935568,time,495,39.075,38.26341600000001,0.27052799999999877,60,-64.89251999999972,4.95,0.15366570912,-69.99618570911973,-0.5227053605393901,0.5191041645981509,0.3500000000000014,76971.58482063512,76901.588634926
QQQ,2023-06-12 00:00:00-04:00,short,2023-06-12 10:06:00-04:00,348.620496,2023-06-12 10:24:00-04:00,349.634798,stop,55,349.495,346.871488,0.8745040000000017,19,-55.78660999999926,0.55,0.15339301823999998,-56.49000301823926,-1.1744840091846172,0.7751834552643904,0.8700000000000045,76901.588634926,76845.09863190776
SPY,2023-06-12 00:00:00-04:00,short,2023-06-12 10:42:00-04:00,412.794816,2023-06-12 11:18:00-04:00,413.620382,stop,46,413.45500000000004,411.474448,0.6601840000000152,37,-37.97603599999911,0.46,0.151908492288,-38.587944492287114,-1.270658420270654,0.9306171011575177,0.9300000000000068,76845.09863190776,76806.51068741547
QQQ,2023-06-13 00:00:00-04:00,short,2023-06-13 09:46:00-04:00,355.627692,2023-06-13 10:13:00-04:00,353.8545612304,target,53,356.58500000000004,353.713076,0.9573080000000118,28,93.97593078880084,0.53,0.150786141408,93.29514464739283,1.8387872534899885,1.1631505036008112,1.5699999999999932,76806.51068741547,76899.80583206286
META,2023-06-13 00:00:00-04:00,short,2023-06-13 09:46:00-04:00,270.36181200000004,2023-06-13 10:45:00-04:00,271.178428,time,71,272.245,266.5954360000001,1.8831879999999614,60,-57.979735999996706,0.71,0.15356550921600004,-58.84330150921271,-0.4400935511993336,0.7570839154095033,2.1499999999999773,76899.80583206286,76840.96253055365
NVDA,2023-06-13 00:00:00-04:00,short,2023-06-13 09:47:00-04:00,39.704112,2023-06-13 09:55:00-04:00,40.14105,stop,483,40.125,38.862336000000006,0.42088799999999793,9,-211.04105399999895,4.83,0.15341668876800002,-216.02447068876697,-1.0626476233487294,0.8587060557352624,0.5900000000000034,76840.96253055365,76624.93805986489
AMZN,2023-06-13 00:00:00-04:00,short,2023-06-13 09:47:00-04:00,126.59934000000001,2023-06-13 10:46:00-04:00,126.310504,time,151,127.53999999999999,124.71802000000005,0.9406599999999798,60,43.61423600000266,1.51,0.15293200272000002,41.951303997282665,0.295349228499164,0.846331183603137,1.7399999999999949,76624.93805986489,76666.88936386217
SPY,2023-06-13 00:00:00-04:00,short,2023-06-13 10:14:00-04:00,417.243036,2023-06-13 10:36:00-04:00,418.76243800000003,stop,45,418.595,414.539108,1.3519640000000095,23,-68.37309000000062,0.45,0.15020749296,-68.97329749296063,-1.1337135783852257,1.4386666155912877,2.0100000000000477,76666.88936386217,76597.9160663692
SPY,2023-06-14 00:00:00-04:00,long,2023-06-14 09:46:00-04:00,419.977924,2023-06-14 10:45:00-04:00,420.11188799999996,time,45,419.325,421.28377199999994,0.6529239999999845,60,6.028379999999629,0.45,0.15124027967999998,5.427139720319629,0.1847123170476114,0.6656589517295843,0.7300000000000182,76597.9160663692,76603.34320608953
QQQ,2023-06-14 00:00:00-04:00,long,2023-06-14 09:46:00-04:00,356.96272799999997,2023-06-14 10:45:00-04:00,358.07671200000004,time,53,356.155,358.57818399999996,0.8077279999999973,60,59.041152000003876,0.53,0.15182452588800002,58.35932747411587,1.3632304269557038,0.7256389491168996,1.1899999999999977,76603.34320608953,76661.70253356364
NVDA,2023-06-14 00:00:00-04:00,long,2023-06-14 09:56:00-04:00,41.42656399999999,2023-06-14 10:55:00-04:00,41.78328,time,462,40.894999999999996,42.489691999999984,0.5315639999999959,60,164.80279200000268,4.62,0.15443100287999997,160.0283609971227,0.6516275251145836,0.8053016025068472,0.8500000000000014,76661.70253356364,76821.73089456077
META,2023-06-14 00:00:00-04:00,long,2023-06-14 10:00:00-04:00,271.428528,2023-06-14 10:59:00-04:00,270.511752,time,70,269.69500000000005,274.8955839999998,1.7335279999999216,60,-64.17431999999792,0.7000000000000001,0.15148658112,-65.02580658111792,-0.5358667953537597,0.5446565644592588,2.8100000000000023,76821.73089456077,76756.70508797964
AMZN,2023-06-14 00:00:00-04:00,long,2023-06-14 10:21:00-04:00,126.90073999999998,2023-06-14 10:55:00-04:00,126.07455,stop,151,126.125,128.45221999999995,0.7757399999999848,35,-124.75468999999738,1.51,0.1522980564,-126.41698805639739,-1.0792257668806549,0.5192350732312417,1.3899999999999864,76756.70508797964,76630.28809992324
SPY,2023-06-15 00:00:00-04:00,long,2023-06-15 09:47:00-04:00,420.398092,2023-06-15 10:46:00-04:00,421.37138400000003,time,45,419.39,422.4142760000001,1.0080920000000333,60,43.79814000000067,0.45,0.15169369823999998,43.196446301760666,0.9522156994877284,1.1202970313012137,1.3999999999999773,76630.28809992324,76673.48454622501
QQQ,2023-06-15 00:00:00-04:00,long,2023-06-15 09:49:00-04:00,359.40370399999995,2023-06-15 10:48:00-04:00,360.91557600000004,time,53,358.13,361.95111199999985,1.2737039999999524,60,80.1292160000051,0.53,0.15302820422400001,79.4461877957811,1.1768705094685674,0.9030208229909751,1.7799999999999727,76673.48454622501,76752.93073402079
META,2023-06-15 00:00:00-04:00,long,2023-06-15 09:49:00-04:00,272.8591,2023-06-15 10:48:00-04:00,274.10031599999996,time,70,270.765,277.04730000000006,2.094100000000026,60,86.88511999999662,0.7000000000000001,0.15349617695999998,86.03162382303661,0.586898045686422,0.5233264112377504,3.410000000000025,76752.93073402079,76838.96235784382
AMZN,2023-06-15 00:00:00-04:00,long,2023-06-15 09:49:00-04:00,125.595218,2023-06-15 10:48:00-04:00,125.919612,time,152,124.87,127.045654,0.7252179999999981,60,49.30788799999971,1.52,0.15311824819199998,47.6347697518077,0.4321275024944208,0.7258331479318267,1.1000000000000085,76838.96235784382,76886.59712759563
NVDA,2023-06-15 00:00:00-04:00,short,2023-06-15 09:57:00-04:00,42.223104000000006,2023-06-15 10:10:00-04:00,42.547012,stop,455,42.53,41.60931200000002,0.30689599999999473,14,-147.37813999999813,4.55,0.15369209856000002,-152.08183209855812,-1.0891174366300036,0.8946593265129777,0.519999999999996,76886.59712759563,76734.51529549707
SPY,2023-06-16 00:00:00-04:00,short,2023-06-16 09:46:00-04:00,424.899972,2023-06-16 10:29:00-04:00,426.1704,stop,45,426.0,422.699916,1.1000280000000089,44,-57.169259999999156,0.45,0.15296398992,-57.77222398991916,-1.1670859285181567,1.7670937542252303,1.8799999999999955,76734.51529549707,76676.74307150715
QQQ,2023-06-16 00:00:00-04:00,short,2023-06-16 09:46:00-04:00,362.80482,2023-06-16 10:38:00-04:00,364.590778,stop,52,364.445,359.52446000000003,1.6401799999999866,53,-92.86981599999967,0.52,0.15092680512,-93.54074280511966,-1.0967457465400188,1.5130692952306661,3.009999999999991,76676.74307150715,76583.20232870203
NVDA,2023-06-16 00:00:00-04:00,short,2023-06-16 09:46:00-04:00,42.88284,2023-06-16 09:59:00-04:00,43.262298,stop,446,43.245000000000005,42.158519999999996,0.3621600000000029,14,-169.23826799999983,4.46,0.15300597312,-173.85127397311985,-1.0763227930196502,1.2302738971309903,0.6499999999999986,76583.20232870203,76409.3510547289
NVDA,2023-06-20 00:00:00-04:00,long,2023-06-20 09:47:00-04:00,43.287308,2023-06-20 09:54:00-04:00,42.997794,stop,441,43.015,43.83192400000001,0.27230800000000244,8,-127.67567400000178,4.41,0.151696217232,-132.23737021723377,-1.101172137256347,0.6202452813044381,0.4899999999999949,76409.3510547289,76277.11368451167
AMZN,2023-06-20 00:00:00-04:00,long,2023-06-20 09:48:00-04:00,126.91574599999998,2023-06-20 10:19:00-04:00,125.52017184000002,stop,150,125.5704,129.60643799999994,1.345345999999978,32,-209.33612399999504,1.5,0.15062420620800002,-210.98674820620303,-1.0455141810171584,0.8920381142574441,2.1407999999999987,76277.11368451167,76066.12693630547
QQQ,2023-06-20 00:00:00-04:00,long,2023-06-20 09:49:00-04:00,362.05476400000003,2023-06-20 09:55:00-04:00,360.390786,stop,52,360.53499999999997,365.09429200000017,1.519764000000066,7,-86.52685600000223,0.52,0.14992256697599998,-87.19677856697822,-1.1033694220207677,0.8949985411359563,2.0300000000000296,76066.12693630547,75978.93015773849
SPY,2023-06-20 00:00:00-04:00,short,2023-06-20 10:02:00-04:00,420.87158400000004,2023-06-20 10:25:00-04:00,419.60252590080006,target,45,421.59000000000003,419.43475200000006,0.7184159999999906,24,57.10761446399914,0.45,0.15151377024,56.50610069375914,1.747860747154848,1.058051259532436,1.0400000000000205,75978.93015773849,76035.43625843225
META,2023-06-20 00:00:00-04:00,short,2023-06-20 10:06:00-04:00,276.00955200000004,2023-06-20 11:05:00-04:00,276.88070799999997,time,68,277.64,272.74865600000015,1.6304479999999444,60,-59.23860799999511,0.68,0.15014919628800003,-60.06875719628311,-0.5417922414060173,0.7195188095788465,3.0,76035.43625843225,75975.36750123597
QQQ,2023-06-21 00:00:00-04:00,short,2023-06-21 09:46:00-04:00,358.426572,2023-06-21 10:44:00-04:00,356.6123038864001,target,52,359.405,356.4697160000001,0.9784279999999512,59,94.3419419071945,0.52,0.149105453952,93.6728364532425,1.8411172830540254,0.5350322647872398,0.9899999999999523,75975.36750123597,76069.04033768922
NVDA,2023-06-21 00:00:00-04:00,short,2023-06-21 09:46:00-04:00,42.93282000000001,2023-06-21 10:45:00-04:00,42.346931999999995,time,442,43.285,42.22846000000003,0.35217999999998995,60,258.962496000005,4.42,0.15181045152000003,254.390685548485,1.6342340207849049,0.5647284833328154,0.490000000000002,76069.04033768922,76323.4310232377
META,2023-06-21 00:00:00-04:00,short,2023-06-21 09:46:00-04:00,278.31862800000005,2023-06-21 10:27:00-04:00,280.40711799999997,stop,68,280.29499999999996,274.3658840000002,1.9763719999999125,42,-142.0173199999947,0.68,0.151405333632,-142.8487253336267,-1.0629155589251493,0.5682015975946683,2.4699999999999704,76323.4310232377,76180.58229790408
SPY,2023-06-21 00:00:00-04:00,short,2023-06-21 09:57:00-04:00,419.002332,2023-06-21 10:15:00-04:00,419.95291399999996,stop,45,419.78499999999997,417.43699600000014,0.7826679999999442,19,-42.776189999997314,0.45,0.15084083952,-43.37703083951732,-1.231600140360931,0.73201602533723,1.0100000000000477,76180.58229790408,76137.20526706456
AMZN,2023-06-21 00:00:00-04:00,short,2023-06-21 10:08:00-04:00,124.90002000000001,2023-06-21 11:07:00-04:00,124.31960796,time,152,125.91499999999999,122.87006000000005,1.01497999999998,60,88.22263008000198,1.52,0.15187842432,86.55075165568198,0.5610089261266471,0.7168346599049514,1.6300000000000097,76137.20526706456,76223.75601872025
QQQ,2023-06-22 00:00:00-04:00,long,2023-06-22 09:46:00-04:00,356.28245599999997,2023-06-22 10:45:00-04:00,356.417376,time,53,355.065,358.7173679999999,1.2174559999999701,60,7.150760000001185,0.53,0.151120967424,6.469639032577184,0.10026535742731182,0.7783320272081528,2.0499999999999545,76223.75601872025,76230.22565775283
NVDA,2023-06-22 00:00:00-04:00,long,2023-06-22 09:46:00-04:00,42.657056,2023-06-22 10:28:00-04:00,43.1838875328,target,446,42.385,43.201167999999996,0.2720559999999992,43,234.96686362880126,4.46,0.15408011071703037,230.35278351808424,1.8984549566991427,0.5874324134527461,0.46999999999999886,76230.22565775283,76460.57844127092
META,2023-06-22 00:00:00-04:00,long,2023-06-22 09:48:00-04:00,278.881508,2023-06-22 10:47:00-04:00,277.74885600000005,time,68,277.06,282.524524,1.8215079999999944,60,-77.02033599999663,0.68,0.15109537766400002,-77.85143137766065,-0.628530860609975,0.6604729697411209,3.3799999999999955,76460.57844127092,76382.72700989326
AMZN,2023-06-22 00:00:00-04:00,long,2023-06-22 09:48:00-04:00,127.63103199999999,2023-06-22 10:47:00-04:00,128.19570120000003,time,149,126.1575,130.57809599999996,1.4735319999999916,60,84.13571080000595,1.49,0.15280927583040002,82.49290152417555,0.37572555899053645,1.2609251998532793,2.0349999999999966,76382.72700989326,76465.21991141744
SPY,2023-06-22 00:00:00-04:00,long,2023-06-22 09:52:00-04:00,418.91749999999996,2023-06-22 10:51:00-04:00,418.612488,time,45,418.05499999999995,420.6425,0.8625000000000114,60,-13.725539999998944,0.45,0.15070049568,-14.326240495678944,-0.3691140868451853,1.086072853030166,0.6899999999999977,76465.21991141744,76450.89367092177
QQQ,2023-06-23 00:00:00-04:00,short,2023-06-23 09:46:00-04:00,354.70806000000005,2023-06-23 10:09:00-04:00,356.332476,stop,53,356.19,351.74418000000014,1.4819399999999519,24,-86.0940479999968,0.53,0.15039621744,-86.77444421743681,-1.1048042865972934,1.1085774274392863,1.759999999999991,76450.89367092177,76364.11922670434
NVDA,2023-06-23 00:00:00-04:00,short,2023-06-23 09:46:00-04:00,42.053172,2023-06-23 10:39:00-04:00,42.471982,stop,453,42.455,41.249516000000014,0.40182799999999474,54,-189.72092999999705,4.53,0.152400695328,-194.40333069532505,-1.067985370297737,0.4721080872017162,0.46999999999999886,76364.11922670434,76169.71589600902
AMZN,2023-06-23 00:00:00-04:00,short,2023-06-23 09:46:00-04:00,128.84844,2023-06-23 10:09:00-04:00,129.981972,stop,147,129.93,126.68532000000002,1.081559999999996,24,-166.62920400000036,1.47,0.15152576544000002,-168.25072976544035,-1.0582517729206022,1.3863678672105078,1.8199999999999932,76169.71589600902,76001.46516624358
SPY,2023-06-23 00:00:00-04:00,long,2023-06-23 10:04:00-04:00,417.897092,2023-06-23 10:56:00-04:00,417.0831,stop,45,417.25,419.19127599999996,0.6470919999999865,53,-36.62963999999931,0.45,0.150149916,-37.22978991599931,-1.2785332917112282,0.9803075123320434,0.7999999999999545,76001.46516624358,75964.23537632758
META,2023-06-23 00:00:00-04:00,long,2023-06-23 10:40:00-04:00,280.66222,2023-06-23 11:39:00-04:00,280.83762,time,67,278.475,285.0366599999999,2.187219999999968,60,11.751800000001651,0.67,0.15052896431999999,10.931271035681652,0.07459391329634286,0.7881496881401037,3.910000000000025,75964.23537632758,75975.16664736325
SPY,2023-06-26 00:00:00-04:00,long,2023-06-26 09:46:00-04:00,418.457316,2023-06-26 10:33:00-04:00,417.318006,stop,45,417.485,420.40194799999995,0.972315999999978,48,-51.26894999999848,0.45,0.15023448216000002,-51.86918448215849,-1.1854670128312117,0.6496056089504796,1.4700000000000273,75975.16664736325,75923.29746288109
QQQ,2023-06-26 00:00:00-04:00,long,2023-06-26 09:47:00-04:00,357.312868,2023-06-26 10:40:00-04:00,356.20746,stop,53,356.35,359.2386039999999,0.9628679999999576,54,-58.586623999997585,0.53,0.15103196304,-59.26765596303758,-1.1613820998101543,0.46904301822920746,1.5600000000000023,75923.29746288109,75864.02980691806
NVDA,2023-06-26 00:00:00-04:00,long,2023-06-26 09:53:00-04:00,42.56701999999999,2023-06-26 10:32:00-04:00,42.328062,stop,445,42.345,43.01105999999998,0.22201999999999344,40,-106.33630999999536,4.45,0.15068790072,-110.93699790071537,-1.122856609746856,0.4172918844662679,0.28999999999999915,75864.02980691806,75753.09280901734
AMZN,2023-06-26 00:00:00-04:00,long,2023-06-26 09:53:00-04:00,130.637234,2023-06-26 10:40:00-04:00,129.805557,stop,144,129.8575,132.19670200000004,0.779734000000019,48,-119.76148800000192,1.44,0.14953600166399997,-121.35102400166592,-1.0807729872700085,0.6892119708716299,1.4350000000000023,75753.09280901734,75631.74178501568
META,2023-06-26 00:00:00-04:00,long,2023-06-26 09:55:00-04:00,287.094792,2023-06-26 10:19:00-04:00,285.675684,stop,65,285.78999999999996,289.704376,1.3047920000000204,25,-92.24201999999963,0.65,0.14855135568,-93.04057135567963,-1.0970280362479015,0.7184158539766475,1.8199999999999932,75631.74178501568,75538.70121366
META,2023-06-27 00:00:00-04:00,long,2023-06-27 10:04:00-04:00,282.532968,2023-06-27 10:08:00-04:00,280.077924,stop,66,280.19,287.21890399999995,2.342967999999985,5,-162.03290399999912,0.66,0.147881143872,-162.84078514387113,-1.0530594627805427,1.232954982081827,3.9600000000000364,75538.70121366,75375.86042851613
NVDA,2023-06-27 00:00:00-04:00,short,2023-06-27 10:08:00-04:00,40.613748,2023-06-27 11:07:00-04:00,40.46618,time,463,40.965,39.911243999999996,0.35125200000000234,60,68.32398399999985,4.63,0.150433322592,63.54355067740785,0.390725433637385,0.7232483649087748,0.509999999999998,75375.86042851613,75439.40397919354
SPY,2023-06-27 00:00:00-04:00,short,2023-06-27 10:11:00-04:00,416.103492,2023-06-27 10:18:00-04:00,417.07676399999997,stop,45,416.90999999999997,414.4904760000001,0.8065079999999512,8,-43.79723999999783,0.45,0.14979725712,-44.39703725711783,-1.223299493540066,0.8108039400768702,1.0200000000000387,75439.40397919354,75395.00694193642
QQQ,2023-06-27 00:00:00-04:00,short,2023-06-27 10:13:00-04:00,352.319016,2023-06-27 10:26:00-04:00,353.60638600000004,stop,53,353.46500000000003,350.02704799999987,1.1459840000000554,14,-68.23061000000354,0.53,0.149383262784,-68.90999326278754,-1.1345608246956362,0.8048551420489735,1.7099999999999795,75395.00694193642,75326.09694867363
AMZN,2023-06-27 00:00:00-04:00,short,2023-06-27 10:13:00-04:00,127.54896,2023-06-27 10:28:00-04:00,128.361324,stop,147,128.31,126.02687999999998,0.7610400000000084,16,-119.41750800000034,1.47,0.14999757696,-121.03750557696034,-1.0819199932723553,0.6660807729784374,1.1200000000000045,75326.09694867363,75205.05944309667
SPY,2023-06-28 00:00:00-04:00,short,2023-06-28 09:47:00-04:00,418.392576,2023-06-28 09:57:00-04:00,419.18260599999996,stop,44,419.015,417.1477280000001,0.6224239999999668,11,-34.76131999999757,0.44,0.147274186752,-35.348594186749565,-1.290723270002422,1.0177873297966962,0.6299999999999955,75205.05944309667,75169.71084890992
QQQ,2023-06-28 00:00:00-04:00,long,2023-06-28 09:58:00-04:00,357.65300399999995,2023-06-28 10:04:00-04:00,356.44736400000005,stop,52,356.59000000000003,359.7790119999998,1.0630039999999212,7,-62.69327999999496,0.52,0.14828210342400003,-63.36156210341896,-1.1462718662507323,0.8650616663844425,1.8000000000000114,75169.71084890992,75106.3492868065
AMZN,2023-06-28 00:00:00-04:00,long,2023-06-28 09:58:00-04:00,131.072408,2023-06-28 10:10:00-04:00,129.79806,stop,143,129.85,133.517224,1.2224080000000015,13,-182.23176400000048,1.43,0.14848898064,-183.81025298064048,-1.0515199380894118,0.8788524639236932,2.0600000000000023,75106.3492868065,74922.53903382586
NVDA,2023-06-28 00:00:00-04:00,long,2023-06-28 10:26:00-04:00,41.136447999999994,2023-06-28 11:25:00-04:00,41.313468,time,455,40.78,41.84934399999998,0.3564479999999932,60,80.54410000000271,4.55,0.15038102352,75.84371897648272,0.467640419517038,1.3122705135357875,0.6799999999999997,74922.53903382586,74998.38275280234
META,2023-06-28 00:00:00-04:00,long,2023-06-28 10:38:00-04:00,286.07438399999995,2023-06-28 11:23:00-04:00,283.801434,stop,65,283.91499999999996,290.39315199999993,2.1593839999999886,46,-147.74174999999872,0.65,0.14757674567999998,-148.53932674567872,-1.0582742168470232,0.6797281295537609,4.069999999999993,74998.38275280234,74849.84342605666
NVDA,2023-06-29 00:00:00-04:00,short,2023-06-29 09:46:00-04:00,40.993596,2023-06-29 10:45:00-04:00,40.856336,time,456,41.290000000000006,40.40078799999998,0.29640400000000966,60,62.59055999999896,4.5600000000000005,0.14954463820799999,57.88101536179096,0.42824000766519205,0.6800056255408653,0.46000000000000085,74849.84342605666,74907.72444141845
SPY,2023-06-29 00:00:00-04:00,long,2023-06-29 10:02:00-04:00,421.25843599999996,2023-06-29 10:07:00-04:00,420.10689,stop,44,420.275,423.2253079999999,0.9834359999999833,6,-50.66802399999733,0.44,0.14787762528,-51.25590162527733,-1.1845273664172953,1.0431761573115668,1.3900000000000432,74907.72444141845,74856.46853979318
QQQ,2023-06-29 00:00:00-04:00,short,2023-06-29 10:08:00-04:00,356.617296,2023-06-29 11:07:00-04:00,357.632996,time,52,357.88,354.09188800000004,1.2627039999999852,60,-52.81639999999902,0.52,0.148352795136,-53.48475279513502,-0.8145637761248822,1.1019965154437437,1.5,74856.46853979318,74802.98378699804
META,2023-06-29 00:00:00-04:00,short,2023-06-29 10:08:00-04:00,281.447376,2023-06-29 11:07:00-04:00,281.00235599999996,time,66,282.865,278.61212800000004,1.4176239999999893,60,29.37132000000372,0.66,0.14860421452800002,28.56271578547572,0.305277295666594,0.5284682291872053,2.430000000000007,74802.98378699804,74831.54650278352
AMZN,2023-06-29 00:00:00-04:00,short,2023-06-29 10:08:00-04:00,127.97878800000001,2023-06-29 11:07:00-04:00,127.81610599999999,time,146,128.71499999999997,126.50636400000008,0.7362119999999663,60,23.751572000002625,1.46,0.149479224384,22.142092775618625,0.20599795941389834,0.6277066930783896,1.0900000000000034,74831.54650278352,74853.68859555913
QQQ,2023-06-30 00:00:00-04:00,long,2023-06-30 09:46:00-04:00,362.77505199999996,2023-06-30 10:45:00-04:00,363.394584,time,51,361.65,365.0251559999999,1.1250519999999824,60,31.596132000002513,0.51,0.148264990272,30.93786700973051,0.5391971600673202,1.0106491331406213,1.4399999999999977,74853.68859555913,74884.62646256886
NVDA,2023-06-30 00:00:00-04:00,long,2023-06-30 09:46:00-04:00,41.92676399999999,2023-06-30 10:45:00-04:00,42.38304,time,446,41.64,42.50029199999997,0.2867639999999909,60,203.49909600000433,4.46,0.15122268672,198.88787331328433,1.5550659625337344,0.9622335075675236,0.4399999999999977,74884.62646256886,75083.51433588215
AMZN,2023-06-30 00:00:00-04:00,long,2023-06-30 09:46:00-04:00,130.232072,2023-06-30 10:45:00-04:00,130.567752,time,144,129.365,131.96621599999995,0.867071999999979,60,48.33792000000358,1.44,0.15041405030399999,46.74750594969958,0.3744042686005692,0.6390401711733505,0.8300000000000125,75083.51433588215,75130.26184183185
SPY,2023-06-30 00:00:00-04:00,long,2023-06-30 09:50:00-04:00,426.44050799999997,2023-06-30 10:49:00-04:00,425.8296,time,44,425.57,428.1815239999999,0.8705079999999725,60,-26.879951999997274,0.44,0.1498920192,-27.469844019197275,-0.7171842611440191,1.3813220109537423,1.240000000000009,75130.26184183185,75102.79199781264
META,2023-06-30 00:00:00-04:00,long,2023-06-30 09:52:00-04:00,284.06358,2023-06-30 10:00:00-04:00,282.68688000000003,stop,66,282.8,286.59074,1.2635799999999904,9,-90.8621999999981,0.66,0.14925867264,-91.6714586726381,-1.0992271918200522,0.8355865144964426,1.7200000000000273,75102.79199781264,75011.12053914
SPY,2023-07-05 00:00:00-04:00,long,2023-07-05 09:46:00-04:00,427.12077999999997,2023-07-05 10:45:00-04:00,427.159068,time,43,426.32,428.7223399999999,0.8007799999999747,60,1.6463840000009782,0.43,0.146942719392,1.0694412806089781,0.03105812764557498,0.7855174474108246,1.2200000000000273,75011.12053914,75012.1899804206
QQQ,2023-07-05 00:00:00-04:00,long,2023-07-05 09:46:00-04:00,364.705824,2023-07-05 10:45:00-04:00,365.033928,time,51,363.395,367.32747200000006,1.310824000000025,60,16.733303999999805,0.51,0.148933842624,16.074370157375803,0.24044702307555407,0.8043620753377694,2.1299999999999955,75012.1899804206,75028.26435057799
META,2023-07-05 00:00:00-04:00,long,2023-07-05 09:46:00-04:00,288.96554000000003,2023-07-05 10:20:00-04:00,294.22888135200014,target,64,286.275,294.34662000000014,2.6905400000000554,35,336.8538465280071,0.64,0.15064518725222406,336.0632013407549,1.9516481899355473,1.2388466119965742,4.810000000000002,75028.26435057799,75364.32755191874
AMZN,2023-07-05 00:00:00-04:00,long,2023-07-05 09:47:00-04:00,131.382532,2023-07-05 09:50:00-04:00,130.59374160000002,stop,143,130.64600000000002,132.85559599999996,0.7365319999999826,4,-112.79702719999744,1.43,0.1493992403904,-114.37642644038785,-1.085947589422864,0.638802650280964,1.0479999999999734,75364.32755191874,75249.95112547836
NVDA,2023-07-05 00:00:00-04:00,long,2023-07-05 09:48:00-04:00,42.607036,2023-07-05 10:47:00-04:00,42.78288,time,441,42.275,43.271108000000005,0.3320360000000022,60,77.54720399999907,4.41,0.15093800064,72.98626599935908,0.4984451594405329,0.6179820750373811,0.5499999999999972,75249.95112547836,75322.93739147771
META,2023-07-06 00:00:00-04:00,short,2023-07-06 09:53:00-04:00,290.013948,2023-07-06 10:07:00-04:00,293.00215399999996,stop,64,292.885,284.2718440000001,2.8710519999999633,15,-191.2451839999958,0.64,0.148487141376,-192.03367114137177,-1.045096400756229,3.101186612219051,5.269999999999982,75322.93739147771,75130.90372033634
SPY,2023-07-06 00:00:00-04:00,short,2023-07-06 09:55:00-04:00,422.01112800000004,2023-07-06 10:54:00-04:00,421.57856400000003,time,44,423.0,420.0333840000001,0.988871999999958,60,19.032816000000594,0.44,0.148547917056,18.444268082944593,0.4239051272318675,1.5434323413281712,1.0199999999999818,75130.90372033634,75149.34798841928
QQQ,2023-07-06 00:00:00-04:00,short,2023-07-06 09:55:00-04:00,358.736448,2023-07-06 10:54:00-04:00,359.24364,time,52,359.92,356.36934399999996,1.1835520000000201,60,-26.373984000001656,0.52,0.149234362368,-27.043218362369654,-0.4394077248688887,1.49496682781717,1.4800000000000182,75149.34798841928,75122.30477005692
NVDA,2023-07-06 00:00:00-04:00,short,2023-07-06 09:55:00-04:00,41.33346,2023-07-06 10:14:00-04:00,41.601634,stop,454,41.585,40.830380000000005,0.25153999999999854,20,-121.75099599999764,4.54,0.15012312672,-126.44111912671765,-1.107198329013264,0.8264119567232994,0.4099999999999966,75122.30477005692,74995.8636509302
AMZN,2023-07-06 00:00:00-04:00,short,2023-07-06 10:06:00-04:00,127.45899600000001,2023-07-06 10:28:00-04:00,128.15124,stop,147,128.1,126.17698800000005,0.641003999999981,23,-101.75986799999825,1.47,0.149891779296,-103.37975977929425,-1.0971283673237746,0.8697573780860404,1.1000000000000085,74995.8636509302,74892.48389115091
AMZN,2023-07-07 00:00:00-04:00,long,2023-07-07 09:46:00-04:00,129.341716,2023-07-07 10:33:00-04:00,128.62118094000002,stop,144,128.67265,130.67984799999996,0.6690659999999866,48,-103.75704863999636,1.44,0.14817160044288,-105.34522024043923,-1.093410858491553,0.580249775558859,1.086500000000001,74892.48389115091,74787.13867091047
QQQ,2023-07-07 00:00:00-04:00,long,2023-07-07 09:47:00-04:00,361.73463599999997,2023-07-07 10:17:00-04:00,360.640686,stop,51,360.785,363.63390799999985,0.9496359999999413,31,-55.79144999999744,0.51,0.147141399888,-56.44859139988544,-1.1655361901697263,0.7983040708661516,1.25,74787.13867091047,74730.69007951059
NVDA,2023-07-07 00:00:00-04:00,long,2023-07-07 09:48:00-04:00,42.426964,2023-07-07 10:04:00-04:00,42.77377564319999,target,440,42.245000000000005,42.790891999999985,0.18196399999999358,17,152.59712300799634,4.4,0.15056369026406397,148.0465593177323,1.8490990140624408,0.5492713003778136,0.28999999999999915,74730.69007951059,74878.73663882833
SPY,2023-07-07 00:00:00-04:00,long,2023-07-07 09:50:00-04:00,423.859476,2023-07-07 10:34:00-04:00,422.820804,stop,44,422.99,425.5984279999999,0.8694759999999633,45,-45.70156799999836,0.44,0.148832923008,-46.29040092300636,-1.2099868960523432,0.787352692955902,1.1800000000000068,74878.73663882833,74832.44623790531
META,2023-07-07 00:00:00-04:00,short,2023-07-07 09:51:00-04:00,287.414988,2023-07-07 10:50:00-04:00,288.70543599999996,time,65,289.42999999999995,283.3849640000001,2.015011999999956,60,-83.87911999999801,0.65,0.14945579375999998,-84.67857579375801,-0.6465208742697304,1.0762374356339848,3.819999999999993,74832.44623790531,74747.76766211155
META,2023-07-10 00:00:00-04:00,short,2023-07-10 09:46:00-04:00,291.85321200000004,2023-07-10 10:45:00-04:00,290.226044,time,64,293.765,288.02963600000015,1.9117879999999445,60,104.13875200000257,0.64,0.14942884454400002,103.34932315545856,0.8446716760980228,2.314863835971521,3.5299999999999727,74747.76766211155,74851.11698526701
QQQ,2023-07-10 00:00:00-04:00,short,2023-07-10 09:47:00-04:00,359.066316,2023-07-10 10:21:00-04:00,360.17401199999995,stop,52,360.03,357.13894799999997,0.9636840000000007,35,-57.60019199999874,0.52,0.14937158745599996,-58.26956358745475,-1.162796653807654,0.9126268741840561,1.4399999999999977,74851.11698526701,74792.84742167956
NVDA,2023-07-10 00:00:00-04:00,short,2023-07-10 09:47:00-04:00,42.13314,2023-07-10 10:46:00-04:00,42.116839999999996,time,443,42.455,41.489419999999996,0.3218600000000009,60,7.2209000000004835,4.43,0.14931984816,2.6415801518404836,0.018526486298393943,0.7836304777837478,0.5499999999999972,74792.84742167956,74795.4890018314
AMZN,2023-07-10 00:00:00-04:00,short,2023-07-10 09:47:00-04:00,127.239084,2023-07-10 10:46:00-04:00,126.90073999999998,time,146,128.385,124.94725200000003,1.1459159999999855,60,49.39822400000301,1.46,0.148615250112,47.78960874989101,0.2856457954405251,1.2182565624504271,1.7900000000000063,74795.4890018314,74843.2786105813
SPY,2023-07-10 00:00:00-04:00,long,2023-07-10 10:02:00-04:00,423.459316,2023-07-10 10:35:00-04:00,422.45595000000003,stop,44,422.625,425.127948,0.8343160000000012,34,-44.14810399999874,0.44,0.14870449440000003,-44.73680849439874,-1.2186577359177697,0.855050868215183,1.25,74843.2786105813,74798.5418020869
AMZN,2023-07-11 00:00:00-04:00,long,2023-07-11 09:46:00-04:00,129.116626,2023-07-11 10:12:00-04:00,128.06375400000002,stop,144,128.115,131.11987799999997,1.0016259999999875,27,-151.61356799999703,1.44,0.14752944460800002,-153.20109744460504,-1.062169422550925,1.0118796345871637,1.5300000000000011,74798.5418020869,74645.3407046423
NVDA,2023-07-11 00:00:00-04:00,short,2023-07-11 09:50:00-04:00,42.13314,2023-07-11 10:27:00-04:00,42.426964,stop,442,42.41,41.57942,0.2768599999999992,38,-129.87020800000033,4.42,0.14898278303999998,-134.43919078304032,-1.0986096406848282,0.8418760235796182,0.4799999999999969,74645.3407046423,74510.90151385925
META,2023-07-11 00:00:00-04:00,short,2023-07-11 09:50:00-04:00,289.55413200000004,2023-07-11 10:03:00-04:00,291.961738,stop,64,291.845,284.97239600000006,2.290867999999989,14,-154.08678399999917,0.64,0.14825171558400002,-154.87503571558315,-1.0563342947109997,1.1157744004206855,4.25,74510.90151385925,74356.02647814367
QQQ,2023-07-11 00:00:00-04:00,short,2023-07-11 09:57:00-04:00,359.05632,2023-07-11 10:35:00-04:00,360.39910199999997,stop,51,360.255,356.6589600000001,1.1986799999999675,39,-68.48188199999709,0.51,0.14649497856000002,-69.13837697855709,-1.1309560938365366,1.040422585933079,1.9700000000000273,74356.02647814367,74286.88810116511
SPY,2023-07-11 00:00:00-04:00,short,2023-07-11 10:08:00-04:00,423.19065600000005,2023-07-11 10:27:00-04:00,424.379684,stop,43,424.21000000000004,421.15196800000007,1.0193439999999896,20,-51.12820399999788,0.43,0.145577585664,-51.70378158566188,-1.179595431226321,0.8910158659753239,1.339999999999975,74286.88810116511,74235.18431957945
SPY,2023-07-12 00:00:00-04:00,long,2023-07-12 09:49:00-04:00,430.69220799999994,2023-07-12 10:48:00-04:00,430.62768000000005,time,43,429.94,432.1966239999998,0.7522079999999391,60,-2.7747039999949266,0.43,0.14813592192000002,-3.352839921914927,-0.10365885691176953,1.3662411144985187,0.8999999999999773,74235.18431957945,74231.83147965753
QQQ,2023-07-12 00:00:00-04:00,long,2023-07-12 09:49:00-04:00,366.77665199999996,2023-07-12 10:48:00-04:00,367.26303600000006,time,50,365.895,368.5399559999999,0.8816519999999741,60,24.319200000005026,0.5,0.1469052144,23.672294785605025,0.536998606833665,1.3838061820323933,0.9300000000000068,74231.83147965753,74255.50377444313
NVDA,2023-07-12 00:00:00-04:00,long,2023-07-12 09:49:00-04:00,43.317319999999995,2023-07-12 10:48:00-04:00,43.612548000000004,time,428,42.97,44.01195999999999,0.3473199999999963,60,126.35758400000373,4.28,0.149329364352,121.92825463565173,0.8202208327076234,1.1837604744846761,0.5600000000000023,74255.50377444313,74377.43202907879
META,2023-07-12 00:00:00-04:00,long,2023-07-12 09:55:00-04:00,301.57057999999995,2023-07-12 10:48:00-04:00,305.9593073039999,target,61,299.315,306.08173999999985,2.255579999999952,54,267.71236554399565,0.61,0.14930814196435194,266.9530574020313,1.9402014690419267,1.349416281214478,3.6499999999999773,74377.43202907879,74644.38508648082
AMZN,2023-07-12 00:00:00-04:00,short,2023-07-12 10:38:00-04:00,129.868032,2023-07-12 11:37:00-04:00,129.841916,time,143,130.635,128.33409600000002,0.7669679999999914,60,3.734588000000258,1.43,0.14856902860799998,2.156018971392258,0.01965799843540014,0.9696353651322449,1.25,74644.38508648082,74646.54110545221
SPY,2023-07-13 00:00:00-04:00,long,2023-07-13 09:55:00-04:00,432.19280799999996,2023-07-13 10:20:00-04:00,431.357388,stop,43,431.53,433.5184239999999,0.6628079999999841,26,-35.92305999999752,0.43,0.148386941472,-36.50144694146952,-1.2807190907532235,1.0186557350701153,0.9599999999999795,74646.54110545221,74610.03965851074
QQQ,2023-07-13 00:00:00-04:00,long,2023-07-13 09:55:00-04:00,370.738236,2023-07-13 10:05:00-04:00,369.612096,stop,50,369.76,372.69470799999993,0.9782359999999812,11,-56.3069999999982,0.5,0.1478448384,-56.954844838398195,-1.164439763787047,1.0220058819638551,1.4800000000000182,74610.03965851074,74553.08481367234
META,2023-07-13 00:00:00-04:00,short,2023-07-13 10:04:00-04:00,309.606108,2023-07-13 11:03:00-04:00,309.603792,time,60,311.635,305.54832400000004,2.028891999999985,60,0.13896000000045206,0.6,0.14861093184,-0.6096509318395479,-0.005008077740950499,1.9375788630588302,3.7100000000000364,74553.08481367234,74552.47516274049
AMZN,2023-07-13 00:00:00-04:00,short,2023-07-13 10:37:00-04:00,132.926808,2023-07-13 10:52:00-04:00,133.87852999999998,stop,140,133.825,131.130424,0.8981919999999946,16,-133.24107999999853,1.4000000000000001,0.14887802495999997,-134.78995802495854,-1.0719149296186066,1.7297691781417164,1.6899999999999977,74552.47516274049,74417.68520471553
QQQ,2023-07-14 00:00:00-04:00,long,2023-07-14 09:52:00-04:00,375.22002799999996,2023-07-14 10:48:00-04:00,373.895382,stop,49,374.04499999999996,377.57008399999995,1.1750279999999975,57,-64.90765399999867,0.49,0.14656698974399998,-65.54422098974267,-1.1383874793247273,1.118731065416458,1.9499999999999886,74417.68520471553,74352.14098372578
SPY,2023-07-14 00:00:00-04:00,long,2023-07-14 09:56:00-04:00,434.70381199999997,2023-07-14 10:00:00-04:00,433.99633200000005,stop,42,434.17,435.7714359999999,0.5338119999999549,5,-29.714159999996582,0.42,0.145822767552,-30.279982767548585,-1.3505728058866786,0.8460291657569379,0.6399999999999864,74352.14098372578,74321.86100095823
NVDA,2023-07-14 00:00:00-04:00,long,2023-07-14 10:04:00-04:00,47.659056,2023-07-14 11:03:00-04:00,47.261088,time,389,46.97,49.037168,0.6890560000000008,60,-154.8095519999995,3.89,0.147076505856,-158.8466285058555,-0.5926166940045486,1.8210482676974333,0.980000000000004,74321.86100095823,74163.01437245238
AMZN,2023-07-14 00:00:00-04:00,long,2023-07-14 10:15:00-04:00,135.474168,2023-07-14 11:14:00-04:00,136.43350476,time,136,134.695,137.032504,0.7791679999999985,60,130.46979936000184,1.36,0.14843965317887997,128.96135970682295,1.2169972226296963,0.9347881162419386,1.3700000000000045,74163.01437245238,74291.9757321592
META,2023-07-14 00:00:00-04:00,short,2023-07-14 10:47:00-04:00,308.496552,2023-07-14 11:23:00-04:00,310.564176,stop,60,310.44,304.60965600000003,1.9434479999999894,37,-124.057439999998,0.6,0.14807834496,-124.80551834495799,-1.0703100738563511,0.9002967460812942,3.3999999999999773,74291.9757321592,74167.17021381424
QQQ,2023-07-17 00:00:00-04:00,short,2023-07-17 09:46:00-04:00,373.00074,2023-07-17 10:08:00-04:00,374.03455399999996,stop,49,373.885,371.23222000000004,0.8842599999999834,23,-50.65688599999754,0.49,0.14621629008,-51.29310229007754,-1.1838124600456534,0.9320745241092268,1.3100000000000023,74167.17021381424,74115.87711152417
NVDA,2023-07-17 00:00:00-04:00,short,2023-07-17 09:46:00-04:00,45.411828,2023-07-17 10:13:00-04:00,45.998391999999996,stop,408,45.98,44.275484000000006,0.568171999999997,28,-239.31811199999822,4.08,0.148224206592,-243.54633620659024,-1.0506101930823744,1.2870102657095737,0.8599999999999994,74115.87711152417,73872.33077531758
META,2023-07-17 00:00:00-04:00,short,2023-07-17 09:46:00-04:00,302.61890400000004,2023-07-17 10:45:00-04:00,302.75105199999996,time,61,305.275,297.3067120000002,2.656095999999934,60,-8.061027999994849,0.61,0.14767802515200001,-8.818706025146849,-0.0544291137187508,1.1408450939708517,4.53000000000003,73872.33077531758,73863.51206929242
AMZN,2023-07-17 00:00:00-04:00,short,2023-07-17 09:46:00-04:00,134.31125400000002,2023-07-17 10:45:00-04:00,134.19365599999998,time,137,135.07999999999998,132.7737620000001,0.7687459999999646,60,16.110926000005975,1.37,0.147205134384,14.593720865621973,0.13856788844175905,0.7066434145349416,1.0800000000000125,73863.51206929242,73878.10579015805
SPY,2023-07-17 00:00:00-04:00,long,2023-07-17 10:02:00-04:00,433.56335599999994,2023-07-17 11:01:00-04:00,433.25662800000003,time,42,432.97,434.75006799999977,0.5933559999999147,60,-12.882575999996106,0.42,0.14557422700800002,-13.448150227004106,-0.5396322831891028,0.6712166293847215,0.6999999999999886,73878.10579015805,73864.65763993104
SPY,2023-07-18 00:00:00-04:00,long,2023-07-18 09:48:00-04:00,434.85387199999997,2023-07-18 10:47:00-04:00,435.49573200000003,time,42,434.115,436.3316159999999,0.738871999999958,60,26.958120000002737,0.42,0.146326565952,26.391793434050737,0.8504531693501728,0.8925813232668672,1.1100000000000136,73864.65763993104,73891.0494333651
META,2023-07-18 00:00:00-04:00,short,2023-07-18 09:51:00-04:00,305.27783999999997,2023-07-18 10:34:00-04:00,307.47294,stop,60,307.35,301.13351999999986,2.0721600000000535,44,-131.7060000000015,0.6,0.1465333632,-132.4525333632015,-1.0653338654929967,0.7161464848547093,3.5200000000000387,73891.0494333651,73758.5969000019
QQQ,2023-07-18 00:00:00-04:00,short,2023-07-18 09:52:00-04:00,373.580508,2023-07-18 10:00:00-04:00,374.844878,stop,49,374.695,371.35152400000004,1.1144919999999843,9,-61.95412999999928,0.49,0.146443559136,-62.59057355913529,-1.1461353191086194,1.0518709996948346,1.490000000000009,73758.5969000019,73696.00632644276
AMZN,2023-07-19 00:00:00-04:00,long,2023-07-19 09:47:00-04:00,135.023988,2023-07-19 10:46:00-04:00,135.08594399999998,time,136,133.74,137.591964,1.2839879999999937,60,8.42601599999739,1.36,0.14697350707199996,6.919042492925389,0.03962288779021381,0.9752156493685952,2.4199999999999875,73696.00632644276,73702.92536893568
NVDA,2023-07-19 00:00:00-04:00,short,2023-07-19 09:56:00-04:00,46.83126,2023-07-19 10:02:00-04:00,47.19387,stop,393,47.175,46.14378000000001,0.3437399999999968,7,-142.50572999999864,3.93,0.14723748143999998,-146.58296748143863,-1.0850778206784195,0.8725283362158923,0.46999999999999886,73702.92536893568,73556.34240145424
META,2023-07-19 00:00:00-04:00,long,2023-07-19 09:58:00-04:00,311.19442799999996,2023-07-19 10:57:00-04:00,312.09511200000003,time,59,309.325,314.9332839999999,1.8694279999999708,60,53.14035600000409,0.59,0.147308892864,52.40304710714009,0.4751117663285685,0.6860389091648712,3.009999999999991,73556.34240145424,73608.74544856139
SPY,2023-07-19 00:00:00-04:00,long,2023-07-19 10:06:00-04:00,439.63578399999994,2023-07-19 10:37:00-04:00,438.69945,stop,41,438.875,441.15735199999983,0.7607839999999442,32,-38.38969399999718,0.41000000000000003,0.1438934196,-38.94358741959717,-1.248506271951041,1.189182279506147,1.07000000000005,73608.74544856139,73569.8018611418
QQQ,2023-07-19 00:00:00-04:00,short,2023-07-19 10:16:00-04:00,379.058316,2023-07-19 10:24:00-04:00,380.18201199999993,stop,48,380.03,377.114948,0.971683999999982,9,-53.93740799999705,0.48,0.14555839334399998,-54.56296639334104,-1.1698540539187219,0.9777623311087699,1.400000000000034,73569.8018611418,73515.23889474846
NVDA,2023-07-20 00:00:00-04:00,long,2023-07-20 09:48:00-04:00,46.838727999999996,2023-07-20 10:02:00-04:00,46.426421999999995,stop,392,46.44499999999999,47.626184,0.39372800000000296,15,-161.62395200000037,3.92,0.14559325939199996,-165.68954525939236,-1.0735264227486938,0.9340553743143056,0.5700000000000003,73515.23889474846,73349.54934948907
META,2023-07-20 00:00:00-04:00,short,2023-07-20 10:01:00-04:00,310.22586,2023-07-20 10:23:00-04:00,307.4905270320001,target,59,311.655,307.3675800000001,1.4291399999999612,23,161.38464511199464,0.59,0.14642660592,160.64821850607464,1.9052375282477456,0.5668269569613079,2.2700000000000387,73349.54934948907,73510.19756799514
AMZN,2023-07-20 00:00:00-04:00,short,2023-07-20 10:01:00-04:00,133.55655600000003,2023-07-20 10:34:00-04:00,132.04096326720006,target,137,134.34075,131.98816800000006,0.7841939999999852,34,207.63620439359636,1.37,0.14637798537600002,206.11982640822035,1.918561325835191,0.7458440416727907,0.9015000000000271,73510.19756799514,73716.31739440336
QQQ,2023-07-20 00:00:00-04:00,short,2023-07-20 10:04:00-04:00,375.69966000000005,2023-07-20 10:32:00-04:00,373.83845559200006,target,49,376.70500000000004,373.6889800000001,1.0053399999999897,29,91.1990159919996,0.49,0.14727426672000002,90.5617417252796,1.8383818516322945,1.178076477548051,1.4499999999999886,73716.31739440336,73806.87913612864
SPY,2023-07-20 00:00:00-04:00,short,2023-07-20 10:11:00-04:00,437.23503600000004,2023-07-20 11:10:00-04:00,437.50493199999994,time,42,437.90999999999997,435.8851080000002,0.6749639999999317,60,-11.33563199999594,0.42,0.14691097209600001,-11.90254297209194,-0.4198651784212669,0.8740898107716527,0.9399999999999977,73806.87913612864,73794.97659315655
SPY,2023-07-21 00:00:00-04:00,short,2023-07-21 09:48:00-04:00,436.37538,2023-07-21 10:47:00-04:00,436.89468800000003,time,42,437.08500000000004,434.95613999999995,0.7096200000000294,60,-21.810936000000993,0.42,0.14662212768,-22.377558127680995,-0.7508229799611081,1.01015044268094,0.6899999999999977,73794.97659315655,73772.59903502886
QQQ,2023-07-21 00:00:00-04:00,short,2023-07-21 09:49:00-04:00,371.52133200000003,2023-07-21 10:30:00-04:00,369.5117415984,target,49,372.6,369.36399600000004,1.0786679999999933,42,98.46992967840038,0.49,0.145636362144,97.83429331625638,1.8510034885099216,1.3160026213043847,1.599999999999966,73772.59903502886,73870.43332834511
META,2023-07-21 00:00:00-04:00,short,2023-07-21 09:49:00-04:00,298.800432,2023-07-21 10:40:00-04:00,294.66911651839996,target,61,300.925,294.551296,2.1245680000000107,52,252.01024437760248,0.61,0.145814610816,251.25442976678647,1.9387118125397822,0.8848790242266783,3.75,73870.43332834511,74121.6877581119
NVDA,2023-07-21 00:00:00-04:00,short,2023-07-21 09:58:00-04:00,44.991996,2023-07-21 10:57:00-04:00,44.637848,time,411,45.41,44.15598800000001,0.41800399999999627,60,145.55482800000087,4.11,0.147933682848,141.29689431715286,0.8224516129797924,1.0865976394852912,0.740000000000002,74121.6877581119,74262.98465242906
AMZN,2023-07-21 00:00:00-04:00,short,2023-07-21 09:58:00-04:00,129.80115876000002,2023-07-21 10:57:00-04:00,129.69185599999997,time,143,130.70499999999998,127.9934762800001,0.9038412399999629,60,15.630294680006898,1.43,0.14849252562144002,14.051802154385458,0.10871859612200509,0.9843352868944434,1.3699999999999761,74262.98465242906,74277.03645458345
META,2023-07-24 00:00:00-04:00,short,2023-07-24 09:46:00-04:00,292.43298000000004,2023-07-24 09:53:00-04:00,289.74479157600007,target,63,293.83500000000004,289.62894000000006,1.4020199999999932,8,169.35587071199842,0.63,0.14738622192,168.57848449007844,1.9085668964494003,0.5650178846749018,2.1899999999999977,74277.03645458345,74445.61493907352
QQQ,2023-07-24 00:00:00-04:00,short,2023-07-24 09:47:00-04:00,369.542124,2023-07-24 10:46:00-04:00,369.877892,time,50,370.57500000000005,367.4763719999999,1.0328760000000443,60,-16.78839999999866,0.5,0.14781684959999997,-17.43621684959866,-0.33762459094020797,0.7272741437531046,1.0500000000000114,74445.61493907352,74428.17872222392
NVDA,2023-07-24 00:00:00-04:00,short,2023-07-24 09:47:00-04:00,44.222304,2023-07-24 10:20:00-04:00,44.572821999999995,stop,420,44.555,43.556912000000004,0.33269599999999855,34,-147.21755999999743,4.2,0.14858694143999998,-151.5661469414374,-1.0846892611633305,0.8595378706557498,0.4899999999999949,74428.17872222392,74276.61257528249
AMZN,2023-07-24 00:00:00-04:00,short,2023-07-24 09:47:00-04:00,129.878028,2023-07-24 10:46:00-04:00,129.321708,time,142,130.95,127.73408400000002,1.0719719999999882,60,78.99743999999993,1.42,0.147541439808,77.42989856019193,0.5086709128372807,0.7239936205424015,1.4199999999999875,74276.61257528249,74354.04247384268
SPY,2023-07-24 00:00:00-04:00,short,2023-07-24 09:52:00-04:00,436.47534,2023-07-24 10:16:00-04:00,437.44490799999994,stop,42,437.27,434.8860200000001,0.7946599999999648,25,-40.72185599999682,0.42,0.14665571423999998,-41.28851171423682,-1.2370822776029595,0.7242970906797195,1.0600000000000023,74354.04247384268,74312.75396212844
SPY,2023-07-25 00:00:00-04:00,long,2023-07-25 09:46:00-04:00,438.185204,2023-07-25 10:45:00-04:00,437.99473200000006,time,42,437.57,439.415612,0.6152040000000056,60,-7.999823999997602,0.42,0.14716622995200002,-8.566990229949603,-0.3315582438604773,0.5842606063008176,0.6599999999999682,74312.75396212844,74304.18697189848
QQQ,2023-07-25 00:00:00-04:00,long,2023-07-25 09:46:00-04:00,371.968728,2023-07-25 10:31:00-04:00,370.866594,stop,49,371.015,373.876184,0.9537280000000123,46,-54.00456599999893,0.49,0.14537970484799997,-54.63994570484693,-1.1692022597134233,0.6199788075886524,1.1100000000000136,74304.18697189848,74249.54702619363
NVDA,2023-07-25 00:00:00-04:00,long,2023-07-25 09:46:00-04:00,45.648252,2023-07-25 10:45:00-04:00,45.651732,time,406,45.2,46.54475599999999,0.44825199999999654,60,1.4128800000013229,4.0600000000000005,0.14827682553600002,-2.7953968255346777,-0.015360140849336526,0.9552068556156211,0.7199999999999989,74249.54702619363,74246.7516293681
META,2023-07-25 00:00:00-04:00,short,2023-07-25 10:05:00-04:00,291.523344,2023-07-25 11:04:00-04:00,290.71624,time,63,293.75,287.070032,2.2266559999999913,60,50.847551999998814,0.63,0.146927765376,50.07062423462281,0.3569351589324908,0.7363317933330954,3.8999999999999773,74246.7516293681,74296.82225360272
AMZN,2023-07-25 00:00:00-04:00,short,2023-07-25 10:47:00-04:00,128.62852800000002,2023-07-25 11:46:00-04:00,129.086614,time,144,129.0925,127.70058400000005,0.46397199999998406,60,-65.96438399999715,1.44,0.148180064256,-67.55256406425315,-1.0110847814609423,0.551953760827804,0.8149999999999977,74296.82225360272,74229.26968953846
AMZN,2023-07-26 00:00:00-04:00,long,2023-07-26 09:46:00-04:00,128.11622599999998,2023-07-26 10:45:00-04:00,127.389024,time,144,127.025,130.29867799999994,1.0912259999999776,60,-104.71708799999669,1.44,0.146752155648,-106.30384015564469,-0.6765061611361828,0.9543895548019222,1.8299999999999983,74229.26968953846,74122.96584938282
SPY,2023-07-26 00:00:00-04:00,short,2023-07-26 10:43:00-04:00,437.564904,2023-07-26 11:42:00-04:00,438.20521199999996,time,42,438.125,436.44471200000004,0.5600959999999873,60,-26.892935999997803,0.42,0.14702180774399998,-27.459957807741805,-1.1673151017539183,0.7230051114783104,0.7100000000000364,74122.96584938282,74095.50589157507
NVDA,2023-07-26 00:00:00-04:00,short,2023-07-26 10:50:00-04:00,45.051972,2023-07-26 11:49:00-04:00,45.028003999999996,time,411,45.515,44.125916,0.4630280000000013,60,9.850848000001456,4.11,0.148130883936,5.592717116065455,0.029388253462001225,0.7815397705225086,0.8900000000000006,74095.50589157507,74101.09860869113
META,2023-07-26 00:00:00-04:00,short,2023-07-26 10:50:00-04:00,292.88280000000003,2023-07-26 11:49:00-04:00,293.737448,time,63,296.1,286.44840000000005,3.217199999999991,60,-53.842823999996256,0.63,0.14761293120000002,-54.62043693119626,-0.2694862185751408,1.1369120541867375,5.079999999999984,74101.09860869113,74046.47817175994
QQQ,2023-07-26 00:00:00-04:00,short,2023-07-26 10:55:00-04:00,369.792024,2023-07-26 11:54:00-04:00,370.638196,time,50,370.845,367.686072,1.052976000000001,60,-42.308599999998364,0.5,0.1479168096,-42.95651680959836,-0.8159068546595235,0.9499391640004947,1.75,74046.47817175994,74003.52165495034
QQQ,2023-07-27 00:00:00-04:00,long,2023-07-27 09:46:00-04:00,378.20122,2023-07-27 09:56:00-04:00,376.89917999999994,stop,48,377.04999999999995,380.50366,1.1512200000000234,11,-62.49792000000161,0.48,0.14472928511999997,-63.12264928512161,-1.1423144085752566,1.2805531206309113,1.6800000000000068,74003.52165495034,73940.39900566521
AMZN,2023-07-27 00:00:00-04:00,long,2023-07-27 09:46:00-04:00,132.04979880000002,2023-07-27 09:48:00-04:00,131.28246600000003,stop,139,131.335,133.47939640000004,0.7147988000000112,3,-106.65925919999879,1.3900000000000001,0.145986102192,-108.19524530219078,-1.088954066134385,0.9507982394832356,1.3100000000000023,73940.39900566521,73832.20376036302
NVDA,2023-07-27 00:00:00-04:00,long,2023-07-27 09:50:00-04:00,46.858736,2023-07-27 10:12:00-04:00,46.54137600000001,stop,393,46.56,47.456208,0.2987359999999981,23,-124.7224799999975,3.93,0.14632608614400003,-128.7988060861415,-1.0970633971399353,0.8797118763179715,0.4799999999999969,73832.20376036302,73703.40495427688
SPY,2023-07-27 00:00:00-04:00,short,2023-07-27 10:06:00-04:00,441.653268,2023-07-27 11:05:00-04:00,441.036344,time,41,442.225,440.50980400000003,0.5717319999999972,60,25.29388400000164,0.41000000000000003,0.14486227190400003,24.73902172809764,1.055373450945623,1.037558573968694,0.75,73703.40495427688,73728.14397600497
META,2023-07-27 00:00:00-04:00,short,2023-07-27 10:25:00-04:00,316.893192,2023-07-27 11:24:00-04:00,316.056372,time,58,319.99,310.699576,3.09680800000001,60,48.53555999999935,0.58,0.147038441088,47.80852155891135,0.2661724118718326,3.50039756669097,5.060000000000002,73728.14397600497,73775.95249756388
META,2023-07-28 00:00:00-04:00,long,2023-07-28 09:46:00-04:00,314.95593199999996,2023-07-28 10:25:00-04:00,318.54032888159986,target,58,313.1,318.66779599999984,1.8559319999999389,40,207.89501913279423,0.58,0.14780271260106234,207.16721642019317,1.9245578819530917,0.8944748321134899,3.180000000000007,73775.95249756388,73983.11971398407
QQQ,2023-07-28 00:00:00-04:00,long,2023-07-28 09:49:00-04:00,375.810264,2023-07-28 10:48:00-04:00,375.64968000000005,time,49,374.64,378.1507920000001,1.1702640000000315,60,-7.86861599999861,0.49,0.14725467456000002,-8.50587067455861,-0.1483333653260862,1.3198395067537112,1.8799999999999955,73983.11971398407,73974.6138433095
AMZN,2023-07-28 00:00:00-04:00,long,2023-07-28 09:49:00-04:00,131.042396,2023-07-28 10:48:00-04:00,131.817252,time,141,130.13,132.867188,0.9123960000000011,60,109.25469599999997,1.41,0.14868986025599998,107.69600613974397,0.8371381088737773,0.7234193465348313,1.5999999999999943,73974.6138433095,74082.30984944924
SPY,2023-07-28 00:00:00-04:00,long,2023-07-28 09:50:00-04:00,439.81585599999994,2023-07-28 10:49:00-04:00,439.56410400000004,time,42,439.015,441.41756799999985,0.8008559999999534,60,-10.573583999995662,0.42,0.14769353894400003,-11.141277538939663,-0.3312312236306055,1.1579026779740205,1.0699999999999932,74082.30984944924,74071.16857191031
NVDA,2023-07-28 00:00:00-04:00,long,2023-07-28 10:03:00-04:00,46.758696,2023-07-28 10:45:00-04:00,46.45641,stop,396,46.474999999999994,47.32608800000001,0.28369600000000617,43,-119.7052560000009,3.96,0.14717390687999998,-123.8124299068809,-1.1020869214934137,0.6902492297373444,0.36999999999999744,74071.16857191031,73947.35614200342
SPY,2023-07-31 00:00:00-04:00,long,2023-07-31 09:46:00-04:00,441.546548,2023-07-31 09:54:00-04:00,440.738634,stop,41,440.91499999999996,442.809644,0.6315480000000093,9,-33.12447399999928,0.41000000000000003,0.144562271952,-33.679036271951276,-1.300676922533157,0.8551586982935451,0.8499999999999659,73947.35614200342,73913.67710573148
QQQ,2023-07-31 00:00:00-04:00,long,2023-07-31 09:46:00-04:00,378.4013,2023-07-31 09:48:00-04:00,377.31901200000004,stop,48,377.47,380.2638999999999,0.9312999999999647,3,-51.949823999997534,0.48,0.14489050060800002,-52.57471450060553,-1.1761049630580802,0.7979393516948775,1.1999999999999886,73913.67710573148,73861.10239123087
AMZN,2023-07-31 00:00:00-04:00,long,2023-07-31 09:46:00-04:00,133.883532,2023-07-31 09:49:00-04:00,133.05115824,stop,137,133.1044,135.441796,0.7791320000000042,4,-114.03520511999943,1.37,0.14582406943103998,-115.55102918943048,-1.0825356541201123,0.857288689338805,1.0287999999999897,73861.10239123087,73745.55136204144
NVDA,2023-07-31 00:00:00-04:00,short,2023-07-31 09:56:00-04:00,46.491396,2023-07-31 10:13:00-04:00,46.808716,stop,396,46.79,45.89418800000001,0.2986039999999974,18,-125.65871999999808,3.96,0.147284742528,-129.7660047425261,-1.09741306602724,0.6584669670420068,0.5,73745.55136204144,73615.78535729891
META,2023-07-31 00:00:00-04:00,short,2023-07-31 10:02:00-04:00,319.78203600000006,2023-07-31 10:08:00-04:00,321.598588,stop,57,321.47,316.40610800000013,1.6879639999999654,7,-103.54346399999685,0.5700000000000001,0.14582060841600003,-104.25928460841284,-1.0836192337561596,0.9956333238728567,2.7199999999999704,73615.78535729891,73511.5260726905
NVDA,2023-08-01 00:00:00-04:00,short,2023-08-01 09:49:00-04:00,46.121544,2023-08-01 10:31:00-04:00,46.323522,stop,398,46.305,45.754632,0.18345599999999962,43,-80.38724399999876,3.98,0.14685099609599997,-84.51409499609477,-1.1574817523111665,0.5262662586821881,0.23000000000000398,73511.5260726905,73427.0119776944
AMZN,2023-08-01 00:00:00-04:00,short,2023-08-01 09:50:00-04:00,132.456996,2023-08-01 10:49:00-04:00,132.79419643999998,time,138,133.135,131.10098800000003,0.6780039999999872,60,-46.53366071999659,1.3800000000000001,0.146232523584,-48.05989324358059,-0.5136549282422845,0.7042502618766033,1.1099999999999852,73427.0119776944,73378.95208445082
SPY,2023-08-01 00:00:00-04:00,long,2023-08-01 10:02:00-04:00,440.37607999999994,2023-08-01 10:11:00-04:00,439.59909,stop,41,439.775,441.5782399999999,0.6010799999999676,10,-31.856589999998164,0.41000000000000003,0.14418850151999998,-32.41077850151816,-1.3151440618885966,0.9688079912939427,0.8499999999999659,73378.95208445082,73346.5413059493
QQQ,2023-08-01 00:00:00-04:00,long,2023-08-01 10:06:00-04:00,376.18041199999993,2023-08-01 10:12:00-04:00,375.32481,stop,48,375.475,377.59123599999975,0.7054119999999102,7,-41.06889599999613,0.48,0.14412472703999998,-41.69302072703613,-1.2313436665098267,0.6839219371246406,0.9300000000000068,73346.5413059493,73304.84828522227
META,2023-08-01 00:00:00-04:00,long,2023-08-01 10:07:00-04:00,315.27606,2023-08-01 10:14:00-04:00,313.35960600000004,stop,58,313.485,318.8581799999999,1.791059999999959,8,-111.15433199999597,0.58,0.145398857184,-111.87973085717998,-1.076994001791104,0.5641458974704008,3.1299999999999955,73304.84828522227,73192.96855436508
NVDA,2023-08-02 00:00:00-04:00,short,2023-08-02 09:55:00-04:00,45.021984,2023-08-02 10:54:00-04:00,44.84793199999999,time,406,45.41,44.24595200000002,0.38801599999999326,60,70.66511200000419,4.0600000000000005,0.14623140403200002,66.45888059597219,0.42186874801042523,1.0120328037805395,0.6799999999999997,73192.96855436508,73259.42743496106
AMZN,2023-08-02 00:00:00-04:00,short,2023-08-02 10:00:00-04:00,128.77347,2023-08-02 10:59:00-04:00,128.15124,time,142,129.53505,127.25030999999998,0.7615800000000092,60,88.35666000000026,1.42,0.14628666192,86.79037333808026,0.8025418370230237,0.9300955743153395,1.4099000000000217,73259.42743496106,73346.21780829914
QQQ,2023-08-02 00:00:00-04:00,short,2023-08-02 10:07:00-04:00,370.52173200000004,2023-08-02 11:06:00-04:00,368.84747999999996,time,49,371.79499999999996,367.9751960000002,1.2732679999999164,60,82.03834800000396,0.49,0.145244518944,81.40310348105997,1.30474324819613,2.326596519017384,1.910000000000025,73346.21780829914,73427.6209117802
SPY,2023-08-02 00:00:00-04:00,short,2023-08-02 10:09:00-04:00,435.47574,2023-08-02 11:08:00-04:00,434.483724,time,42,436.33,433.76721999999995,0.8542600000000107,60,41.664671999999086,0.42,0.14631984863999997,41.09835215135909,1.1454735023060498,1.4925214950270624,1.1399999999999864,73427.6209117802,73468.71926393156
META,2023-08-02 00:00:00-04:00,short,2023-08-02 10:48:00-04:00,312.145092,2023-08-02 11:47:00-04:00,310.314076,time,58,314.105,308.2252759999999,1.9599080000000413,60,106.19892799999866,0.58,0.14483532268799998,105.47409267731067,0.9278592868971088,0.581138819088271,3.0300000000000296,73468.71926393156,73574.19335660887
AMZN,2023-08-03 00:00:00-04:00,long,2023-08-03 09:47:00-04:00,128.22126799999998,2023-08-03 10:46:00-04:00,128.29866,time,143,127.12,130.42380399999993,1.1012679999999762,60,11.067056000004527,1.43,0.14677366704,9.490282332964528,0.06026290668577776,1.0633057743366752,1.4200000000000017,73574.19335660887,73583.68363894183
QQQ,2023-08-03 00:00:00-04:00,long,2023-08-03 09:48:00-04:00,367.59698,2023-08-03 10:21:00-04:00,366.043524,stop,50,366.19,370.4109399999999,1.406979999999976,34,-77.67279999999914,0.5,0.14641740959999996,-78.31921740959915,-1.1132953902628393,1.0598635867292323,1.6000000000000227,73583.68363894183,73505.36442153223
NVDA,2023-08-03 00:00:00-04:00,long,2023-08-03 09:48:00-04:00,44.597832,2023-08-03 10:47:00-04:00,44.57216400000001,time,412,44.1,45.59349599999999,0.4978319999999954,60,-10.575215999995436,4.12,0.14690985254400002,-14.842125852539438,-0.07236292024616589,0.8871086157651709,0.7800000000000011,73505.36442153223,73490.5222956797
META,2023-08-03 00:00:00-04:00,long,2023-08-03 09:50:00-04:00,312.67502,2023-08-03 10:29:00-04:00,309.30123000000003,stop,58,309.425,319.17506000000003,3.2500200000000063,40,-195.67981999999915,0.58,0.14351577072000002,-196.40333577071917,-1.0419210988978465,0.5083031362065479,4.389999999999986,73490.5222956797,73294.11895990897
SPY,2023-08-03 00:00:00-04:00,long,2023-08-03 09:53:00-04:00,432.48292399999997,2023-08-03 10:21:00-04:00,431.55730800000003,stop,42,431.73,433.98877199999987,0.7529239999999504,29,-38.87587199999723,0.42,0.14500325548800003,-39.44087525548523,-1.2472287488033267,1.1147071911458306,1.0,73294.11895990897,73254.67808465348
NVDA,2023-08-04 00:00:00-04:00,short,2023-08-04 09:51:00-04:00,44.852052,2023-08-04 10:50:00-04:00,44.84793199999999,time,408,45.22,44.116156000000004,0.3679479999999984,60,1.68096000000304,4.08,0.146397097728,-2.54543709772496,-0.016955701392567905,1.0319635658273214,0.6599999999999966,73254.67808465348,73252.13264755576
QQQ,2023-08-04 00:00:00-04:00,short,2023-08-04 09:52:00-04:00,368.26263600000004,2023-08-04 10:51:00-04:00,368.96752799999996,time,49,369.95000000000005,364.88790800000004,1.6873640000000023,60,-34.53970799999587,0.49,0.14435895331200002,-35.17406695330787,-0.425419827072235,1.0800761312471017,2.079999999999984,73252.13264755576,73216.95858060246
SPY,2023-08-04 00:00:00-04:00,short,2023-08-04 09:57:00-04:00,433.586496,2023-08-04 10:32:00-04:00,434.69881,stop,42,434.525,431.7094880000001,0.9385039999999663,36,-46.717187999998714,0.42,0.14568506265599998,-47.282873062654716,-1.1995502331029062,1.115241589951467,1.410000000000025,73216.95858060246,73169.6757075398
META,2023-08-04 00:00:00-04:00,short,2023-08-04 09:57:00-04:00,311.68527600000004,2023-08-04 10:56:00-04:00,311.08438399999994,time,58,313.78999999999996,307.4758280000002,2.104723999999919,60,34.85173600000587,0.58,0.14462196806400002,34.12711403194187,0.27956089149557084,0.5846337360146807,3.6999999999999886,73169.6757075398,73203.80282157175
AMZN,2023-08-04 00:00:00-04:00,long,2023-08-04 10:38:00-04:00,142.35692,2023-08-04 11:37:00-04:00,142.582944,time,128,141.005,145.06076000000002,1.351920000000007,60,28.931071999999403,1.28,0.14600493465599998,27.505067065343404,0.15894678416473923,4.757734907655379,1.990000000000009,73203.80282157175,73231.3078886371
QQQ,2023-08-07 00:00:00-04:00,short,2023-08-07 09:49:00-04:00,366.063516,2023-08-07 09:53:00-04:00,367.536956,stop,50,367.39,363.410548,1.3264839999999936,5,-73.67199999999912,0.5,0.1464254064,-74.31842540639911,-1.1205325568404816,0.7377879687437554,2.0600000000000023,73231.3078886371,73156.9894632307
AMZN,2023-08-07 00:00:00-04:00,short,2023-08-07 09:49:00-04:00,139.424208,2023-08-07 10:29:00-04:00,140.511182,stop,131,140.45499999999998,137.362624,1.030791999999991,41,-142.39359399999972,1.31,0.146116569984,-143.84971056998373,-1.065287074078968,1.2275240810289259,1.5900000000000034,73156.9894632307,73013.13975266072
NVDA,2023-08-07 00:00:00-04:00,short,2023-08-07 09:50:00-04:00,44.972004000000005,2023-08-07 09:53:00-04:00,45.208076,stop,405,45.19,44.53601200000002,0.2179959999999923,4,-95.60915999999715,4.05,0.14570929296000001,-99.80486929295715,-1.1304417330226317,0.8017808719281349,0.35999999999999943,73013.13975266072,72913.33488336776
META,2023-08-07 00:00:00-04:00,long,2023-08-07 09:57:00-04:00,313.315276,2023-08-07 10:00:00-04:00,311.11050600000004,stop,58,311.235,317.4758279999999,2.0802759999999694,4,-127.87665999999649,0.58,0.144355274784,-128.6010152747805,-1.0658484182137238,0.5357849391064068,3.509999999999991,72913.33488336776,72784.73386809298
SPY,2023-08-07 00:00:00-04:00,short,2023-08-07 10:01:00-04:00,431.657268,2023-08-07 10:08:00-04:00,432.683004,stop,42,432.51,429.951804,0.8527320000000032,8,-43.080911999999785,0.42,0.145036842048,-43.64594884204779,-1.2186586854298784,1.159606443853627,1.3199999999999932,72784.73386809298,72741.08791925093
SPY,2023-08-08 00:00:00-04:00,short,2023-08-08 09:46:00-04:00,430.237836,2023-08-08 10:45:00-04:00,430.031944,time,42,431.08000000000004,428.55350799999997,0.8421640000000252,60,8.647464000000241,0.42,0.14455991289599998,8.082904087104241,0.2285185513890406,1.079005863576881,1.3000000000000114,72741.08791925093,72749.17082333803
QQQ,2023-08-08 00:00:00-04:00,short,2023-08-08 09:46:00-04:00,364.55412,2023-08-08 10:45:00-04:00,364.1456,time,49,365.53999999999996,362.5823600000001,0.9858799999999519,60,20.01748000000049,0.49,0.14290521504,19.384574784960492,0.40126949227089437,0.7490250098036325,1.4599999999999795,72749.17082333803,72768.55539812299
AMZN,2023-08-08 00:00:00-04:00,short,2023-08-08 09:46:00-04:00,139.43420400000002,2023-08-08 10:45:00-04:00,139.440754,time,130,140.22500000000002,137.85261200000002,0.7907960000000003,60,-0.8514999999968609,1.3,0.14501157216,-2.2965115721568607,-0.022338850515146568,0.8776329602262716,1.2299999999999898,72768.55539812299,72766.25888655083
NVDA,2023-08-08 00:00:00-04:00,short,2023-08-08 09:50:00-04:00,44.58216,2023-08-08 10:49:00-04:00,44.607836,time,408,44.885,43.97648000000001,0.3028399999999962,60,-10.475807999998835,4.08,0.14551617024,-14.701324170238836,-0.11898249002772948,0.6064189774395105,0.5300000000000011,72766.25888655083,72751.55756238059
META,2023-08-08 00:00:00-04:00,short,2023-08-08 09:53:00-04:00,311.395392,2023-08-08 10:52:00-04:00,310.24404799999996,time,58,313.39,307.4061760000001,1.994607999999971,60,66.77795200000298,0.58,0.14448746188800002,66.05346453811498,0.5709657420726618,0.5574000093998214,3.4599999999999795,72751.55756238059,72817.6110269187
NVDA,2023-08-09 00:00:00-04:00,short,2023-08-09 09:46:00-04:00,43.242696,2023-08-09 10:45:00-04:00,42.887147999999996,time,420,43.775,42.17808800000001,0.5323039999999963,60,149.3301600000025,4.2,0.14529545855999998,144.9848645414425,0.6485054751270107,1.223775897077788,0.9099999999999966,72817.6110269187,72962.59589146015
QQQ,2023-08-09 00:00:00-04:00,short,2023-08-09 09:51:00-04:00,363.66447600000004,2023-08-09 10:50:00-04:00,363.635396,time,50,365.03999999999996,360.9134280000002,1.3755239999999276,60,1.4540000000010878,0.5,0.14546579040000002,0.8085342096010877,0.011756017482808447,0.663530202211038,2.0400000000000205,72962.59589146015,72963.40442566975
META,2023-08-09 00:00:00-04:00,short,2023-08-09 09:51:00-04:00,307.12710000000004,2023-08-09 10:50:00-04:00,306.03236400000003,time,59,309.4,302.58130000000017,2.272899999999936,60,64.58942400000069,0.59,0.1449639912,63.854460008800686,0.4761665639491584,0.44611352891755346,3.0,72963.40442566975,73027.25888567856
AMZN,2023-08-09 00:00:00-04:00,short,2023-08-09 09:51:00-04:00,138.3416412,2023-08-09 10:11:00-04:00,139.41074199999997,stop,131,139.355,136.31492360000001,1.0133587999999918,21,-140.05220479999642,1.31,0.1449820399776,-141.50718683997403,-1.065967486668672,0.5871630598618333,1.9300000000000068,73027.25888567856,72885.75169883859
SPY,2023-08-09 00:00:00-04:00,short,2023-08-09 09:53:00-04:00,431.457348,2023-08-09 10:01:00-04:00,432.37288,stop,42,432.20000000000005,429.972044,0.742652000000021,9,-38.45234399999936,0.42,0.144969668928,-39.01731366892736,-1.2509003662333886,0.7107785136630315,1.079999999999984,72885.75169883859,72846.73438516966
SPY,2023-08-10 00:00:00-04:00,long,2023-08-10 09:46:00-04:00,433.813456,2023-08-10 10:45:00-04:00,432.361986,stop,41,432.53499999999997,436.370368,1.2784560000000056,60,-59.510269999998854,0.41000000000000003,0.141814731408,-60.06208473140685,-1.145857890993484,1.1815868273636554,1.9300000000000068,72846.73438516966,72786.67230043825
NVDA,2023-08-10 00:00:00-04:00,long,2023-08-10 09:46:00-04:00,43.037208,2023-08-10 10:45:00-04:00,42.602952,time,422,42.275,44.561624,0.7622080000000011,60,-183.25603199999904,4.22,0.143827565952,-187.61985956595103,-0.5833011771274993,1.2616600074416937,1.0499999999999972,72786.67230043825,72599.0524408723
QQQ,2023-08-10 00:00:00-04:00,long,2023-08-10 09:47:00-04:00,366.44652,2023-08-10 10:45:00-04:00,364.7990220000001,stop,49,364.94500000000005,369.44955999999996,1.5015199999999709,59,-80.72740199999646,0.49,0.143001216624,-81.36040321662045,-1.1058236934412862,1.050996904815947,1.9499999999999886,72599.0524408723,72517.69203765568
META,2023-08-10 00:00:00-04:00,long,2023-08-10 09:47:00-04:00,308.1232,2023-08-10 10:46:00-04:00,306.307428,time,58,305.795,312.77959999999996,2.328199999999981,60,-105.31477599999891,0.58,0.142126646592,-106.03690264659092,-0.7852514644034001,0.4828331832988208,3.3899999999999864,72517.69203765568,72411.65513500909
AMZN,2023-08-10 00:00:00-04:00,long,2023-08-10 09:54:00-04:00,139.97096599999998,2023-08-10 10:45:00-04:00,139.34369022,stop,129,139.39945,141.11399799999992,0.5715159999999742,52,-80.91857561999515,1.29,0.14380268830704002,-82.35237830830219,-1.1170125237469315,0.6550706615908646,0.9610999999999876,72411.65513500909,72329.30275670078
AMZN,2023-08-11 00:00:00-04:00,short,2023-08-11 09:55:00-04:00,137.255076,2023-08-11 10:05:00-04:00,138.100218,stop,131,138.04500000000002,135.67522799999998,0.7899240000000134,11,-110.71360200000129,1.31,0.14384331964799998,-112.16744531964929,-1.0839524316364553,0.6498989523426865,1.4899999999999807,72329.30275670078,72217.13531138113
SPY,2023-08-11 00:00:00-04:00,long,2023-08-11 10:01:00-04:00,428.681404,2023-08-11 11:00:00-04:00,428.99833200000006,time,42,427.725,430.5942119999999,0.9564039999999636,60,13.310976000003166,0.42,0.144143439552,12.746832560451166,0.31733034715882297,0.932632207519924,1.25,72217.13531138113,72229.88214394159
QQQ,2023-08-11 00:00:00-04:00,long,2023-08-11 10:03:00-04:00,360.504144,2023-08-11 11:02:00-04:00,360.085908,time,50,359.615,362.282432,0.8891439999999875,60,-20.911799999998948,0.5,0.14403436320000002,-21.555834363198947,-0.4848671163096023,0.75240962644746,1.4099999999999682,72229.88214394159,72208.32630957839
NVDA,2023-08-11 00:00:00-04:00,short,2023-08-11 10:12:00-04:00,41.32346400000001,2023-08-11 10:23:00-04:00,41.671662,stop,436,41.655,40.66039200000002,0.3315359999999927,12,-151.81432799999536,4.36,0.14413624243200002,-156.31846424242738,-1.0814167623184128,1.0523046882334166,0.5700000000000003,72208.32630957839,72052.00784533596
META,2023-08-11 00:00:00-04:00,long,2023-08-11 10:16:00-04:00,301.250452,2023-08-11 10:54:00-04:00,299.495154,stop,59,299.615,304.52135599999997,1.6354519999999866,39,-103.56258199999894,0.59,0.141361712688,-104.29394371268694,-1.080859579634252,0.6046729260866288,2.409999999999968,72052.00784533596,71947.71390162327
QQQ,2023-08-14 00:00:00-04:00,long,2023-08-14 09:46:00-04:00,360.40410399999996,2023-08-14 10:45:00-04:00,362.175072,time,49,359.3,362.61231199999986,1.1041039999999498,60,86.77743200000191,0.49,0.14197262822399997,86.14545937177792,1.5923052533313158,0.8209065632108512,1.7200000000000273,71947.71390162327,72033.85936099505
NVDA,2023-08-14 00:00:00-04:00,long,2023-08-14 09:46:00-04:00,41.336528,2023-08-14 10:45:00-04:00,42.502992000000006,time,435,40.685,42.639584,0.651527999999999,60,507.4118400000021,4.3500000000000005,0.14791041216,502.91392958784206,1.7744808758242263,1.4824425821496583,0.9100000000000037,72033.85936099505,72536.77329058289
AMZN,2023-08-14 00:00:00-04:00,long,2023-08-14 09:51:00-04:00,139.10562000000002,2023-08-14 10:50:00-04:00,140.16891,time,130,138.32999999999998,140.65686000000008,0.775620000000032,60,138.22769999999934,1.3,0.1457756664,136.78192433359933,1.3565517247104917,0.6638472780543831,1.1599999999999966,72536.77329058289,72673.55521491649
SPY,2023-08-14 00:00:00-04:00,long,2023-08-14 10:05:00-04:00,429.281644,2023-08-14 10:50:00-04:00,430.5826300271999,target,42,428.545,430.7549319999999,0.7366439999999557,46,54.64141314239748,0.42,0.14467576368913915,54.076737378708344,1.7478474896419436,0.7333008978654155,0.7699999999999818,72673.55521491649,72727.6319522952
META,2023-08-14 00:00:00-04:00,long,2023-08-14 10:22:00-04:00,299.14961199999993,2023-08-14 11:21:00-04:00,299.889996,time,60,297.265,302.9188359999998,1.8846119999999473,60,44.423040000003766,0.6,0.14394719808,43.679092801923765,0.3862783851700419,0.680124028835659,3.230000000000018,72727.6319522952,72771.31104509711
SPY,2023-08-15 00:00:00-04:00,short,2023-08-15 09:46:00-04:00,428.86838400000005,2023-08-15 10:45:00-04:00,428.20121199999994,time,42,429.74,427.1251520000001,0.8716159999999604,60,28.02122400000451,0.42,0.144099777024,27.457124222980507,0.7500333322565637,1.0088098016871048,1.0600000000000023,72771.31104509711,72798.7681693201
QQQ,2023-08-15 00:00:00-04:00,short,2023-08-15 09:46:00-04:00,362.135088,2023-08-15 10:45:00-04:00,361.24444,time,50,363.125,360.155264,0.9899120000000039,60,44.53239999999994,0.5,0.14485403519999998,43.88754596479994,0.886695907611985,0.8335579255523733,1.3899999999999864,72798.7681693201,72842.6557152849
AMZN,2023-08-15 00:00:00-04:00,short,2023-08-15 09:46:00-04:00,139.4442,2023-08-15 10:45:00-04:00,138.20526,time,130,140.40140000000002,137.52979999999994,0.9572000000000287,60,161.06219999999809,1.3,0.14502196799999997,159.61717803199807,1.2827250798160763,0.8389449131573151,1.7528000000000077,72842.6557152849,73002.2728933169
META,2023-08-15 00:00:00-04:00,short,2023-08-15 09:47:00-04:00,300.81962400000003,2023-08-15 10:46:00-04:00,300.180024,time,60,302.88,296.6988720000001,2.0603759999999625,60,38.376000000001795,0.6,0.14439341952,37.631606580481794,0.30440727469551254,0.4825254915109005,3.3600000000000136,73002.2728933169,73039.90449989738
NVDA,2023-08-15 00:00:00-04:00,short,2023-08-15 09:49:00-04:00,44.172323999999996,2023-08-15 10:48:00-04:00,44.17766399999999,time,413,44.705,43.10697199999999,0.5326760000000021,60,-2.205419999998675,4.13,0.145945358496,-6.481365358494675,-0.02946139603060158,2.4842829667172635,0.9500000000000028,73039.90449989738,73033.42313453888
NVDA,2023-08-16 00:00:00-04:00,short,2023-08-16 09:46:00-04:00,43.962407999999996,2023-08-16 09:48:00-04:00,44.322722000000006,stop,415,44.30500000000001,43.277223999999975,0.34259200000001044,3,-149.53031000000396,4.15,0.14595519455999997,-153.82626519456397,-1.0819449936484165,1.2421441052217073,0.5700000000000003,73033.42313453888,72879.59686934431
QQQ,2023-08-16 00:00:00-04:00,long,2023-08-16 09:48:00-04:00,360.46412799999996,2023-08-16 10:01:00-04:00,359.466156,stop,50,359.61,362.17238399999985,0.854127999999946,14,-49.89859999999737,0.5,0.1437864624,-50.542386462397374,-1.1834850622482946,0.6578550732382101,1.3600000000000136,72879.59686934431,72829.05448288191
SPY,2023-08-16 00:00:00-04:00,long,2023-08-16 09:49:00-04:00,427.99112799999995,2023-08-16 10:01:00-04:00,426.72924,stop,42,426.9,430.1733839999999,1.0911279999999692,13,-52.99929599999757,0.42,0.14338102464,-53.56267702463757,-1.168792143469857,0.9358818922408084,1.4599999999999795,72829.05448288191,72775.49180585728
META,2023-08-16 00:00:00-04:00,long,2023-08-16 10:14:00-04:00,297.96914,2023-08-16 10:49:00-04:00,296.31142800000003,stop,61,296.43,301.04741999999993,1.5391399999999749,36,-101.12043199999675,0.61,0.14459997686400003,-101.87503197686075,-1.0850751013059072,0.7702247362884697,2.580000000000041,72775.49180585728,72673.61677388042
SPY,2023-08-17 00:00:00-04:00,short,2023-08-17 09:46:00-04:00,424.18026000000003,2023-08-17 10:45:00-04:00,423.859476,time,42,424.84000000000003,422.86078000000003,0.6597399999999993,60,13.472928000002526,0.42,0.14252456736000002,12.910403432642525,0.46592681650356266,0.8458593657466402,0.8199999999999932,72673.61677388042,72686.52717731307
QQQ,2023-08-17 00:00:00-04:00,short,2023-08-17 09:47:00-04:00,356.24744400000003,2023-08-17 10:46:00-04:00,355.22203199999996,time,51,357.255,354.2323320000001,1.0075559999999655,60,52.29601200000377,0.51,0.14534895715200002,51.64066304285177,1.0049684786236284,0.8315773403738234,1.6100000000000136,72686.52717731307,72738.16784035592
AMZN,2023-08-17 00:00:00-04:00,short,2023-08-17 09:55:00-04:00,134.766072,2023-08-17 10:54:00-04:00,135.15403999999998,time,134,135.5775,133.14321600000005,0.8114279999999781,60,-51.98771199999629,1.34,0.144469229184,-53.47218122918029,-0.4917825470355757,0.8118145771262057,1.0150000000000148,72738.16784035592,72684.69565912674
META,2023-08-17 00:00:00-04:00,short,2023-08-17 10:18:00-04:00,289.704072,2023-08-17 11:17:00-04:00,290.31608,time,62,291.64,285.832216,1.9359279999999899,60,-37.944496000000186,0.62,0.143693219712,-38.70818921971218,-0.32249424181891384,0.8590107957984795,3.660000000000025,72684.69565912674,72645.98746990702
NVDA,2023-08-17 00:00:00-04:00,short,2023-08-17 10:41:00-04:00,43.29267600000001,2023-08-17 11:40:00-04:00,43.337328,time,419,43.685,42.50802800000002,0.392323999999995,60,-18.709187999996708,4.19,0.14511704995200003,-23.044305049948708,-0.1401860233072482,1.0626793440803681,0.5899999999999963,72645.98746990702,72622.94316485708
QQQ,2023-08-18 00:00:00-04:00,long,2023-08-18 09:49:00-04:00,350.39009999999996,2023-08-18 09:55:00-04:00,349.41018,stop,51,349.55,352.07029999999986,0.8400999999999499,7,-49.975919999996734,0.51,0.14255935344,-50.62847935343673,-1.1816632322818654,1.4154627660464092,1.240000000000009,72622.94316485708,72572.31468550363
SPY,2023-08-18 00:00:00-04:00,long,2023-08-18 09:50:00-04:00,419.00753599999996,2023-08-18 10:03:00-04:00,417.812808,stop,43,417.98,421.06260799999984,1.027535999999941,14,-51.37330399999746,0.43,0.14372760595200001,-51.94703160594946,-1.1756965230065033,1.9360140070406042,1.6800000000000068,72572.31468550363,72520.36765389769
NVDA,2023-08-18 00:00:00-04:00,short,2023-08-18 09:53:00-04:00,42.103152,2023-08-18 10:52:00-04:00,41.886748,time,430,42.480000000000004,41.349455999999996,0.3768480000000025,60,93.05372000000183,4.3,0.14483484288,88.60888515712183,0.5468177482274097,1.272862238407188,0.6000000000000014,72520.36765389769,72608.97653905481
META,2023-08-18 00:00:00-04:00,short,2023-08-18 09:56:00-04:00,273.44058,2023-08-18 10:35:00-04:00,275.800276,stop,66,275.69,268.94174000000004,2.2494199999999864,40,-155.73993599999903,0.66,0.14437662624,-156.54431262623902,-1.054442267179984,1.9300900345755867,3.659999999999968,72608.97653905481,72452.43222642857
AMZN,2023-08-18 00:00:00-04:00,long,2023-08-18 10:40:00-04:00,132.888134,2023-08-18 11:39:00-04:00,132.257076,time,136,131.945,134.77440200000004,0.9431340000000148,60,-85.82388799999944,1.36,0.143895698688,-87.32778369868744,-0.6808322641406055,1.067474276492031,1.5900000000000034,72452.43222642857,72365.10444272989
AMZN,2023-08-21 00:00:00-04:00,long,2023-08-21 09:47:00-04:00,134.75377996,2023-08-21 10:24:00-04:00,133.83259554,stop,134,133.88615,136.48903988000004,0.8676299600000164,38,-123.4387122800004,1.34,0.14346854241888,-124.92218082241929,-1.0744846579114276,0.5973048482503766,1.2077000000000169,72365.10444272989,72240.18226190747
NVDA,2023-08-21 00:00:00-04:00,long,2023-08-21 09:52:00-04:00,45.238088,2023-08-21 10:51:00-04:00,45.211908,time,399,44.675,46.364264,0.5630880000000005,60,-10.44581999999862,3.99,0.14431641033599998,-14.58013641033462,-0.06489517671127161,1.6343906560094819,1.0700000000000003,72240.18226190747,72225.60212549713
QQQ,2023-08-21 00:00:00-04:00,long,2023-08-21 09:57:00-04:00,355.67221199999994,2023-08-21 10:25:00-04:00,354.238248,stop,50,354.38,358.25663599999984,1.2922119999999495,29,-71.69819999999731,0.5,0.1416952992,-72.33989529919731,-1.1196289045326948,0.8719961018814688,2.0,72225.60212549713,72153.26223019793
SPY,2023-08-21 00:00:00-04:00,long,2023-08-21 10:00:00-04:00,422.80905599999994,2023-08-21 10:14:00-04:00,421.761228,stop,42,421.93,424.5671679999998,0.8790559999999346,15,-44.00877599999683,0.42,0.141711772608,-44.57048777260483,-1.207206469012217,0.8481010501664495,1.259999999999991,72153.26223019793,72108.69174242532
META,2023-08-21 00:00:00-04:00,long,2023-08-21 10:09:00-04:00,285.404116,2023-08-21 11:08:00-04:00,283.83642,time,63,282.235,291.74234799999994,3.169115999999974,60,-98.76484800000077,0.63,0.14305355567999997,-99.53790155568076,-0.4985512336437117,0.8925139153331235,5.670000000000016,72108.69174242532,72009.15384086964
SPY,2023-08-22 00:00:00-04:00,short,2023-08-22 09:54:00-04:00,423.65047200000004,2023-08-22 10:53:00-04:00,423.69941199999994,time,42,424.42499999999995,422.1014160000002,0.7745279999999184,60,-2.055479999995896,0.42,0.14234655859200002,-2.617826558587896,-0.08047379019984927,0.9406987057940067,1.170000000000016,72009.15384086964,72006.53601431104
NVDA,2023-08-22 00:00:00-04:00,short,2023-08-22 09:54:00-04:00,46.75129200000001,2023-08-22 10:53:00-04:00,46.258496,time,385,47.46,45.33387600000002,0.7087079999999943,60,189.72646000000213,3.85,0.14399397936000002,185.73246602064214,0.6807062847660946,2.1865577876397295,1.2600000000000051,72006.53601431104,72192.26848033168
QQQ,2023-08-22 00:00:00-04:00,short,2023-08-22 09:55:00-04:00,358.26663600000006,2023-08-22 10:15:00-04:00,359.51875,stop,50,359.375,356.0499080000002,1.1083639999999377,21,-62.605699999997455,0.5,0.1433066544,-63.249006654397455,-1.1413038794908714,0.8120075305670331,1.7899999999999636,72192.26848033168,72129.01947367728
META,2023-08-22 00:00:00-04:00,short,2023-08-22 09:55:00-04:00,287.31502800000004,2023-08-22 10:14:00-04:00,289.095592,stop,62,288.98,283.9850840000001,1.6649719999999775,20,-110.39496799999813,0.62,0.142508253888,-111.15747625388613,-1.0768124149979663,0.6089658448336823,2.740000000000009,72129.01947367728,72017.8619974234
AMZN,2023-08-22 00:00:00-04:00,short,2023-08-22 10:03:00-04:00,134.366232,2023-08-22 10:53:00-04:00,135.114024,stop,133,135.06,132.97869599999999,0.6937680000000057,51,-99.45633600000053,1.33,0.142965670848,-100.92930167084853,-1.0938338606796476,0.6391670491951267,1.1800000000000068,72017.8619974234,71916.93269575255
SPY,2023-08-23 00:00:00-04:00,long,2023-08-23 09:46:00-04:00,424.03954799999997,2023-08-23 10:45:00-04:00,425.02992,time,42,423.355,425.40864399999987,0.6845479999999498,60,41.59562400000152,0.42,0.14281005312,41.03281394688152,1.427177875970871,0.7394361956342625,0.6899999999999977,71916.93269575255,71957.96550969942
QQQ,2023-08-23 00:00:00-04:00,long,2023-08-23 09:46:00-04:00,359.34367999999995,2023-08-23 10:12:00-04:00,360.75667958399987,target,50,358.565,360.90103999999985,0.7786799999999516,27,70.64997919999598,0.5,0.14430267183359993,70.00567652816238,1.798060218014248,0.6807167763284554,0.9099999999999682,71957.96550969942,72027.97118622759
META,2023-08-23 00:00:00-04:00,long,2023-08-23 09:46:00-04:00,289.275664,2023-08-23 10:45:00-04:00,291.33342,time,62,286.905,294.0169920000001,2.3706640000000334,60,127.58087199999898,0.62,0.14450137631999999,126.81637062367898,0.8628069319987796,0.47799677029583,3.4699999999999704,72027.97118622759,72154.78755685127
NVDA,2023-08-23 00:00:00-04:00,long,2023-08-23 10:11:00-04:00,46.328524,2023-08-23 11:10:00-04:00,46.511388000000004,time,389,45.67,47.645572,0.6585239999999999,60,71.13409600000082,3.89,0.14474343945600002,67.09935256054483,0.2619371638634312,1.2669913050061032,1.1000000000000014,72154.78755685127,72221.88690941181
AMZN,2023-08-23 00:00:00-04:00,long,2023-08-23 10:43:00-04:00,134.83431215999997,2023-08-23 11:42:00-04:00,134.816052,time,133,133.91,136.6829364799999,0.9243121599999711,60,-2.428601279993927,1.33,0.143444279328,-3.902045559321927,-0.03174110401831699,0.626075092980833,1.3799999999999955,72221.88690941181,72217.98486385249
QQQ,2023-08-24 00:00:00-04:00,short,2023-08-24 09:46:00-04:00,363.00473999999997,2023-08-24 10:43:00-04:00,359.48795768799994,target,49,364.835,359.34421999999995,1.8302600000000098,58,172.32233328800157,0.49,0.14229785807999998,171.69003542992155,1.9144155879929698,1.5054195757548976,3.009999999999991,72217.98486385249,72389.67489928241
NVDA,2023-08-24 00:00:00-04:00,short,2023-08-24 09:46:00-04:00,48.300672000000006,2023-08-24 10:45:00-04:00,48.039208,time,360,49.305,46.29201600000002,1.004327999999994,60,94.12704000000133,3.6,0.13910593536,90.38793406464133,0.24999561360830846,3.2741826671218877,1.730000000000004,72389.67489928241,72480.06283334705
META,2023-08-24 00:00:00-04:00,short,2023-08-24 09:46:00-04:00,291.773244,2023-08-24 09:58:00-04:00,294.51275799999996,stop,62,294.395,286.52973199999997,2.621756000000005,13,-169.8498679999991,0.62,0.14471952902399998,-170.6145875290231,-1.0496202491581903,0.5813825373919247,4.910000000000025,72480.06283334705,72309.44824581803
AMZN,2023-08-24 00:00:00-04:00,short,2023-08-24 09:51:00-04:00,134.59614000000002,2023-08-24 10:50:00-04:00,133.54559688,time,134,135.8025,132.18342000000004,1.2063599999999894,60,140.77277808000196,1.34,0.14428706208000003,139.28849101792196,0.8616551865778239,0.7401532426606201,1.9449999999999932,72309.44824581803,72448.73673683596
SPY,2023-08-24 00:00:00-04:00,short,2023-08-24 10:11:00-04:00,427.04911200000004,2023-08-24 10:43:00-04:00,425.3374029344001,target,42,427.99,425.1673360000001,0.9408879999999726,33,71.8917807551984,0.42,0.143488501632,71.32829225356639,1.804989193935953,1.0389283255030266,1.5,72448.73673683596,72520.06502908953
QQQ,2023-08-25 00:00:00-04:00,long,2023-08-25 09:54:00-04:00,357.362888,2023-08-25 10:02:00-04:00,356.29242600000003,stop,50,356.435,359.218664,0.9278879999999958,9,-53.52309999999818,0.5,0.14251697040000003,-54.16561697039818,-1.167503340282414,0.983371640379707,1.330000000000041,72520.06502908953,72465.89941211914
SPY,2023-08-25 00:00:00-04:00,long,2023-08-25 10:04:00-04:00,423.86947999999995,2023-08-25 10:05:00-04:00,422.775822,stop,42,422.945,425.7184399999999,0.92447999999996,2,-45.93363599999782,0.42,0.14205267619200002,-46.49568867618982,-1.197473397559705,0.8369339867739455,0.8899999999999864,72465.89941211914,72419.40372344294
AMZN,2023-08-25 00:00:00-04:00,long,2023-08-25 10:04:00-04:00,133.24327599999998,2023-08-25 10:04:00-04:00,132.77436899999998,stop,135,132.8275,134.07482799999997,0.41577599999999393,1,-63.302445000000205,1.35,0.14339631851999995,-64.7958413185202,-1.154393699857636,0.451533025630674,0.7150000000000034,72419.40372344294,72354.60788212442
META,2023-08-25 00:00:00-04:00,short,2023-08-25 10:07:00-04:00,281.907192,2023-08-25 10:12:00-04:00,283.96354,stop,64,283.85,278.021576,1.9428080000000136,6,-131.6062720000009,0.64,0.144336482304,-132.39060848230488,-1.0647491967996834,0.6494072231877404,2.259999999999991,72354.60788212442,72222.2172736421
NVDA,2023-08-25 00:00:00-04:00,long,2023-08-25 10:14:00-04:00,47.52900399999999,2023-08-25 10:35:00-04:00,46.741296,stop,379,46.76,49.067011999999984,0.7690039999999954,22,-298.5413319999981,3.79,0.14171960947199996,-302.4730516094701,-1.0378124565906026,1.5371540032191426,1.2199999999999989,72222.2172736421,71919.74422203263
NVDA,2023-08-28 00:00:00-04:00,short,2023-08-28 09:46:00-04:00,45.291876,2023-08-28 10:45:00-04:00,45.408156,time,396,45.89,44.095628000000005,0.5981239999999985,60,-46.04687999999848,3.96,0.143484663168,-50.150364663166485,-0.2117325755328268,1.017014428385865,1.0399999999999991,71919.74422203263,71869.59385736947
QQQ,2023-08-28 00:00:00-04:00,short,2023-08-28 09:52:00-04:00,358.876392,2023-08-28 10:24:00-04:00,360.454124,stop,50,360.31,356.009176,1.4336079999999924,33,-78.88659999999845,0.5,0.14355055679999998,-79.53015055679845,-1.1095104178659558,0.9587405956694677,2.17999999999995,71869.59385736947,71790.06370681268
AMZN,2023-08-28 00:00:00-04:00,short,2023-08-28 09:52:00-04:00,132.077148,2023-08-28 10:27:00-04:00,133.14323599999997,stop,135,133.08999999999997,130.05144400000003,1.012851999999981,36,-143.9218799999972,1.35,0.14264331983999998,-145.4145233198372,-1.0634768131809973,0.6204212438315848,1.7199999999999989,71790.06370681268,71644.64918349285
SPY,2023-08-28 00:00:00-04:00,short,2023-08-28 09:53:00-04:00,425.539716,2023-08-28 09:56:00-04:00,426.540548,stop,42,426.37,423.879148,0.830284000000006,4,-42.03494400000011,0.42,0.142981344576,-42.59792534457611,-1.2215534898034832,0.947915551343237,1.2000000000000455,71644.64918349285,71602.05125814828
META,2023-08-28 00:00:00-04:00,long,2023-08-28 10:03:00-04:00,287.184828,2023-08-28 10:51:00-04:00,285.52074600000003,stop,62,285.635,290.28448399999996,1.5498279999999909,49,-103.17308399999695,0.62,0.14161829001600001,-103.93470229001295,-1.0816465865682905,0.5968626569383297,2.8899999999999864,71602.05125814828,71498.11655585826
SPY,2023-08-29 00:00:00-04:00,long,2023-08-29 09:46:00-04:00,427.961116,2023-08-29 10:34:00-04:00,430.07125066080005,target,41,426.82,430.243348,1.141116000000011,49,86.51552109280175,0.41000000000000003,0.14106337021674242,85.96445772258501,1.8374066184285702,0.7271388780859653,1.1399999999999864,71498.11655585826,71584.08101358084
QQQ,2023-08-29 00:00:00-04:00,long,2023-08-29 09:46:00-04:00,362.29485999999997,2023-08-29 10:28:00-04:00,365.158458168,target,49,360.78999999999996,365.30458,1.5048600000000079,43,140.3163102320005,0.49,0.143142115601856,139.68316811639863,1.8943136905324423,0.6327660045954278,1.6800000000000068,71584.08101358084,71723.76418169725
NVDA,2023-08-29 00:00:00-04:00,long,2023-08-29 09:46:00-04:00,47.138847999999996,2023-08-29 10:22:00-04:00,48.00733338239999,target,380,46.695,48.02654399999999,0.4438479999999956,37,330.0244453119984,3.8000000000000003,0.14594229348249596,326.0785030185159,1.933322497190356,0.8997979530512314,0.7900000000000063,71723.76418169725,72049.84268471577
META,2023-08-29 00:00:00-04:00,long,2023-08-29 10:03:00-04:00,287.81507999999997,2023-08-29 10:51:00-04:00,290.1291419039999,target,62,286.6,290.24523999999985,1.2150799999999435,49,143.47183804799465,0.62,0.14390405438438394,142.70793399361025,1.8943122023774472,0.6542719598836054,1.8599999999999568,72049.84268471577,72192.55061870939
AMZN,2023-08-29 00:00:00-04:00,long,2023-08-29 10:06:00-04:00,134.56380399999998,2023-08-29 11:05:00-04:00,134.186304,time,134,133.8025,136.0864119999999,0.7613039999999671,60,-50.58499999999589,1.34,0.14384771788800002,-52.06884771788389,-0.5104051606611631,0.6012961922815241,1.1049999999999898,72192.55061870939,72140.48177099151
NVDA,2023-08-30 00:00:00-04:00,short,2023-08-30 09:47:00-04:00,48.390636,2023-08-30 09:54:00-04:00,48.959576,stop,372,48.94,47.29190800000001,0.5493639999999971,8,-211.64567999999917,3.72,0.14401053273599998,-215.50969053273516,-1.054541479033939,1.2072217744789886,0.9200000000000017,72140.48177099151,71924.97208045877
SPY,2023-08-30 00:00:00-04:00,long,2023-08-30 09:49:00-04:00,434.05355199999997,2023-08-30 10:24:00-04:00,433.24663200000003,stop,41,433.42,435.3206559999999,0.6335519999999519,36,-33.0837199999973,0.41000000000000003,0.14210489529599998,-33.6358248952933,-1.2948991922620343,0.9092307395714647,0.8799999999999955,71924.97208045877,71891.33625556348
QQQ,2023-08-30 00:00:00-04:00,long,2023-08-30 09:55:00-04:00,369.69782,2023-08-30 10:24:00-04:00,368.292624,stop,48,368.44,372.21345999999994,1.257819999999981,30,-67.4494079999995,0.48,0.141424367616,-68.0708323676155,-1.1274604800305377,0.7365938164579202,1.4600000000000364,71891.33625556348,71823.26542319586
AMZN,2023-08-30 00:00:00-04:00,long,2023-08-30 09:55:00-04:00,135.37412799999998,2023-08-30 10:20:00-04:00,134.64751944000002,stop,132,134.7014,136.71958399999994,0.672727999999978,26,-95.9123299199947,1.32,0.14218778052864,-97.37451770052334,-1.0965586985460751,0.4457397395717964,1.0172000000000025,71823.26542319586,71725.89090549534
META,2023-08-30 00:00:00-04:00,short,2023-08-30 10:25:00-04:00,291.123504,2023-08-30 10:59:00-04:00,293.49235,stop,61,293.375,286.6205120000001,2.2514959999999746,35,-144.4996059999977,0.61,0.142068269952,-145.25167426994972,-1.0575968103127829,1.0963011263383353,3.2899999999999636,71725.89090549534,71580.63923122539
QQQ,2023-08-31 00:00:00-04:00,long,2023-08-31 09:46:00-04:00,372.118788,2023-08-31 09:47:00-04:00,371.016534,stop,48,371.16499999999996,374.02636400000006,0.9537880000000314,2,-52.90819200000078,0.48,0.142470349056,-53.530662349056776,-1.1692557803956218,0.8270453095816239,1.5500000000000114,71580.63923122539,71527.10856887633
AMZN,2023-08-31 00:00:00-04:00,long,2023-08-31 09:46:00-04:00,137.024788,2023-08-31 10:45:00-04:00,137.92480799999998,time,130,135.81495,139.44446399999998,1.2098379999999906,60,117.00259999999787,1.3,0.14344180031999998,115.55915819967787,0.73474018962538,0.9081582341517804,1.6298999999999921,71527.10856887633,71642.66772707601
SPY,2023-08-31 00:00:00-04:00,long,2023-08-31 09:58:00-04:00,436.034344,2023-08-31 10:06:00-04:00,435.18585600000006,stop,41,435.36,437.3830319999999,0.6743439999999623,9,-34.78800799999664,0.41000000000000003,0.14274096076800002,-35.340748960764635,-1.278234086531453,0.7061554798062899,0.6999999999999886,71642.66772707601,71607.32697811525
NVDA,2023-08-31 00:00:00-04:00,long,2023-08-31 09:58:00-04:00,49.589828,2023-08-31 10:05:00-04:00,49.30527000000001,stop,360,49.325,50.119483999999986,0.2648279999999943,8,-102.44087999999635,3.6,0.14199917760000003,-106.18287917759635,-1.1137509710453435,0.7247234265614295,0.46999999999999886,71607.32697811525,71501.14409893766
META,2023-08-31 00:00:00-04:00,long,2023-08-31 10:10:00-04:00,297.128804,2023-08-31 11:09:00-04:00,297.760848,time,60,294.92999999999995,301.5264120000001,2.1988040000000524,60,37.922640000000456,0.6,0.14292520704,37.17971479296045,0.2818177123636271,1.0022561517973474,3.680000000000007,71501.14409893766,71538.32381373062
QQQ,2023-09-01 00:00:00-04:00,short,2023-09-01 09:46:00-04:00,371.171472,2023-09-01 10:19:00-04:00,373.05416199999996,stop,48,372.905,367.70441600000004,1.7335279999999784,34,-90.36911999999847,0.48,0.142529845248,-90.99164984524649,-1.0935268260887578,1.0612139184973577,2.7900000000000205,71538.32381373062,71447.33216388537
NVDA,2023-09-01 00:00:00-04:00,short,2023-09-01 09:46:00-04:00,48.63054,2023-09-01 10:45:00-04:00,48.479383999999996,time,367,49.315,47.261620000000015,0.6844599999999943,60,55.474252000002714,3.67,0.14277926544,51.661472734562714,0.2056613325541428,0.7775413648681238,0.7700000000000031,71447.33216388537,71498.99363661993
META,2023-09-01 00:00:00-04:00,short,2023-09-01 09:46:00-04:00,293.3826,2023-09-01 10:45:00-04:00,294.287668,time,60,296.735,286.67780000000005,3.3523999999999887,60,-54.304079999998294,0.6,0.140823648,-55.0449036479983,-0.27365918768642605,1.0468995919327506,4.75,71498.99363661993,71443.94873297193
SPY,2023-09-01 00:00:00-04:00,short,2023-09-01 09:49:00-04:00,434.786016,2023-09-01 10:09:00-04:00,436.234424,stop,41,436.06,432.23804800000005,1.2739839999999845,21,-59.38472799999886,0.41000000000000003,0.14260981324799998,-59.937337813246856,-1.1474918744097178,1.1641460173594074,1.9800000000000182,71443.94873297193,71384.01139515868
AMZN,2023-09-01 00:00:00-04:00,short,2023-09-01 09:49:00-04:00,138.25467600000002,2023-09-01 10:48:00-04:00,137.595016,time,129,139.135,136.49402800000007,0.8803239999999732,60,85.09614000000397,1.29,0.14267882563200002,83.66346117437196,0.7367218917035664,0.8964334773760878,1.6500000000000057,71384.01139515868,71467.67485633305
NVDA,2023-09-05 00:00:00-04:00,long,2023-09-05 09:47:00-04:00,48.559416,2023-09-05 09:58:00-04:00,48.10075200000001,stop,367,48.120000000000005,49.43824799999999,0.43941599999999426,12,-168.32968799999696,3.67,0.14122380787200003,-172.14091180786895,-1.0674367934167117,0.6924856188360465,0.6999999999999957,71467.67485633305,71295.53394452517
SPY,2023-09-05 00:00:00-04:00,short,2023-09-05 09:51:00-04:00,432.846792,2023-09-05 10:25:00-04:00,433.93350399999997,stop,41,433.76,431.020376,0.9132079999999974,35,-44.55519199999907,0.41000000000000003,0.141973747776,-45.10716574777506,-1.2047362422755608,0.8553346504875562,1.3000000000000114,71295.53394452517,71250.4267787774
AMZN,2023-09-05 00:00:00-04:00,short,2023-09-05 09:58:00-04:00,136.11843084,2023-09-05 10:57:00-04:00,136.58961399999998,time,130,137.03,134.29529252,0.9115691599999991,60,-61.25381079999755,1.3,0.1415631680736,-62.69537396807115,-0.5290570684145366,1.0095235712768087,1.5400000000000205,71250.4267787774,71187.73140480932
QQQ,2023-09-05 00:00:00-04:00,short,2023-09-05 10:05:00-04:00,369.29222400000003,2023-09-05 10:10:00-04:00,370.363086,stop,48,370.21500000000003,367.44667200000004,0.9227759999999989,6,-51.40137599999889,0.48,0.141808214016,-52.02318421401489,-1.1745172585676027,0.6439816288323318,1.329999999999984,71187.73140480932,71135.7082205953
META,2023-09-05 00:00:00-04:00,long,2023-09-05 10:52:00-04:00,296.698632,2023-09-05 11:51:00-04:00,295.571724,time,59,294.635,300.82589599999994,2.063631999999984,60,-66.4875719999975,0.59,0.139509853728,-67.2170818537255,-0.5520715775835839,0.6150746018855073,3.3899999999999864,71135.7082205953,71068.49113874158
NVDA,2023-09-06 00:00:00-04:00,short,2023-09-06 09:48:00-04:00,47.990796,2023-09-06 10:01:00-04:00,47.4713689552,target,370,48.260000000000005,47.452388,0.269204000000002,14,192.1880065760015,3.7,0.14205275616000002,188.3459538198415,1.8909195941813652,0.42506933206783637,0.3999999999999986,71068.49113874158,71256.83709256141
AMZN,2023-09-06 00:00:00-04:00,long,2023-09-06 09:52:00-04:00,137.044796,2023-09-06 10:02:00-04:00,136.34853876,stop,129,136.4031,138.32818799999998,0.641695999999996,11,-89.81718395999926,1.29,0.14071169200032,-91.24789565199958,-1.1023101722779614,0.9111133987386542,1.1461999999999932,71256.83709256141,71165.58919690941
QQQ,2023-09-06 00:00:00-04:00,long,2023-09-06 09:53:00-04:00,371.138396,2023-09-06 09:57:00-04:00,370.26683399999996,stop,47,370.41499999999996,372.5851880000001,0.7233960000000366,5,-40.963414000001876,0.47000000000000003,0.139220329584,-41.572634329585874,-1.2227384927093807,0.6171856313398894,1.089999999999975,71165.58919690941,71124.01656257983
SPY,2023-09-06 00:00:00-04:00,short,2023-09-06 10:01:00-04:00,430.73763600000007,2023-09-06 11:00:00-04:00,429.4217,time,41,431.53,429.15290800000025,0.7923639999999068,60,53.95337600000323,0.41000000000000003,0.141281944608,53.40209405539524,1.6438027206084984,0.8467922003646525,1.0400000000000205,71124.01656257983,71177.41865663521
META,2023-09-06 00:00:00-04:00,short,2023-09-06 10:02:00-04:00,296.1315,2023-09-06 11:01:00-04:00,295.30807599999997,time,60,298.58000000000004,291.23449999999997,2.448500000000024,60,49.40544000000273,0.6,0.14214311999999998,48.663296880002726,0.3312456393710588,1.1075767977805284,4.160000000000025,71177.41865663521,71226.08195351521
AMZN,2023-09-07 00:00:00-04:00,long,2023-09-07 09:47:00-04:00,134.713864,2023-09-07 10:42:00-04:00,136.33703536320002,target,132,133.875,136.391592,0.8388640000000009,56,214.258619942402,1.32,0.1439719093435392,212.79464803305845,1.9217425791512184,0.9606734475554973,1.4300000000000068,71226.08195351521,71438.87660154827
META,2023-09-07 00:00:00-04:00,long,2023-09-07 10:00:00-04:00,298.38930799999997,2023-09-07 10:41:00-04:00,302.76676883039994,target,59,296.14,302.88792399999994,2.249307999999985,42,258.27018899359814,0.59,0.14290591488794877,257.53728307871023,1.9406140449637646,1.222473662006274,3.2200000000000273,71438.87660154827,71696.41388462698
QQQ,2023-09-07 00:00:00-04:00,long,2023-09-07 10:41:00-04:00,365.226032,2023-09-07 11:40:00-04:00,364.77403200000003,time,49,363.805,368.0680959999999,1.4210319999999683,60,-22.147999999997126,0.49,0.14299142054400002,-22.780991420541124,-0.32716940382479187,1.600169032284248,1.9700000000000273,71696.41388462698,71673.63289320644
SPY,2023-09-07 00:00:00-04:00,long,2023-09-07 10:44:00-04:00,428.33126400000003,2023-09-07 11:43:00-04:00,427.968744,time,41,427.345,430.30379200000004,0.9862640000000056,60,-14.863320000000726,0.41000000000000003,0.140373748032,-15.413693748032726,-0.3811796333963478,1.1587597738875124,1.5300000000000296,71673.63289320644,71658.2191994584
QQQ,2023-09-08 00:00:00-04:00,long,2023-09-08 09:49:00-04:00,367.89709999999997,2023-09-08 10:48:00-04:00,366.733248,time,48,366.595,370.50129999999984,1.302099999999939,60,-55.864895999998225,0.48,0.140825567232,-56.48572156723022,-0.903759976948021,0.696114028092856,2.109999999999957,71658.2191994584,71601.73347789118
META,2023-09-08 00:00:00-04:00,long,2023-09-08 09:50:00-04:00,302.060776,2023-09-08 10:41:00-04:00,298.985358,stop,59,299.105,307.9723279999999,2.9557759999999575,52,-181.44966199999743,0.59,0.14112108897599998,-182.18078308897344,-1.0446697865007366,1.147753259169997,5.389999999999986,71601.73347789118,71419.5526948022
AMZN,2023-09-08 00:00:00-04:00,short,2023-09-08 09:58:00-04:00,136.74528,2023-09-08 10:03:00-04:00,137.32991,stop,130,137.275,135.68584,0.5297199999999975,6,-76.00190000000055,1.3,0.14221509119999998,-77.44411509120054,-1.124601605074392,0.7846969672286411,0.9300000000000068,71419.5526948022,71342.108579711
SPY,2023-09-08 00:00:00-04:00,long,2023-09-08 10:03:00-04:00,429.981924,2023-09-08 11:02:00-04:00,429.847992,time,41,429.125,431.695772,0.8569239999999922,60,-5.491212000000644,0.41000000000000003,0.14099014137599997,-6.042202141376644,-0.17197649258979447,0.8123558788716475,1.25,71342.108579711,71336.06637756962
NVDA,2023-09-08 00:00:00-04:00,short,2023-09-08 10:42:00-04:00,45.651732,2023-09-08 11:41:00-04:00,45.67826399999999,time,390,46.13,44.695196,0.4782679999999999,60,-10.34747999999567,3.9,0.14243340384,-14.38991340383567,-0.07714756968057429,0.5955596735034904,0.7800000000000011,71336.06637756962,71321.67646416578
QQQ,2023-09-11 00:00:00-04:00,short,2023-09-11 09:46:00-04:00,367.922772,2023-09-11 10:45:00-04:00,368.317268,time,48,368.98,365.808316,1.0572280000000092,60,-18.93580800000018,0.48,0.141282344448,-19.55709034444818,-0.3853845927046959,0.9968732186830245,1.740000000000009,71321.67646416578,71302.11937382133
NVDA,2023-09-11 00:00:00-04:00,short,2023-09-11 09:46:00-04:00,44.612148000000005,2023-09-11 10:45:00-04:00,44.837928,time,399,45.379999999999995,43.07644400000002,0.7678519999999907,60,-90.0862199999973,3.99,0.14240197641600003,-94.21862197641329,-0.3075291816443743,0.9502774377641211,1.3999999999999986,71302.11937382133,71207.90075184492
SPY,2023-09-11 00:00:00-04:00,short,2023-09-11 09:47:00-04:00,430.8276,2023-09-11 10:46:00-04:00,431.162396,time,41,431.74,429.00280000000004,0.912399999999991,60,-13.726635999999303,0.41000000000000003,0.1413114528,-14.277947452799303,-0.38167757650151957,1.0174348665393103,1.1599999999999682,71207.90075184492,71193.62280439213
AMZN,2023-09-11 00:00:00-04:00,long,2023-09-11 09:57:00-04:00,140.516184,2023-09-11 10:56:00-04:00,141.198498,time,126,139.495,142.55855200000002,1.0211840000000052,60,85.97156399999886,1.26,0.14232808598399999,84.56923591401485,0.6572609950958764,1.4177840674337745,1.710000000000008,71193.62280439213,71278.19204030614
AMZN,2023-09-12 00:00:00-04:00,short,2023-09-12 09:46:00-04:00,141.51347196,2023-09-12 09:54:00-04:00,142.10181799999998,stop,125,142.045,140.45041588000004,0.5315280399999835,9,-73.54325499999703,1.25,0.14151347196,-74.93476847195703,-1.127839178109352,1.0534248324075683,0.8100000000000023,71278.19204030614,71203.25727183418
NVDA,2023-09-12 00:00:00-04:00,long,2023-09-12 09:48:00-04:00,45.408156,2023-09-12 10:47:00-04:00,45.141936,time,392,44.855000000000004,46.51446799999999,0.5531559999999942,60,-104.35823999999883,3.92,0.14156511129600002,-108.41980511129483,-0.5000056683611855,0.5979037231810719,0.8099999999999952,71203.25727183418,71094.83746672289
META,2023-09-12 00:00:00-04:00,short,2023-09-12 09:49:00-04:00,301.589316,2023-09-12 10:48:00-04:00,301.160416,time,58,303.88,297.007948,2.290683999999999,60,24.876199999999926,0.58,0.13993744262399999,24.15626255737593,0.18181786989039037,0.8130361542556125,4.180000000000007,71094.83746672289,71118.99372928026
QQQ,2023-09-12 00:00:00-04:00,long,2023-09-12 09:57:00-04:00,370.137996,2023-09-12 10:24:00-04:00,369.042324,stop,48,369.19,372.03398799999997,0.9479959999999892,28,-52.592255999999,0.48,0.141712252416,-53.21396825241499,-1.1694398906661965,0.6292585801696555,1.3799999999999955,71118.99372928026,71065.77976102785
SPY,2023-09-12 00:00:00-04:00,short,2023-09-12 10:26:00-04:00,430.237836,2023-09-12 11:25:00-04:00,430.192008,time,41,430.915,428.883508,0.6771640000000048,60,1.8789480000011736,0.41000000000000003,0.141118010208,1.3278299897931733,0.047826076566427615,0.8193012897728429,0.9900000000000091,71065.77976102785,71067.10759101764
AMZN,2023-09-13 00:00:00-04:00,long,2023-09-13 09:46:00-04:00,143.042194,2023-09-13 10:07:00-04:00,141.84069102,stop,124,141.89745,145.331682,1.1447440000000029,22,-148.98636951999833,1.24,0.14070596549184,-150.36707548549018,-1.0593090730575077,1.0817504949661558,2.0648999999999944,71067.10759101764,70916.74051553216
NVDA,2023-09-13 00:00:00-04:00,long,2023-09-13 09:49:00-04:00,45.448172,2023-09-13 10:06:00-04:00,44.85205200000001,stop,390,44.870000000000005,46.60451599999999,0.578171999999995,18,-232.4867999999969,3.9,0.13993840224,-236.5267384022369,-1.048959161661231,0.5378661660591691,0.8999999999999986,70916.74051553216,70680.21377712993
SPY,2023-09-13 00:00:00-04:00,short,2023-09-13 10:06:00-04:00,429.42816000000005,2023-09-13 10:36:00-04:00,430.432104,stop,41,430.26,427.76448000000016,0.8318399999999428,31,-41.16170399999726,0.41000000000000003,0.14085243648,-41.71255643647726,-1.223047010578961,0.851839738537925,1.2200000000000273,70680.21377712993,70638.50122069345
QQQ,2023-09-13 00:00:00-04:00,short,2023-09-13 10:06:00-04:00,366.20346000000006,2023-09-13 10:26:00-04:00,367.34187799999995,stop,48,367.195,364.2203800000002,0.9915399999999295,21,-54.644063999994614,0.48,0.14062212864,-55.26468612863461,-1.1611711354861827,0.9054886059040803,1.6299999999999955,70638.50122069345,70583.23653456481
META,2023-09-13 00:00:00-04:00,short,2023-09-13 10:13:00-04:00,298.700472,2023-09-13 10:39:00-04:00,301.88570599999997,stop,59,301.765,292.571416,3.0645279999999957,27,-187.92880599999881,0.59,0.140986622784,-188.65979262278282,-1.0434310287835467,1.0090778537624876,4.930000000000007,70583.23653456481,70394.57674194203
QQQ,2023-09-14 00:00:00-04:00,short,2023-09-14 09:51:00-04:00,368.40258,2023-09-14 10:37:00-04:00,369.462726,stop,47,369.315,366.57774,0.9124199999999973,47,-49.82686199999881,0.47000000000000003,0.13851937007999998,-50.43538137007881,-1.1760956803226341,0.7392795932199488,1.330000000000041,70394.57674194203,70344.14136057196
NVDA,2023-09-14 00:00:00-04:00,short,2023-09-14 09:51:00-04:00,45.451812000000004,2023-09-14 10:50:00-04:00,45.66826,time,386,45.72,44.915436000000014,0.268187999999995,60,-83.54892799999716,3.86,0.140355195456,-87.54928319545316,-0.8457187290109807,0.5077956032497716,0.35999999999999943,70344.14136057196,70256.59207737651
AMZN,2023-09-14 00:00:00-04:00,short,2023-09-14 09:51:00-04:00,143.172708,2023-09-14 10:32:00-04:00,144.64783599999998,stop,122,144.59,140.338124,1.4172920000000033,42,-179.96561599999802,1.22,0.139736563008,-181.32535256300602,-1.048671255933132,1.714131643042802,1.9599999999999795,70256.59207737651,70075.26672481351
SPY,2023-09-14 00:00:00-04:00,short,2023-09-14 09:54:00-04:00,431.69725200000005,2023-09-14 09:59:00-04:00,432.552952,stop,40,432.38,430.33175600000015,0.6827479999999468,6,-34.22799999999825,0.4,0.13814312064,-34.76614312063825,-1.2730225178484944,1.027446136026345,0.9199999999999591,70075.26672481351,70040.50058169288
META,2023-09-14 00:00:00-04:00,short,2023-09-14 10:11:00-04:00,302.82882,2023-09-14 10:30:00-04:00,304.706834,stop,57,304.58500000000004,299.31645999999995,1.756180000000029,20,-107.04679800000042,0.5700000000000001,0.13808994192000001,-107.75488794192042,-1.0764481035884568,0.9130649038111158,2.650000000000034,70040.50058169288,69932.74569375096
META,2023-09-15 00:00:00-04:00,short,2023-09-15 09:46:00-04:00,303.42858,2023-09-15 10:45:00-04:00,302.82108,time,57,306.575,297.13574000000006,3.146419999999978,60,34.62750000000091,0.5700000000000001,0.13836343248000002,33.91913656752091,0.18912687160646707,2.232041525358315,5.409999999999968,69932.74569375096,69966.66483031848
SPY,2023-09-15 00:00:00-04:00,short,2023-09-15 09:47:00-04:00,431.22744,2023-09-15 10:46:00-04:00,430.97231999999997,time,40,432.08500000000004,429.51231999999993,0.857560000000035,60,10.204800000001342,0.4,0.1379927808,9.666807219201342,0.28181139568079633,1.6439834304923973,1.0300000000000296,69966.66483031848,69976.33163753767
QQQ,2023-09-15 00:00:00-04:00,short,2023-09-15 09:47:00-04:00,367.20306000000005,2023-09-15 10:46:00-04:00,366.42651199999995,time,47,368.635,364.33918000000017,1.4319399999999405,60,36.49775600000493,0.47000000000000003,0.13806835056000002,35.88968764944493,0.5332698126458767,1.0731345745620744,2.4499999999999886,69976.33163753767,70012.22132518711
NVDA,2023-09-15 00:00:00-04:00,short,2023-09-15 09:52:00-04:00,44.832060000000006,2023-09-15 10:51:00-04:00,44.377744,time,390,45.235,44.02618000000002,0.40293999999999386,60,177.18324000000223,3.9,0.1398760272,173.14336397280223,1.1017951643421169,0.7544462537935263,0.5499999999999972,70012.22132518711,70185.36468915992
AMZN,2023-09-15 00:00:00-04:00,short,2023-09-15 10:04:00-04:00,141.49338000000003,2023-09-15 11:03:00-04:00,140.791294,time,124,142.58749999999998,139.30514000000014,1.094119999999947,60,87.05866400000457,1.24,0.14036143296000003,85.67830256704457,0.6315157870800922,3.7004799437543348,1.9650000000000034,70185.36468915992,70271.04299172696
META,2023-09-18 00:00:00-04:00,long,2023-09-18 09:51:00-04:00,299.529764,2023-09-18 10:50:00-04:00,298.710468,time,58,297.135,304.319292,2.394764000000009,60,-47.51916800000049,0.58,0.13860165715199999,-48.23776965715249,-0.3472933799505944,0.7796356074295101,3.8500000000000227,70271.04299172696,70222.80522206982
NVDA,2023-09-18 00:00:00-04:00,long,2023-09-18 09:52:00-04:00,43.277303999999994,2023-09-18 10:51:00-04:00,43.372644,time,405,42.515,44.80191199999998,0.7623039999999932,60,38.61270000000296,4.05,0.14052736655999998,34.42217263344296,0.11149491390312535,1.2789539852126366,1.1899999999999977,70222.80522206982,70257.22739470325
QQQ,2023-09-18 00:00:00-04:00,long,2023-09-18 10:18:00-04:00,365.516148,2023-09-18 10:33:00-04:00,364.144284,stop,48,364.29,367.9684439999999,1.2261479999999665,16,-65.84947199999806,0.48,0.139831405056,-66.46930340505406,-1.1293719471646142,1.1862966017340029,2.1399999999999864,70257.22739470325,70190.7580912982
AMZN,2023-09-18 00:00:00-04:00,short,2023-09-18 10:38:00-04:00,140.09394,2023-09-18 11:37:00-04:00,139.88463148,time,125,141.06,138.16182,0.9660599999999988,60,26.163565000000943,1.25,0.14009394,24.773471060000944,0.20515057913587956,0.9241589896671578,1.3799999999999955,70190.7580912982,70215.5315623582
SPY,2023-09-18 00:00:00-04:00,long,2023-09-18 10:57:00-04:00,429.211616,2023-09-18 11:56:00-04:00,429.668064,time,40,428.445,430.744848,0.7666159999999991,60,18.257920000000922,0.4,0.13749378048000002,17.720426219520924,0.5778781756290289,0.8140792311423717,1.1299999999999955,70215.5315623582,70233.25198857771
NVDA,2023-09-19 00:00:00-04:00,short,2023-09-19 09:46:00-04:00,43.372644,2023-09-19 10:23:00-04:00,43.667460000000005,stop,404,43.650000000000006,42.81793199999999,0.2773560000000046,38,-119.10566400000178,4.04,0.14018038540799999,-123.28584438540979,-1.1002573629270662,0.5607206798956902,0.46000000000000085,70233.25198857771,70109.96614419231
AMZN,2023-09-19 00:00:00-04:00,short,2023-09-19 09:49:00-04:00,137.09514000000001,2023-09-19 10:48:00-04:00,136.25447999999997,time,127,138.155,134.97542000000004,1.0598599999999863,60,106.76382000000538,1.27,0.13928866224,105.35453133776538,0.7827102059517795,1.1413480370601692,1.3700000000000045,70109.96614419231,70215.32067553008
QQQ,2023-09-19 00:00:00-04:00,short,2023-09-19 09:51:00-04:00,362.55492,2023-09-19 10:50:00-04:00,361.464528,time,48,363.37,360.92475999999994,0.8150800000000231,60,52.338816000000406,0.48,0.13922108928,51.71959491072041,1.3219457729793125,0.8034166733852223,1.1599999999999682,70215.32067553008,70267.0402704408
SPY,2023-09-19 00:00:00-04:00,short,2023-09-19 09:57:00-04:00,427.42896,2023-09-19 10:38:00-04:00,426.487406752,target,41,427.985,426.31688,0.5560399999999959,42,38.603683167999634,0.41000000000000003,0.14019669888,38.05348646911964,1.669185339759726,0.6837110868100194,0.6100000000000136,70267.0402704408,70305.09375690992
META,2023-09-19 00:00:00-04:00,short,2023-09-19 10:53:00-04:00,298.210668,2023-09-19 11:52:00-04:00,298.279264,time,58,300.28,294.07200400000005,2.0693319999999744,60,-3.9785680000007915,0.58,0.138369749952,-4.696937749952792,-0.039134215942156526,0.6035096959588456,3.0200000000000387,70305.09375690992,70300.39681915997
NVDA,2023-09-20 00:00:00-04:00,long,2023-09-20 09:46:00-04:00,43.71748,2023-09-20 10:16:00-04:00,43.412628000000005,stop,402,43.43,44.292440000000006,0.2874800000000022,31,-122.55050399999871,4.0200000000000005,0.139615011648,-126.71011901164671,-1.096421667677732,0.4727720010539605,0.45999999999999375,70300.39681915997,70173.68670014832
SPY,2023-09-20 00:00:00-04:00,long,2023-09-20 09:47:00-04:00,429.581764,2023-09-20 10:13:00-04:00,428.87838,stop,40,429.04999999999995,430.64529200000015,0.5317640000000665,27,-28.13536000000113,0.4,0.1372410816,-28.672601081601126,-1.3479946499573843,0.7787219027309217,0.6999999999999886,70173.68670014832,70145.01409906671
QQQ,2023-09-20 00:00:00-04:00,long,2023-09-20 09:57:00-04:00,365.576172,2023-09-20 10:00:00-04:00,364.55412000000007,stop,47,364.70000000000005,367.32851599999987,0.87617199999994,4,-48.036443999996095,0.47000000000000003,0.13707234912000002,-48.64351634911609,-1.1812388811329142,0.5340560988859674,1.3000000000000114,70145.01409906671,70096.3705827176
META,2023-09-20 00:00:00-04:00,long,2023-09-20 10:11:00-04:00,305.352092,2023-09-20 10:20:00-04:00,303.158688,stop,57,303.28,309.49627600000014,2.0720920000000547,10,-125.02402800000249,0.5700000000000001,0.13824036172799997,-125.73226836173048,-1.0645421484683042,0.8030468756674967,3.6199999999999477,70096.3705827176,69970.63831435588
AMZN,2023-09-20 00:00:00-04:00,short,2023-09-20 10:17:00-04:00,137.704896,2023-09-20 11:16:00-04:00,137.35411968,time,127,138.57999999999998,135.954688,0.8751039999999932,60,44.54859263999927,1.27,0.139908174336,43.13868446566327,0.3881535004205179,0.9948332267762017,1.3599999999999852,69970.63831435588,70013.77699882154
QQQ,2023-09-21 00:00:00-04:00,short,2023-09-21 09:47:00-04:00,354.628092,2023-09-21 10:18:00-04:00,355.51214799999997,stop,49,355.37,353.14427599999993,0.7419080000000235,32,-43.318743999999356,0.49,0.139014212064,-43.947758212063356,-1.208900597831481,2.0942805750968456,1.080000000000041,70013.77699882154,69969.82924060948
AMZN,2023-09-21 00:00:00-04:00,long,2023-09-21 09:49:00-04:00,132.082812,2023-09-21 09:50:00-04:00,131.39741999999998,stop,132,131.45,133.348436,0.6328120000000013,2,-90.47174400000097,1.32,0.13875567551999998,-91.93049967552096,-1.1005530542404474,1.8743624091182038,1.0800000000000125,69969.82924060948,69877.89874093396
SPY,2023-09-21 00:00:00-04:00,short,2023-09-21 09:51:00-04:00,420.091896,2023-09-21 10:18:00-04:00,421.04835199999997,stop,41,420.88,418.51568800000007,0.7881039999999757,28,-39.21469599999779,0.41000000000000003,0.137790141888,-39.76248614188578,-1.2305694872351565,1.4846179825281725,1.2000000000000455,69877.89874093396,69838.13625479207
META,2023-09-21 00:00:00-04:00,short,2023-09-21 09:53:00-04:00,291.71326799999997,2023-09-21 10:52:00-04:00,293.657416,time,59,293.975,287.18980399999987,2.261732000000052,60,-114.70473200000242,0.59,0.13768866249599998,-115.43242066249843,-0.8650369301685594,1.1999767066972622,3.5500000000000114,69838.13625479207,69722.70383412957
NVDA,2023-09-21 00:00:00-04:00,short,2023-09-21 09:55:00-04:00,41.28348,2023-09-21 10:27:00-04:00,41.686668,stop,422,41.67,40.51043999999999,0.3865200000000044,33,-170.14533600000004,4.22,0.13937302847999997,-174.50470902848005,-1.0698496011590484,0.9254888278328957,0.7000000000000028,69722.70383412957,69548.19912510109
META,2023-09-22 00:00:00-04:00,long,2023-09-22 09:46:00-04:00,300.780264,2023-09-22 10:45:00-04:00,301.649292,time,57,297.865,306.61079199999995,2.915263999999979,60,49.53459600000082,0.5700000000000001,0.13755207715200002,48.827043922848816,0.29383781560229894,1.97145071660531,4.389999999999986,69548.19912510109,69597.02616902394
NVDA,2023-09-22 00:00:00-04:00,long,2023-09-22 09:47:00-04:00,41.7667,2023-09-22 10:00:00-04:00,41.453412,stop,416,41.47,42.3601,0.2967000000000013,14,-130.327808,4.16,0.137956955136,-134.625764955136,-1.0907301223323174,0.6610730267904202,0.4200000000000017,69597.02616902394,69462.4004040688
QQQ,2023-09-22 00:00:00-04:00,long,2023-09-22 09:48:00-04:00,354.24164,2023-09-22 09:54:00-04:00,353.28363,stop,49,353.425,355.87492000000003,0.8166400000000067,7,-46.94249000000008,0.49,0.13848718296,-47.57097718296008,-1.1888179234913716,1.0783967962606842,1.25,69462.4004040688,69414.82942688584
AMZN,2023-09-22 00:00:00-04:00,long,2023-09-22 09:49:00-04:00,131.74277604,2023-09-22 09:50:00-04:00,131.077548,stop,131,131.13,132.96832812,0.61277604,2,-87.14487323999845,1.31,0.137369270304,-88.59224251030246,-1.1036277795456693,1.2304206031114593,0.9800000000000182,69414.82942688584,69326.23718437554
SPY,2023-09-22 00:00:00-04:00,long,2023-09-22 10:06:00-04:00,418.6674,2023-09-22 10:14:00-04:00,417.67286400000006,stop,41,417.84000000000003,420.3221999999999,0.8273999999999546,9,-40.775975999996945,0.41000000000000003,0.13699669939200002,-41.32297269938894,-1.2181259160164137,1.2340809583806072,0.839999999999975,69326.23718437554,69284.91421167615
SPY,2023-09-25 00:00:00-04:00,long,2023-09-25 09:47:00-04:00,415.906296,2023-09-25 10:26:00-04:00,414.86898600000006,stop,41,415.035,417.64888799999994,0.8712959999999725,40,-42.529709999997294,0.41000000000000003,0.136077027408,-43.07578702740529,-1.205823224125862,0.9701950355287846,1.1299999999999955,69284.91421167615,69241.83842464874
QQQ,2023-09-25 00:00:00-04:00,long,2023-09-25 09:47:00-04:00,352.550964,2023-09-25 10:26:00-04:00,351.20446200000004,stop,49,351.345,354.962892,1.2059639999999945,40,-65.97859799999935,0.49,0.137672149104,-66.60627014910335,-1.1271577225323417,1.1233029375954788,2.0300000000000296,69241.83842464874,69175.23215449964
NVDA,2023-09-25 00:00:00-04:00,long,2023-09-25 09:47:00-04:00,42.156856,2023-09-25 10:46:00-04:00,42.003192000000006,time,410,41.535,43.400568,0.6218560000000011,60,-63.00223999999673,4.1,0.13777046976000001,-67.24001046975673,-0.26372669160704687,0.8693673730224147,0.8699999999999974,69175.23215449964,69107.99214402988
META,2023-09-25 00:00:00-04:00,long,2023-09-25 09:47:00-04:00,295.93832799999996,2023-09-25 10:46:00-04:00,295.471764,time,58,292.835,302.1449839999999,3.1033279999999763,60,-27.06071199999701,0.58,0.13709889849600002,-27.77781089849301,-0.1543271526928356,1.3901897978613997,3.3899999999999864,69107.99214402988,69080.21433313139
AMZN,2023-09-25 00:00:00-04:00,long,2023-09-25 09:50:00-04:00,130.26208400000002,2023-09-25 10:49:00-04:00,130.89762,time,132,129.48000000000002,131.826252,0.7820839999999976,60,83.8907519999965,1.32,0.13822788671999997,82.4325241132765,0.7984932808240233,1.074819851690358,1.4199999999999875,69080.21433313139,69162.64685724466
AMZN,2023-09-26 00:00:00-04:00,short,2023-09-26 09:47:00-04:00,129.153318,2023-09-26 10:04:00-04:00,127.76103798160004,target,133,129.875,127.70995400000004,0.7216819999999871,18,185.17324244719634,1.33,0.137419130352,183.70582331684435,1.9139271754817182,0.7902523675479841,1.0299999999999727,69162.64685724466,69346.35268056151
QQQ,2023-09-26 00:00:00-04:00,short,2023-09-26 09:50:00-04:00,350.65968000000004,2023-09-26 10:18:00-04:00,349.3287156160001,target,49,351.395,349.18904000000015,0.7353199999999447,29,65.21725481599572,0.49,0.13745859456,64.58979622143572,1.7926332842300112,0.9563024360413338,1.0300000000000296,69346.35268056151,69410.94247678295
SPY,2023-09-26 00:00:00-04:00,short,2023-09-26 09:51:00-04:00,414.344196,2023-09-26 10:50:00-04:00,413.81546,time,41,415.14,412.75258800000006,0.7958039999999755,60,21.678176000001542,0.41000000000000003,0.13590489628799998,21.132271103713542,0.6476736061040828,1.1424040926795176,0.7799999999999727,69410.94247678295,69432.07474788665
NVDA,2023-09-26 00:00:00-04:00,short,2023-09-26 09:51:00-04:00,41.583360000000006,2023-09-26 10:02:00-04:00,41.901754000000004,stop,417,41.885000000000005,40.98008000000001,0.301639999999999,12,-132.77029799999912,4.17,0.13872208896000002,-137.0790200889591,-1.0897979939000098,0.6763505215758323,0.4100000000000037,69432.07474788665,69294.9957277977
META,2023-09-26 00:00:00-04:00,short,2023-09-26 10:17:00-04:00,293.662488,2023-09-26 10:29:00-04:00,295.18302600000004,stop,58,295.06500000000005,290.8574639999999,1.4025120000000584,13,-88.19120400000259,0.58,0.136259394432,-88.90746339443459,-1.0929584202516491,1.0304008528511308,2.3100000000000023,69294.9957277977,69206.08826440325
QQQ,2023-09-27 00:00:00-04:00,long,2023-09-27 09:47:00-04:00,350.90030399999995,2023-09-27 09:49:00-04:00,350.05992,stop,49,350.2,352.30091199999987,0.7003039999999601,3,-41.17881599999862,0.49,0.13722348864,-41.80603948863862,-1.2183058776760098,0.72532372983525,1.0199999999999818,69206.08826440325,69164.28222491461
AMZN,2023-09-27 00:00:00-04:00,long,2023-09-27 09:47:00-04:00,127.37092799999999,2023-09-27 09:54:00-04:00,126.20949600000002,stop,135,126.26,129.59278399999997,1.110927999999987,8,-156.7933199999968,1.35,0.13630625568000002,-158.27962625567682,-1.0553714335834457,1.0369839120345403,1.7199999999999989,69164.28222491461,69006.00259865893
SPY,2023-09-27 00:00:00-04:00,short,2023-09-27 10:02:00-04:00,412.125084,2023-09-27 11:01:00-04:00,411.61458,time,41,412.955,410.4652520000001,0.8299159999999688,60,20.93066400000106,0.41000000000000003,0.135177027552,20.38548697244906,0.5991052098381577,0.9773474939231711,0.9900000000000091,69006.00259865893,69026.38808563138
NVDA,2023-09-27 00:00:00-04:00,short,2023-09-27 10:02:00-04:00,42.173124,2023-09-27 11:01:00-04:00,41.96678,time,409,42.39,41.739372,0.21687599999999918,60,84.39469600000058,4.09,0.137990461728,80.16670553827258,0.9037727319205544,0.8645623499718785,0.37999999999999545,69026.38808563138,69106.55479116965
META,2023-09-27 00:00:00-04:00,short,2023-09-27 10:08:00-04:00,296.211468,2023-09-27 10:23:00-04:00,297.70403400000004,stop,58,297.58500000000004,293.464404,1.3735320000000115,16,-86.56882800000062,0.58,0.137442121152,-87.28627012115263,-1.0956684603955338,0.8640985134113444,2.170000000000016,69106.55479116965,69019.26852104849
NVDA,2023-09-28 00:00:00-04:00,long,2023-09-28 09:48:00-04:00,42.597032,2023-09-28 10:47:00-04:00,42.712908,time,405,42.295,43.20109599999999,0.30203199999999697,60,46.92978000000004,4.05,0.13838982192,42.74139017808004,0.34941428966467514,0.8227466593628485,0.509999999999998,69019.26852104849,69062.00991122657
META,2023-09-28 00:00:00-04:00,long,2023-09-28 09:51:00-04:00,297.46894000000003,2023-09-28 10:49:00-04:00,301.3062492720001,target,58,295.49,301.4268200000001,1.9789400000000228,59,222.56393777600488,0.58,0.13980609966220806,221.84413167634267,1.9328018141054626,0.8319788360412013,2.740000000000009,69062.00991122657,69283.85404290292
QQQ,2023-09-28 00:00:00-04:00,long,2023-09-28 09:53:00-04:00,349.09958399999994,2023-09-28 10:31:00-04:00,348.16068,stop,49,348.3,350.6987519999998,0.7995839999999248,39,-46.00629599999621,0.49,0.13647898656000002,-46.632774986556214,-1.1902305266738857,1.3701389404021604,1.240000000000009,69283.85404290292,69237.22126791636
SPY,2023-09-28 00:00:00-04:00,long,2023-09-28 09:54:00-04:00,412.37488399999995,2023-09-28 10:31:00-04:00,411.240438,stop,41,411.405,414.3146519999999,0.9698839999999791,38,-46.51228599999871,0.41000000000000003,0.134886863664,-47.05717286366271,-1.1833744277707368,1.0758965436313839,1.329999999999984,69237.22126791636,69190.1640950527
AMZN,2023-09-28 00:00:00-04:00,long,2023-09-28 10:11:00-04:00,124.679852,2023-09-28 10:30:00-04:00,123.77547,stop,138,123.82499999999999,126.38955600000001,0.8548520000000082,20,-124.80471599999976,1.3800000000000001,0.13664811887999997,-126.32136411887976,-1.0707961188135366,1.283620259713941,1.3900000000000006,69190.1640950527,69063.84273093383
AMZN,2023-09-29 00:00:00-04:00,long,2023-09-29 09:46:00-04:00,129.091616,2023-09-29 09:54:00-04:00,128.103738,stop,133,128.155,130.96484799999996,0.9366159999999866,9,-131.38777399999933,1.33,0.136302377232,-132.85407637723134,-1.0665019921760992,0.9153334532970401,1.0699999999999932,69063.84273093383,68930.9886545566
SPY,2023-09-29 00:00:00-04:00,short,2023-09-29 09:47:00-04:00,416.103492,2023-09-29 09:55:00-04:00,417.11678,stop,41,416.95000000000005,414.41047599999996,0.8465080000000285,9,-41.544807999999534,0.41000000000000003,0.136481945376,-42.09128994537553,-1.2127668349690186,1.3859491555857224,1.079999999999984,68930.9886545566,68888.89736461123
QQQ,2023-09-29 00:00:00-04:00,long,2023-09-29 09:49:00-04:00,356.622592,2023-09-29 10:23:00-04:00,355.542726,stop,48,355.685,358.497776,0.9375919999999951,35,-51.833567999999104,0.48,0.136528406784,-52.4500964067831,-1.1654433290898247,1.2889146116551002,0.9900000000000091,68888.89736461123,68836.44726820444
NVDA,2023-09-29 00:00:00-04:00,long,2023-09-29 09:49:00-04:00,44.037608,2023-09-29 10:06:00-04:00,43.75749,stop,390,43.775,44.562824,0.2626080000000002,18,-109.24602000000064,3.9,0.1365233688,-113.28254336880065,-1.1060899131785835,0.9718373800089544,0.4099999999999966,68836.44726820444,68723.16472483565
META,2023-09-29 00:00:00-04:00,long,2023-09-29 09:49:00-04:00,307.19282799999996,2023-09-29 10:23:00-04:00,304.82802,stop,55,304.95,311.6784839999999,2.2428279999999745,35,-130.06443999999902,0.55,0.13412432879999997,-130.74856432879903,-1.0599326493872956,1.0828452526153827,3.3600000000000136,68723.16472483565,68592.41616050685
AMZN,2023-10-02 00:00:00-04:00,long,2023-10-02 09:46:00-04:00,128.53139199999998,2023-10-02 10:45:00-04:00,128.91841200000002,time,133,127.48795000000001,130.61827599999992,1.0434419999999704,60,51.473660000004685,1.33,0.13716919036800002,50.00649080963669,0.36033498048194906,0.7243087721892206,1.8958999999999975,68592.41616050685,68642.42265131649
NVDA,2023-10-02 00:00:00-04:00,long,2023-10-02 10:01:00-04:00,44.637848,2023-10-02 11:00:00-04:00,44.692116000000006,time,384,44.19,45.533544,0.44784800000000047,60,20.838912000002892,3.84,0.13729418035200003,16.861617819650892,0.0980476926814622,1.143225443040578,0.8200000000000003,68642.42265131649,68659.28426913614
META,2023-10-02 00:00:00-04:00,long,2023-10-02 10:02:00-04:00,303.6214,2023-10-02 11:01:00-04:00,302.6289,time,56,301.22,308.4241999999999,2.401399999999967,60,-55.58000000000038,0.56,0.1355777472,-56.27557774720039,-0.41847298709087233,1.1909450400201116,4.439999999999998,68659.28426913614,68603.00869138894
QQQ,2023-10-02 00:00:00-04:00,long,2023-10-02 10:03:00-04:00,355.522152,2023-10-02 11:02:00-04:00,354.848004,time,48,353.62,359.326456,1.902152000000001,60,-32.359104000000116,0.48,0.13626163353600002,-32.975365633536114,-0.36116292705945796,0.9730944805798761,2.659999999999968,68603.00869138894,68570.0333257554
SPY,2023-10-02 00:00:00-04:00,long,2023-10-02 10:04:00-04:00,414.00553599999995,2023-10-02 10:10:00-04:00,412.63987799999995,stop,41,412.80499999999995,416.40660799999995,1.2005359999999996,7,-55.99197799999985,0.41000000000000003,0.135345879984,-56.537323879983845,-1.1486195491213897,1.0785765851465021,1.4499999999999886,68570.0333257554,68513.49600187542
NVDA,2023-10-03 00:00:00-04:00,short,2023-10-03 09:47:00-04:00,44.522184,2023-10-03 09:50:00-04:00,44.797912,stop,384,44.78,44.006552000000006,0.25781599999999827,4,-105.8795519999976,3.84,0.136772149248,-109.85632414924561,-1.1096447756229082,0.9984518477514572,0.4399999999999977,68513.49600187542,68403.63967772617
AMZN,2023-10-03 00:00:00-04:00,short,2023-10-03 09:47:00-04:00,126.939204,2023-10-03 09:55:00-04:00,127.886134,stop,134,127.83500000000001,125.147612,0.8957960000000043,9,-126.88861999999929,1.34,0.136078826688,-128.3646988266873,-1.0693790925969642,0.6493997716567546,1.3700000000000045,68403.63967772617,68275.27497889948
SPY,2023-10-03 00:00:00-04:00,long,2023-10-03 09:50:00-04:00,412.244832,2023-10-03 10:00:00-04:00,411.075504,stop,41,411.24,414.2544959999999,1.0048319999999649,11,-47.94244799999797,0.41000000000000003,0.134832765312,-48.48728076530996,-1.1769296798191058,0.9807526496747243,1.0199999999999818,68275.27497889948,68226.78769813417
QQQ,2023-10-03 00:00:00-04:00,long,2023-10-03 09:50:00-04:00,354.44172,2023-10-03 10:00:00-04:00,353.42357400000003,stop,48,353.565,356.19515999999993,0.8767199999999775,11,-48.871007999997346,0.48,0.13571465241600003,-49.48672265241334,-1.1759437318550632,1.082226970539395,1.2100000000000364,68226.78769813417,68177.30097548176
META,2023-10-03 00:00:00-04:00,long,2023-10-03 09:54:00-04:00,303.19122799999997,2023-10-03 10:00:00-04:00,301.94917200000003,stop,56,302.07,305.4336839999999,1.1212279999999737,7,-69.55513599999631,0.56,0.135273229056,-70.25040922905231,-1.118837197586899,0.6270886141621308,2.019999999999982,68177.30097548176,68107.05056625271
AMZN,2023-10-04 00:00:00-04:00,long,2023-10-04 09:48:00-04:00,126.97076799999999,2023-10-04 10:00:00-04:00,126.234486,stop,134,126.285,128.34230399999998,0.6857679999999959,13,-98.66178799999847,1.34,0.135323368992,-100.13711136899047,-1.0897152913055042,0.7389978900018996,1.2099999999999937,68107.05056625271,68006.91345488372
SPY,2023-10-04 00:00:00-04:00,short,2023-10-04 10:03:00-04:00,407.416968,2023-10-04 11:02:00-04:00,407.272844,time,41,408.58500000000004,405.0809039999999,1.1680320000000393,60,5.909083999999041,0.41000000000000003,0.133632765504,5.3654512344950405,0.11203859505216655,0.9791637503371016,1.410000000000025,68006.91345488372,68012.27890611821
QQQ,2023-10-04 00:00:00-04:00,short,2023-10-04 10:09:00-04:00,349.780032,2023-10-04 10:19:00-04:00,351.235438,stop,48,351.095,347.15009599999996,1.3149680000000217,11,-69.85948799999915,0.48,0.13431553228799997,-70.47380353228715,-1.1165322960375903,0.9951865007298414,2.0100000000000477,68012.27890611821,67941.80510258593
NVDA,2023-10-04 00:00:00-04:00,short,2023-10-04 10:09:00-04:00,43.43262000000001,2023-10-04 10:40:00-04:00,43.732486,stop,391,43.715,42.867860000000015,0.2823799999999963,32,-117.24760599999782,3.91,0.13585723536000002,-121.29346323535782,-1.0985673948579873,0.7727321482980285,0.490000000000002,67941.80510258593,67820.51163935057
META,2023-10-04 00:00:00-04:00,long,2023-10-04 10:36:00-04:00,300.360096,2023-10-04 11:35:00-04:00,300.999552,time,56,298.07,304.940288,2.2900960000000055,60,35.80953599999975,0.56,0.13484779929599996,35.11468820070375,0.27380861046174226,1.0775125013190818,4.340000000000032,67820.51163935057,67855.62632755128
META,2023-10-05 00:00:00-04:00,short,2023-10-05 09:48:00-04:00,298.870404,2023-10-05 10:47:00-04:00,297.56897999999995,time,56,300.565,295.481212,1.69459599999999,60,72.87974400000303,0.56,0.13389394099199997,72.18585005901103,0.7606727720164934,0.7616429801183566,2.990000000000009,67855.62632755128,67927.81217761029
QQQ,2023-10-05 00:00:00-04:00,short,2023-10-05 09:49:00-04:00,352.6089,2023-10-05 10:36:00-04:00,350.66691068000006,target,48,353.65,350.52670000000006,1.0410999999999717,48,93.2154873599975,0.48,0.1354018176,92.6000855423975,1.8530097481509944,0.7647790852037953,1.660000000000025,67927.81217761029,68020.41226315268
AMZN,2023-10-05 00:00:00-04:00,short,2023-10-05 09:49:00-04:00,125.55975600000001,2023-10-05 10:48:00-04:00,124.41994808,time,135,126.21000000000001,124.259268,0.6502440000000007,60,153.87406920000132,1.35,0.13560453648,152.38846466352132,1.735969023861825,0.5764507605852354,1.1199999999999903,68020.41226315268,68172.80072781621
SPY,2023-10-05 00:00:00-04:00,short,2023-10-05 09:50:00-04:00,409.406172,2023-10-05 10:49:00-04:00,408.003136,time,41,410.37,407.47851600000007,0.9638279999999781,60,57.524476000001755,0.41000000000000003,0.134285224416,56.98019077558576,1.441917801333925,0.9879033513715778,1.5,68172.80072781621,68229.7809185918
NVDA,2023-10-05 00:00:00-04:00,short,2023-10-05 09:53:00-04:00,43.872444,2023-10-05 10:18:00-04:00,44.197672,stop,388,44.18,43.257332000000005,0.30755599999999816,26,-126.1884639999983,3.88,0.13618006617599998,-130.2046440661743,-1.0911150475100393,0.8710598459209979,0.45999999999999375,68229.7809185918,68099.57627452562
SPY,2023-10-06 00:00:00-04:00,short,2023-10-06 10:07:00-04:00,406.82720400000005,2023-10-06 10:23:00-04:00,408.16319999999996,stop,41,408.0,404.48161200000015,1.1727959999999484,17,-54.775835999996275,0.41000000000000003,0.133439322912,-55.31927532290827,-1.1504563603831939,1.3359249869569587,1.8799999999999955,68099.57627452562,68044.25699920271
NVDA,2023-10-06 00:00:00-04:00,long,2023-10-06 10:16:00-04:00,44.477784,2023-10-06 11:15:00-04:00,44.822064000000005,time,382,44.185,45.063351999999995,0.2927839999999975,60,131.51496000000185,3.8200000000000003,0.136976227584,127.55798377241786,1.1405043427509964,0.7640302043197462,0.490000000000002,68044.25699920271,68171.81498297513
QQQ,2023-10-06 00:00:00-04:00,long,2023-10-06 10:24:00-04:00,351.85068399999994,2023-10-06 11:09:00-04:00,354.5601711791999,target,48,350.42499999999995,354.7020519999999,1.4256839999999897,46,130.05538460159914,0.48,0.13615110573281278,129.43923349586635,1.891478544916383,1.5694875945573379,2.3100000000000023,68171.81498297513,68301.254216471
META,2023-10-06 00:00:00-04:00,long,2023-10-06 10:24:00-04:00,301.880704,2023-10-06 11:23:00-04:00,304.098312,time,56,299.725,306.1921119999999,2.1557039999999574,60,124.1860480000023,0.56,0.136236043776,123.4898119562263,1.0229489825616527,0.7449057472489637,2.849999999999966,68301.254216471,68424.74402842723
AMZN,2023-10-06 00:00:00-04:00,long,2023-10-06 10:31:00-04:00,125.50018,2023-10-06 11:30:00-04:00,126.09954,time,136,124.75,127.00054,0.7501800000000003,60,81.51296000000059,1.36,0.13719629951999998,80.01576370048059,0.7842800443626917,0.6098655093046722,1.240000000000009,68424.74402842723,68504.7597921277
SPY,2023-10-09 00:00:00-04:00,long,2023-10-09 09:46:00-04:00,414.535748,2023-10-09 10:04:00-04:00,413.5845,stop,41,413.75,416.10724400000004,0.7857480000000123,19,-39.00116800000086,0.41000000000000003,0.13565571599999998,-39.54682371600086,-1.2275649139418818,1.2875628712935225,1.2200000000000273,68504.7597921277,68465.21296841171
QQQ,2023-10-09 00:00:00-04:00,long,2023-10-09 09:49:00-04:00,357.69302,2023-10-09 10:04:00-04:00,356.012538,stop,47,356.155,360.76906,1.5380200000000173,16,-78.98265399999923,0.47000000000000003,0.13386071428799998,-79.58651471428723,-1.1009805466144553,1.465414865337618,2.109999999999957,68465.21296841171,68385.62645369742
META,2023-10-09 00:00:00-04:00,long,2023-10-09 09:49:00-04:00,314.595788,2023-10-09 10:48:00-04:00,313.57452,time,54,311.6,320.58736400000004,2.9957880000000046,60,-55.14847200000111,0.54,0.13546419263999998,-55.823936192641106,-0.3450766863876946,1.3834554202925429,4.979999999999961,68385.62645369742,68329.80251750478
AMZN,2023-10-09 00:00:00-04:00,long,2023-10-09 09:50:00-04:00,126.41054399999999,2023-10-09 10:04:00-04:00,125.45184918,stop,135,125.50205,128.22753199999997,0.9084939999999904,15,-129.42380069999876,1.35,0.1354879971144,-130.90928869711317,-1.0673691128322709,0.7316113322600375,1.484099999999998,68329.80251750478,68198.89322880766
NVDA,2023-10-09 00:00:00-04:00,short,2023-10-09 10:04:00-04:00,44.362248,2023-10-09 10:22:00-04:00,44.69286999999999,stop,384,44.675,43.73674400000001,0.31275199999999614,19,-126.95884799999658,3.84,0.13628082585600002,-130.9351288258526,-1.090246898449875,1.1980792117718302,0.5899999999999963,68198.89322880766,68067.95809998181
SPY,2023-10-10 00:00:00-04:00,long,2023-10-10 09:52:00-04:00,419.097572,2023-10-10 10:14:00-04:00,420.1146029136001,target,40,418.505,420.28271600000005,0.5925720000000183,23,40.68123654400324,0.4,0.134436672932352,40.14679987107089,1.693751977441967,0.8478172166740069,0.7100000000000364,68067.95809998181,68108.10489985289
AMZN,2023-10-10 00:00:00-04:00,long,2023-10-10 09:52:00-04:00,129.561804,2023-10-10 10:51:00-04:00,129.6981,time,131,128.76,131.165412,0.8018040000000042,60,17.85477600000206,1.31,0.1359236088,16.408852391202064,0.1562207412285485,0.6979997810428329,1.4199999999999875,68108.10489985289,68124.5137522441
QQQ,2023-10-10 00:00:00-04:00,long,2023-10-10 09:59:00-04:00,361.954724,2023-10-10 10:33:00-04:00,363.3787623312,target,47,361.17,363.52417199999996,0.7847239999999829,35,66.92980156639976,0.47000000000000003,0.1366304146365312,66.32317115176323,1.7982517434172731,0.7527601059909157,1.1000000000000227,68124.5137522441,68190.83692339585
NVDA,2023-10-10 00:00:00-04:00,long,2023-10-10 09:59:00-04:00,45.458175999999995,2023-10-10 10:58:00-04:00,45.701712,time,375,45.215,45.94452799999998,0.24317599999999118,60,91.32600000000224,3.75,0.137105136,87.43889486400224,0.9588544358983387,0.8151591821964825,0.4299999999999997,68190.83692339585,68278.27581825985
META,2023-10-10 00:00:00-04:00,long,2023-10-10 10:33:00-04:00,318.187224,2023-10-10 11:32:00-04:00,320.22186000000005,time,53,316.66999999999996,321.2216720000001,1.5172240000000556,60,107.83570800000183,0.53,0.13577406864,107.16993393136183,1.3327460052833071,0.9122584406718562,2.5600000000000023,68278.27581825985,68385.44575219121
SPY,2023-10-11 00:00:00-04:00,short,2023-10-11 09:52:00-04:00,420.861588,2023-10-11 10:51:00-04:00,420.9183,time,40,421.555,419.47476399999994,0.6934120000000235,60,-2.2684800000001815,0.4,0.13467570815999996,-2.8031557081601814,-0.10106385915444521,0.872598555084119,0.7899999999999636,68385.44575219121,68382.64259648306
QQQ,2023-10-11 00:00:00-04:00,short,2023-10-11 09:52:00-04:00,363.914376,2023-10-11 10:51:00-04:00,364.72583199999997,time,46,364.815,362.113128,0.9006239999999934,60,-37.32697599999835,0.46,0.133920490368,-37.92089649036635,-0.9153290551972524,0.9123692812685664,1.509999999999991,68382.64259648306,68344.72169999269
META,2023-10-11 00:00:00-04:00,long,2023-10-11 09:53:00-04:00,324.619796,2023-10-11 10:52:00-04:00,324.150288,time,52,322.195,329.46938800000004,2.424796000000015,60,-24.414416000000983,0.52,0.13484651980799997,-25.069262519808984,-0.19882134509625385,1.3496879664463957,4.389999999999986,68344.72169999269,68319.65243747288
NVDA,2023-10-11 00:00:00-04:00,long,2023-10-11 10:52:00-04:00,46.558615999999994,2023-10-11 11:41:00-04:00,46.226502,stop,366,46.245000000000005,47.18584799999997,0.313615999999989,50,-121.55372399999635,3.66,0.135351197856,-125.34907519785234,-1.092048275649208,0.9576740543471005,0.44999999999999574,68319.65243747288,68194.30336227502
SPY,2023-10-12 00:00:00-04:00,short,2023-10-12 09:49:00-04:00,421.151472,2023-10-12 10:27:00-04:00,422.06875999999994,stop,40,421.9,419.6544160000001,0.7485279999999648,39,-36.691519999997126,0.4,0.13476847104,-37.22628847103712,-1.2433164982151261,0.7466460519384384,1.1400000000000432,68194.30336227502,68157.07707380399
NVDA,2023-10-12 00:00:00-04:00,long,2023-10-12 10:00:00-04:00,47.108836000000004,2023-10-12 10:59:00-04:00,47.171124,time,361,46.81,47.70650800000001,0.29883600000000143,60,22.48596799999828,3.61,0.13623020611199999,18.73973779388628,0.17370942927891886,0.9568974059691053,0.4799999999999969,68157.07707380399,68175.81681159788
QQQ,2023-10-12 00:00:00-04:00,long,2023-10-12 10:07:00-04:00,366.756644,2023-10-12 11:06:00-04:00,366.42337200000003,time,46,365.85,368.56993199999994,0.9066439999999716,60,-15.330511999998407,0.46,0.13484380089599998,-15.925355800894408,-0.381851517217316,0.7468520812938072,1.1999999999999886,68175.81681159788,68159.89145579698
META,2023-10-12 00:00:00-04:00,long,2023-10-12 10:09:00-04:00,326.58058,2023-10-12 10:30:00-04:00,324.68007600000004,stop,52,324.81,330.12174,1.7705799999999954,22,-98.82620799999768,0.52,0.135066911616,-99.48127491161367,-1.080494211279897,0.7788064479977641,1.6599999999999682,68159.89145579698,68060.41018088537
AMZN,2023-10-12 00:00:00-04:00,long,2023-10-12 10:11:00-04:00,133.373328,2023-10-12 11:10:00-04:00,133.936404,time,127,132.275,135.56998399999995,1.0983279999999809,60,71.510652000003,1.27,0.136079386464,70.104572613539,0.5025862117400569,0.9521316640787745,1.75,68060.41018088537,68130.51475349891
AMZN,2023-10-13 00:00:00-04:00,short,2023-10-13 09:46:00-04:00,131.43750396000002,2023-10-13 09:55:00-04:00,132.48037096,stop,129,132.4274,129.45771188000003,0.9898960399999908,10,-134.52984299999648,1.29,0.13564350408672002,-135.95548650408318,-1.0646759431744595,0.7553010988113756,1.7742000000000075,68130.51475349891,67994.55926699482
META,2023-10-13 00:00:00-04:00,short,2023-10-13 09:48:00-04:00,319.3722,2023-10-13 10:47:00-04:00,318.44732799999997,time,53,321.09000000000003,315.9366,1.717800000000011,60,49.01821600000267,0.53,0.1354138128,48.35280218720266,0.5310961825591131,0.765431140233806,2.2600000000000477,67994.55926699482,68042.91206918203
SPY,2023-10-13 00:00:00-04:00,short,2023-10-13 10:07:00-04:00,420.461748,2023-10-13 10:51:00-04:00,418.9627620976001,target,40,421.29499999999996,418.7952440000001,0.833251999999959,45,59.95943609599635,0.4,0.13454775936,59.42488833663636,1.7829206631559025,0.9930494038320934,1.2900000000000205,68042.91206918203,68102.33695751867
QQQ,2023-10-13 00:00:00-04:00,short,2023-10-13 10:08:00-04:00,363.40458,2023-10-13 10:53:00-04:00,361.228173496,target,46,364.565,361.08374000000003,1.1604199999999878,46,100.11469918399996,0.46,0.13373288544,99.52096629855997,1.8644105301184244,0.6333433412057408,1.509999999999991,68102.33695751867,68201.85792381722
NVDA,2023-10-13 00:00:00-04:00,short,2023-10-13 10:53:00-04:00,46.411428,2023-10-13 11:52:00-04:00,45.948372,time,367,46.745000000000005,45.74428399999999,0.33357200000000375,60,169.94155200000063,3.67,0.13626395260799998,166.13528804739263,1.3570824546904316,0.7257899094001442,0.5700000000000003,68201.85792381722,68367.99321186461
AMZN,2023-10-16 00:00:00-04:00,long,2023-10-16 09:48:00-04:00,131.70266,2023-10-16 10:47:00-04:00,131.77227,time,129,131.0275,133.05298000000002,0.6751600000000053,60,8.979689999997817,1.29,0.13598898264,7.553701017357817,0.0867288077492485,0.7410131869820099,1.204999999999984,68367.99321186461,68375.54691288197
META,2023-10-16 00:00:00-04:00,short,2023-10-16 09:58:00-04:00,312.884796,2023-10-16 10:06:00-04:00,314.90591199999994,stop,54,314.78,309.09438800000004,1.8952039999999784,9,-109.14026399999727,0.54,0.135166231872,-109.81543023186929,-1.0730343954360444,0.8732556678727135,2.8000000000000114,68375.54691288197,68265.7314826501
SPY,2023-10-16 00:00:00-04:00,long,2023-10-16 10:13:00-04:00,420.638188,2023-10-16 11:00:00-04:00,422.2755861744,target,40,419.735,422.444564,0.9031880000000001,48,65.49592697600019,0.4,0.135128187575808,64.96079878842438,1.7980973725410538,1.1354716398330897,1.1499999999999773,68265.7314826501,68330.69228143852
QQQ,2023-10-16 00:00:00-04:00,long,2023-10-16 10:13:00-04:00,363.085176,2023-10-16 11:12:00-04:00,363.694464,time,47,361.78,365.695528,1.3051760000000172,60,28.636535999999637,0.47000000000000003,0.13674911846399998,28.02978688153564,0.4569333517379912,1.1530780361589514,2.160000000000025,68330.69228143852,68358.72206832006
NVDA,2023-10-16 00:00:00-04:00,long,2023-10-16 10:13:00-04:00,45.798311999999996,2023-10-16 11:12:00-04:00,45.83166000000001,time,373,45.3,46.79493599999999,0.49831199999999853,60,12.438804000004033,3.73,0.13676167344,8.572042326564032,0.04611838912169661,1.0091417540902816,0.9400000000000048,68358.72206832006,68367.29411064662
QQQ,2023-10-17 00:00:00-04:00,short,2023-10-17 09:46:00-04:00,358.57651200000004,2023-10-17 10:07:00-04:00,359.78885799999995,stop,47,359.645,356.43953600000015,1.0684879999999453,22,-56.98026199999583,0.47000000000000003,0.134824768512,-57.58508676850783,-1.1466807414739089,1.2410782365778918,0.910000000000025,68367.29411064662,68309.70902387811
NVDA,2023-10-17 00:00:00-04:00,short,2023-10-17 09:46:00-04:00,43.102752,2023-10-17 10:23:00-04:00,43.69246999999999,stop,396,43.675,41.95825600000001,0.5722479999999948,38,-233.5283279999963,3.96,0.13654951833600001,-237.6248775183323,-1.0486062371838716,2.505676648013781,0.8500000000000014,68309.70902387811,68072.08414635978
AMZN,2023-10-17 00:00:00-04:00,short,2023-10-17 09:46:00-04:00,129.108336,2023-10-17 10:07:00-04:00,129.94205604,stop,131,129.89010000000002,127.54480799999999,0.7817640000000097,22,-109.21732524000038,1.31,0.135305536128,-110.66263077612838,-1.0805727901105608,1.2244756873418072,1.2598000000000127,68072.08414635978,67961.42151558364
SPY,2023-10-17 00:00:00-04:00,short,2023-10-17 09:53:00-04:00,418.162668,2023-10-17 10:07:00-04:00,419.002534,stop,40,418.83500000000004,416.8180039999999,0.6723320000000399,15,-33.594640000001164,0.4,0.13381205376,-34.128452053761166,-1.269032712029144,1.281857477171206,0.910000000000025,67961.42151558364,67927.29306352988
META,2023-10-17 00:00:00-04:00,long,2023-10-17 10:08:00-04:00,318.137204,2023-10-17 11:07:00-04:00,319.352208,time,53,316.125,322.161612,2.012203999999997,60,64.39521200000115,0.53,0.13540533619200001,63.72980666380915,0.5975781691796773,0.6972855823622255,3.169999999999959,67927.29306352988,67991.02287019369
NVDA,2023-10-18 00:00:00-04:00,short,2023-10-18 09:52:00-04:00,42.293076000000006,2023-10-18 10:23:00-04:00,42.802113999999996,stop,401,42.785,41.309228000000026,0.49192399999999026,32,-204.12423799999584,4.01,0.135676187808,-208.26991418780383,-1.055806068839902,1.7876452205219884,0.7100000000000009,67991.02287019369,67782.75295600588
SPY,2023-10-18 00:00:00-04:00,short,2023-10-18 10:02:00-04:00,418.88238,2023-10-18 10:06:00-04:00,419.93290599999995,stop,40,419.765,417.11714000000006,0.8826199999999744,5,-42.021039999997356,0.4,0.1340423616,-42.55508236159736,-1.205362510525441,0.790265930787663,1.1100000000000136,67782.75295600588,67740.19787364428
AMZN,2023-10-18 00:00:00-04:00,long,2023-10-18 10:06:00-04:00,130.34211599999998,2023-10-18 10:30:00-04:00,129.67810800000004,stop,129,129.73000000000002,131.5663479999999,0.6121159999999577,25,-85.65703199999209,1.29,0.13382780745600004,-87.08085980744809,-1.102806371445911,0.8150982087312069,1.0999999999999943,67740.19787364428,67653.11701383683
QQQ,2023-10-18 00:00:00-04:00,long,2023-10-18 10:20:00-04:00,361.714628,2023-10-18 10:29:00-04:00,360.525732,stop,46,360.67,363.803884,1.0446279999999888,10,-54.68921599999999,0.46,0.132673469376,-55.28188946937599,-1.1504384391917628,0.8518091555577779,1.759999999999991,67653.11701383683,67597.83512436746
META,2023-10-18 00:00:00-04:00,short,2023-10-18 10:34:00-04:00,318.282636,2023-10-18 11:33:00-04:00,317.136804,time,53,320.845,313.157908,2.5623640000000023,60,60.72909600000219,0.53,0.134951837664,60.06414416233819,0.4422813226036739,0.7035060799462859,4.510000000000048,67597.83512436746,67657.8992685298
SPY,2023-10-19 00:00:00-04:00,short,2023-10-19 09:49:00-04:00,415.76362800000004,2023-10-19 09:53:00-04:00,416.67160199999995,stop,40,416.505,414.2808840000001,0.7413719999999557,5,-36.31895999999642,0.4,0.13304436096000002,-36.85200436095642,-1.2426961215475707,0.7490807425111423,1.0900000000000318,67657.8992685298,67621.04726416884
NVDA,2023-10-19 00:00:00-04:00,long,2023-10-19 09:54:00-04:00,42.907156,2023-10-19 10:53:00-04:00,42.672924,time,393,42.474999999999994,43.77146800000001,0.4321560000000062,60,-92.05317599999947,3.93,0.134163673056,-96.11733967305547,-0.5659377247845573,1.0582655686158506,0.6300000000000026,67621.04726416884,67524.92992449578
QQQ,2023-10-19 00:00:00-04:00,short,2023-10-19 10:30:00-04:00,356.937168,2023-10-19 11:29:00-04:00,357.462928,time,47,358.53999999999996,353.73150400000003,1.602831999999978,60,-24.710719999999583,0.47000000000000003,0.134208375168,-25.314928375167582,-0.33603989522545,0.8564935121417652,2.099999999999966,67524.92992449578,67499.61499612061
SPY,2023-10-20 00:00:00-04:00,short,2023-10-20 09:54:00-04:00,410.855592,2023-10-20 10:43:00-04:00,409.0803427103999,target,41,411.82500000000005,408.9167759999999,0.969408000000044,50,72.78522087360341,0.41000000000000003,0.13476063417599998,72.2404602394274,1.8175654057569188,1.3119466632106405,1.0699999999999932,67499.61499612061,67571.85545636003
META,2023-10-20 00:00:00-04:00,short,2023-10-20 10:09:00-04:00,309.106308,2023-10-20 10:55:00-04:00,305.5510955696,target,54,310.945,305.42892400000005,1.8386919999999805,47,191.98147124159948,0.54,0.133533925056,191.30793731654347,1.9267716289275354,1.1403948596306128,3.230000000000018,67571.85545636003,67763.16339367657
AMZN,2023-10-20 00:00:00-04:00,short,2023-10-20 10:09:00-04:00,125.73968400000001,2023-10-20 11:08:00-04:00,125.530192,time,134,127.10999999999999,122.99905200000006,1.370315999999974,60,28.07192800000155,1.34,0.134792941248,26.597135058753548,0.1448469422585851,1.5713547199355047,2.1199999999999903,67763.16339367657,67789.76052873532
QQQ,2023-10-20 00:00:00-04:00,short,2023-10-20 10:12:00-04:00,351.95916000000005,2023-10-20 11:11:00-04:00,350.14,time,48,353.47,348.9374800000001,1.5108399999999733,60,87.31968000000325,0.48,0.13515231744,86.70452768256324,1.195589424902769,1.3514478424275624,1.8000000000000114,67789.76052873532,67876.46505641789
NVDA,2023-10-20 00:00:00-04:00,short,2023-10-20 10:32:00-04:00,41.623344,2023-10-20 11:31:00-04:00,41.286508,time,407,42.025,40.82003200000001,0.40165599999999557,60,137.09225200000213,4.07,0.135525608064,132.88672639193814,0.8128921595793636,1.113650316353888,0.6700000000000017,67876.46505641789,68009.35178280983
NVDA,2023-10-23 00:00:00-04:00,long,2023-10-23 09:49:00-04:00,41.436568,2023-10-23 10:19:00-04:00,42.07286811840001,target,410,41.11,42.089704000000005,0.32656800000000175,31,260.88304854400343,4.1,0.13799900742835203,256.6450495365751,1.9167938544347816,0.7795858830988903,0.480000000000004,68009.35178280983,68265.9968323464
SPY,2023-10-23 00:00:00-04:00,long,2023-10-23 09:54:00-04:00,406.24243199999995,2023-10-23 10:53:00-04:00,407.067108,time,42,404.98,408.7672959999998,1.262431999999933,60,34.63639200000284,0.42,0.136774548288,34.07961745171484,0.6427431046869144,1.348783939273925,2.1399999999999864,68265.9968323464,68300.07644979811
QQQ,2023-10-23 00:00:00-04:00,long,2023-10-23 09:56:00-04:00,348.47933599999993,2023-10-23 10:55:00-04:00,349.39018799999997,time,48,346.96,351.51800799999984,1.519335999999953,60,43.72089600000163,0.48,0.13416583219199998,43.10673016780964,0.5910851046088962,1.2450914925761625,2.740000000000009,68300.07644979811,68343.18317996593
META,2023-10-23 00:00:00-04:00,long,2023-10-23 10:00:00-04:00,308.26325599999996,2023-10-23 10:59:00-04:00,309.1263,time,55,306.27,312.2497679999999,1.993255999999974,60,47.467420000003244,0.55,0.136015572,46.78140442800325,0.4267244095088991,0.847276579683871,3.3600000000000136,68343.18317996593,68389.96458439394
AMZN,2023-10-23 00:00:00-04:00,long,2023-10-23 10:05:00-04:00,125.310104,2023-10-23 11:04:00-04:00,125.73968400000001,time,136,124.575,126.78031199999998,0.7351039999999927,60,58.422880000002124,1.36,0.13680477619200002,56.92607522381012,0.569407978364993,0.8899039733534565,1.1899999999999977,68389.96458439394,68446.89065961774
META,2023-10-24 00:00:00-04:00,short,2023-10-24 09:48:00-04:00,312.08511599999997,2023-10-24 09:58:00-04:00,313.695428,stop,54,313.57,309.1153479999999,1.4848840000000223,11,-86.95684800000117,0.54,0.134820770112,-87.63166877011318,-1.092885828743523,0.898383969804421,2.519999999999982,68446.89065961774,68359.25899084762
AMZN,2023-10-24 00:00:00-04:00,long,2023-10-24 09:57:00-04:00,128.231272,2023-10-24 10:56:00-04:00,128.21129496,time,133,127.49045000000001,129.71291599999995,0.7408219999999801,60,-2.656946319998184,1.33,0.13641681783744,-4.123363137835624,-0.04184909513981386,0.8966887746506167,1.1791000000000196,68359.25899084762,68355.13562770978
SPY,2023-10-24 00:00:00-04:00,long,2023-10-24 10:25:00-04:00,410.143992,2023-10-24 11:21:00-04:00,409.01133000000004,stop,41,409.175,412.08197600000005,0.9689920000000143,57,-46.439141999999265,0.41000000000000003,0.13415571624,-46.983297716239264,-1.1826042842871407,1.0319479219727328,1.25,68355.13562770978,68308.15232999354
QQQ,2023-10-24 00:00:00-04:00,long,2023-10-24 10:30:00-04:00,353.681416,2023-10-24 11:21:00-04:00,352.28403,stop,48,352.42499999999995,356.19424800000013,1.2564160000000584,52,-67.07452800000192,0.48,0.13527706752,-67.68980506752192,-1.1224023510047423,1.083636915323495,1.7900000000000205,68308.15232999354,68240.46252492601
SPY,2023-10-25 00:00:00-04:00,short,2023-10-25 09:46:00-04:00,405.64767600000005,2023-10-25 10:45:00-04:00,406.542552,time,42,407.03499999999997,402.8730280000002,1.3873239999999214,60,-37.58479199999806,0.42,0.13629761913600003,-38.141089619134064,-0.6545847843820227,1.179106186929022,1.7099999999999795,68240.46252492601,68202.32143530688
QQQ,2023-10-25 00:00:00-04:00,short,2023-10-25 09:46:00-04:00,348.000744,2023-10-25 10:45:00-04:00,349.09958399999994,time,48,349.81,344.382232,1.8092560000000049,60,-52.74431999999706,0.48,0.133632285696,-53.35795228569306,-0.6144094622054236,1.4832548200858504,2.8999999999999773,68202.32143530688,68148.96348302119
NVDA,2023-10-25 00:00:00-04:00,short,2023-10-25 09:46:00-04:00,42.922824,2023-10-25 10:13:00-04:00,43.312318,stop,396,43.295,42.17847199999999,0.37217600000000317,28,-154.23962399999965,3.96,0.135979506432,-158.33560350643165,-1.0743233915996617,0.6113996525698553,0.5499999999999972,68148.96348302119,67990.62787951475
AMZN,2023-10-25 00:00:00-04:00,short,2023-10-25 10:01:00-04:00,124.270272,2023-10-25 11:00:00-04:00,123.67945199999998,time,136,125.34,122.13081600000001,1.0697279999999978,60,80.351520000003,1.36,0.13520605593600002,78.85631394406701,0.5420310937210425,1.3851901245798695,2.0,67990.62787951475,68069.48419345882
AMZN,2023-10-26 00:00:00-04:00,short,2023-10-26 09:48:00-04:00,119.882028,2023-10-26 10:47:00-04:00,120.4776718,time,141,120.81965,118.00678400000002,0.9376219999999904,60,-83.98577579999868,1.41,0.135226927584,-85.53100272758267,-0.6469588557265048,1.4746831962664384,1.6393000000000058,68069.48419345882,67983.95319073123
QQQ,2023-10-26 00:00:00-04:00,short,2023-10-26 09:49:00-04:00,342.11310000000003,2023-10-26 10:48:00-04:00,342.256848,time,49,343.485,339.36930000000007,1.3718999999999824,60,-7.043651999998019,0.49,0.13410833519999998,-7.667760335198019,-0.1140643667905544,1.4115409956108496,2.1499999999999773,67983.95319073123,67976.28543039603
NVDA,2023-10-26 00:00:00-04:00,short,2023-10-26 09:49:00-04:00,41.263488,2023-10-26 10:48:00-04:00,41.086428,time,411,41.765,40.260464000000006,0.5015119999999982,60,72.77166000000182,4.11,0.135674348544,68.52598565145782,0.33245444195952445,0.9797303430559413,0.8299999999999983,67976.28543039603,68044.8114160475
SPY,2023-10-26 00:00:00-04:00,short,2023-10-26 09:51:00-04:00,401.74923600000005,2023-10-26 10:50:00-04:00,402.80105599999996,time,42,402.76,399.7277080000002,1.0107639999999378,60,-44.17643999999609,0.42,0.13498774329600002,-44.731427743292095,-1.0536920526334264,1.3106773468908282,1.3799999999999955,68044.8114160475,68000.0799883042
META,2023-10-26 00:00:00-04:00,short,2023-10-26 09:51:00-04:00,279.28824,2023-10-26 10:45:00-04:00,286.769662,stop,46,286.655,264.55472,7.366759999999999,55,-344.1454120000004,0.46,0.10277807231999998,-344.7081900723204,-1.0172255246431279,5.765348293323791,11.550000000000011,68000.0799883042,67655.37179823189
AMZN,2023-10-27 00:00:00-04:00,long,2023-10-27 09:46:00-04:00,128.66144400000002,2023-10-27 10:45:00-04:00,128.4486,time,131,127.005,131.97433200000006,1.6564440000000218,60,-27.88256400000239,1.31,0.13461413279999998,-29.327178132802388,-0.1351519211032883,4.141007580958695,2.970000000000013,67655.37179823189,67626.04462009908
SPY,2023-10-27 00:00:00-04:00,short,2023-10-27 09:50:00-04:00,398.960352,2023-10-27 10:05:00-04:00,400.154998,stop,42,399.995,396.891056,1.0346480000000042,16,-50.17513199999905,0.42,0.13405067827199998,-50.72918267827105,-1.1673899556331935,0.9802498994363704,1.3899999999999864,67626.04462009908,67575.31543742081
QQQ,2023-10-27 00:00:00-04:00,short,2023-10-27 09:50:00-04:00,340.60370400000005,2023-10-27 09:56:00-04:00,341.571574,stop,49,341.435,338.94111200000015,0.8312959999999521,7,-47.425629999997454,0.49,0.13351665196800003,-48.04914665196546,-1.1795976759565843,1.1548453511141428,1.1100000000000136,67575.31543742081,67527.26629076885
NVDA,2023-10-27 00:00:00-04:00,short,2023-10-27 10:02:00-04:00,40.423823999999996,2023-10-27 10:14:00-04:00,40.836328,stop,417,40.82,39.63147199999999,0.3961760000000041,13,-172.01416800000231,4.17,0.134853876864,-176.31902187686632,-1.0672715929082055,0.908935897372948,0.6200000000000045,67527.26629076885,67350.94726889198
META,2023-10-27 00:00:00-04:00,short,2023-10-27 10:45:00-04:00,291.213468,2023-10-27 11:10:00-04:00,294.28266599999995,stop,57,294.16499999999996,285.310404,2.951531999999986,26,-174.94428599999839,0.5700000000000001,0.13279334140799998,-175.64707934140637,-1.0440434688643003,1.84037839570972,5.069999999999993,67350.94726889198,67175.30018955057
SPY,2023-10-30 00:00:00-04:00,long,2023-10-30 09:46:00-04:00,401.330468,2023-10-30 10:04:00-04:00,400.284822,stop,41,400.445,403.101404,0.885468000000003,19,-42.87148599999904,0.41000000000000003,0.131293421616,-43.412779421615035,-1.1958063742291904,0.9961913138148673,1.330000000000041,67175.30018955057,67131.88741012895
QQQ,2023-10-30 00:00:00-04:00,long,2023-10-30 09:46:00-04:00,344.457728,2023-10-30 10:17:00-04:00,342.72785400000004,stop,48,342.865,347.6431839999999,1.5927279999999655,32,-83.03395199999704,0.48,0.13160749593600002,-83.64555949593304,-1.0941076083499355,0.9310030297191483,2.430000000000007,67131.88741012895,67048.24185063303
NVDA,2023-10-30 00:00:00-04:00,long,2023-10-30 09:46:00-04:00,41.296512,2023-10-30 10:20:00-04:00,41.018586,stop,405,41.035,41.81953600000001,0.2615120000000033,35,-112.56003000000032,4.05,0.13290021864,-116.74293021864032,-1.1022597383217487,0.7318434973712602,0.44999999999999574,67048.24185063303,66931.4989204144
META,2023-10-30 00:00:00-04:00,long,2023-10-30 09:48:00-04:00,303.411316,2023-10-30 10:44:00-04:00,299.75505000000004,stop,55,299.875,310.483948,3.5363159999999993,57,-201.09462999999778,0.55,0.131892222,-201.7765222219978,-1.0374253998794114,1.3155846072058268,6.850000000000023,66931.4989204144,66729.72239819239
AMZN,2023-10-30 00:00:00-04:00,long,2023-10-30 09:48:00-04:00,131.812704,2023-10-30 10:45:00-04:00,130.05295800000002,stop,126,130.10500000000002,135.22811199999995,1.7077039999999784,58,-221.7279959999973,1.26,0.131093381664,-223.11908938166127,-1.0369399050795693,1.5857841256523202,3.0900000000000034,66729.72239819239,66506.60330881072
SPY,2023-10-31 00:00:00-04:00,short,2023-10-31 09:52:00-04:00,400.599696,2023-10-31 10:10:00-04:00,401.86067999999995,stop,41,401.7,398.399088,1.1003039999999942,19,-51.70034399999798,0.41000000000000003,0.131396700288,-52.24174070028598,-1.1580334140091806,0.8118892585849765,1.6599999999999682,66506.60330881072,66454.36156811044
QQQ,2023-10-31 00:00:00-04:00,short,2023-10-31 09:53:00-04:00,341.15348400000005,2023-10-31 10:10:00-04:00,342.84208199999995,stop,48,342.705,338.0504520000002,1.5515159999999355,18,-81.05270399999517,0.48,0.131002937856,-81.66370693785117,-1.0965579651592186,0.9497951088515738,2.490000000000009,66454.36156811044,66372.6978611726
AMZN,2023-10-31 00:00:00-04:00,long,2023-10-31 10:11:00-04:00,133.383332,2023-10-31 10:35:00-04:00,132.51702197999998,stop,124,132.57004999999998,135.00989600000003,0.8132820000000152,25,-107.42244248000179,1.24,0.13145688580415996,-108.79389936580594,-1.078801886892662,0.8367752559240345,1.4799000000000149,66372.6978611726,66263.90396180679
META,2023-11-01 00:00:00-04:00,long,2023-11-01 09:46:00-04:00,301.480544,2023-11-01 09:52:00-04:00,300.169884,stop,54,300.29,303.861632,1.1905439999999885,7,-70.77563999999916,0.54,0.129673389888,-71.44531338988716,-1.1113082415030417,0.44802878896185755,2.1399999999999864,66263.90396180679,66192.4586484169
SPY,2023-11-01 00:00:00-04:00,long,2023-11-01 09:47:00-04:00,405.6922119999999,2023-11-01 10:22:00-04:00,406.7538693455997,target,40,405.08000000000004,406.9166359999997,0.6122119999998858,36,42.46629382399078,0.4,0.1301612381905919,41.936132585800195,1.71248409806603,0.808622117542602,0.6999999999999886,66192.4586484169,66234.3947810027
QQQ,2023-11-01 00:00:00-04:00,long,2023-11-01 09:47:00-04:00,347.568972,2023-11-01 10:05:00-04:00,346.57631399999997,stop,47,346.715,349.27691599999997,0.8539719999999988,19,-46.65492600000027,0.47000000000000003,0.13031269406399998,-47.255238694064275,-1.177357817951885,0.7533421645243831,1.25,66234.3947810027,66187.13954230864
AMZN,2023-11-01 00:00:00-04:00,long,2023-11-01 09:47:00-04:00,135.614224,2023-11-01 10:06:00-04:00,134.24628,stop,122,134.3,138.242672,1.3142239999999958,20,-166.8891679999993,1.22,0.13102436928,-168.2401923692793,-1.0493020750191737,0.8442897119679168,1.1799999999999784,66187.13954230864,66018.89934993935
NVDA,2023-11-01 00:00:00-04:00,long,2023-11-01 10:30:00-04:00,41.536608,2023-11-01 11:29:00-04:00,41.713308,time,397,41.144999999999996,42.31982400000001,0.39160800000000506,60,70.14989999999871,3.97,0.132481466208,66.0474185337907,0.42482863867948195,0.7889406560772364,0.7100000000000009,66018.89934993935,66084.94676847315
META,2023-11-02 00:00:00-04:00,short,2023-11-02 09:46:00-04:00,310.55572800000004,2023-11-02 10:45:00-04:00,308.853492,time,53,313.65999999999997,304.3471840000002,3.1042719999999235,60,90.21850800000146,0.53,0.13167562867200003,89.55683237132946,0.5443310232402538,0.8928287708854887,4.760000000000048,66084.94676847315,66174.50360084447
AMZN,2023-11-02 00:00:00-04:00,short,2023-11-02 09:47:00-04:00,137.80485600000003,2023-11-02 10:11:00-04:00,136.73924182720006,target,120,138.365,136.68456800000007,0.5601439999999798,25,127.87370073599618,1.2,0.13229266176,126.54140807423617,1.8825725776800362,0.9076862443673288,0.8900000000000148,66174.50360084447,66301.0450089187
QQQ,2023-11-02 00:00:00-04:00,short,2023-11-02 10:08:00-04:00,354.927972,2023-11-02 10:28:00-04:00,356.17741399999994,stop,46,356.03499999999997,352.7139160000001,1.107027999999957,21,-57.47433199999682,0.46,0.130613493696,-58.064945493692825,-1.14024344802117,1.1931770008243814,1.150000000000034,66301.0450089187,66242.98006342501
NVDA,2023-11-02 00:00:00-04:00,short,2023-11-02 10:11:00-04:00,42.852852,2023-11-02 10:27:00-04:00,43.232286,stop,386,43.215,42.12855599999999,0.3621480000000048,17,-146.4615240000013,3.86,0.132329606976,-150.4538536069773,-1.0762915239515287,1.098721372586395,0.5899999999999963,66242.98006342501,66092.52620981804
SPY,2023-11-02 00:00:00-04:00,long,2023-11-02 10:29:00-04:00,414.21562,2023-11-02 11:28:00-04:00,414.3342,time,39,413.09000000000003,416.46685999999994,1.1256199999999694,60,4.624620000000334,0.39,0.1292722704,4.105347729600334,0.0935176404115167,1.4935678938203565,1.420000000000016,66092.52620981804,66096.63155754763
SPY,2023-11-03 00:00:00-04:00,long,2023-11-03 09:46:00-04:00,419.96792,2023-11-03 10:26:00-04:00,419.0323200000001,stop,39,419.20000000000005,421.5037599999999,0.7679199999999469,41,-36.48839999999643,0.39,0.13073808384000002,-37.00913808383643,-1.235743643296143,1.0650440732774542,1.1800000000000068,66096.63155754763,66059.62241946379
QQQ,2023-11-03 00:00:00-04:00,long,2023-11-03 09:46:00-04:00,360.484136,2023-11-03 10:26:00-04:00,359.276232,stop,45,359.41999999999996,362.612408,1.064136000000019,41,-54.355679999999325,0.45,0.12933944351999999,-54.93501944351933,-1.1472013068404445,0.9012497842129605,1.2800000000000296,66059.62241946379,66004.68740002027
META,2023-11-03 00:00:00-04:00,long,2023-11-03 09:46:00-04:00,312.004752,2023-11-03 10:05:00-04:00,310.34081399999997,stop,52,310.465,315.08425600000004,1.5397520000000213,20,-86.52477600000157,0.52,0.129101778624,-87.17387777862557,-1.088760220160134,0.6646835861936603,2.3700000000000045,66004.68740002027,65917.51352224164
NVDA,2023-11-03 00:00:00-04:00,long,2023-11-03 09:57:00-04:00,44.247691999999994,2023-11-03 10:12:00-04:00,43.90743,stop,372,43.925,44.893075999999986,0.3226919999999964,16,-126.57746399999837,3.72,0.13066851168,-130.42813251167837,-1.086526035476552,0.8709268135866338,0.5700000000000003,65917.51352224164,65787.08538972997
AMZN,2023-11-03 00:00:00-04:00,short,2023-11-03 10:05:00-04:00,138.20469599999998,2023-11-03 11:04:00-04:00,138.235272,time,119,138.94,136.73408799999996,0.7353040000000135,60,-3.638544000002952,1.19,0.13157087059199998,-4.960114870594952,-0.05668626522910801,0.6416736366381885,1.1000000000000227,65787.08538972997,65782.12527485937
AMZN,2023-11-06 00:00:00-05:00,long,2023-11-06 09:46:00-05:00,140.59121399999998,2023-11-06 10:45:00-05:00,140.333844,time,116,139.33,143.1136419999999,1.261213999999967,60,-29.85491999999772,1.16,0.13022980723199998,-31.145149807229718,-0.2128843088896788,0.8044951271407242,1.9399999999999977,65782.12527485937,65750.98012505214
SPY,2023-11-06 00:00:00-05:00,short,2023-11-06 09:49:00-05:00,420.43176000000005,2023-11-06 10:39:00-05:00,421.32346199999995,stop,39,421.155,418.9852800000002,0.7232399999999188,51,-34.77637799999593,0.39,0.13117470912,-35.297552709115934,-1.2514040347325885,0.8964600834551133,0.9899999999999523,65750.98012505214,65715.68257234302
QQQ,2023-11-06 00:00:00-05:00,short,2023-11-06 09:53:00-05:00,362.48494800000003,2023-11-06 10:39:00-05:00,363.460326,stop,45,363.315,360.8248440000001,0.8300519999999665,47,-43.892009999999004,0.45,0.13049458128,-44.472504581279004,-1.1906216472992268,0.805874673852656,1.2899999999999636,65715.68257234302,65671.21006776174
META,2023-11-06 00:00:00-05:00,long,2023-11-06 10:21:00-05:00,314.665816,2023-11-06 11:20:00-05:00,314.214264,time,52,313.19,317.617448,1.475816000000009,60,-23.480703999999605,0.52,0.130713133824,-24.131417133823604,-0.3144468647256769,0.5565263935876,2.1200000000000045,65671.21006776174,65647.07865062791
NVDA,2023-11-07 00:00:00-05:00,short,2023-11-07 09:46:00-05:00,45.121944,2023-11-07 10:20:00-05:00,45.658256,stop,363,45.64,44.085831999999996,0.5180560000000014,35,-194.68125600000084,3.63,0.13103412537599998,-198.44229012537684,-1.0552391547477509,0.6848100322351924,0.5,65647.07865062791,65448.63636050253
QQQ,2023-11-07 00:00:00-05:00,long,2023-11-07 09:56:00-05:00,364.955924,2023-11-07 10:50:00-05:00,366.75101289119993,target,44,363.985,366.8977719999999,0.9709239999999681,55,78.98391121279792,0.44,0.12909635653770238,78.41481485626022,1.8355245962576696,0.8782128111443009,1.490000000000009,65448.63636050253,65527.05117535879
META,2023-11-07 00:00:00-05:00,long,2023-11-07 09:57:00-05:00,315.33608399999997,2023-11-07 10:56:00-05:00,317.57292,time,51,313.71000000000004,318.58825199999984,1.6260839999999348,60,114.078636000002,0.51,0.12956975136,113.439066248642,1.3678846951572787,0.4837664737572124,2.660000000000025,65527.05117535879,65640.49024160743
AMZN,2023-11-07 00:00:00-05:00,long,2023-11-07 10:00:00-05:00,142.30689999999998,2023-11-07 10:59:00-05:00,142.677906,time,115,141.35,144.22069999999997,0.9568999999999903,60,42.6656900000026,1.1500000000000001,0.13126367352,41.3844263264826,0.37607333760270273,1.0321639093559507,1.6999999999999886,65640.49024160743,65681.87466793391
SPY,2023-11-07 00:00:00-05:00,long,2023-11-07 10:01:00-05:00,421.648592,2023-11-07 11:00:00-05:00,422.340996,time,38,420.65,423.64577600000007,0.9985920000000306,60,26.311352000000397,0.38,0.128391662784,25.802960337216398,0.6799826876562096,0.8692412058407554,1.1800000000000068,65681.87466793391,65707.67762827112
SPY,2023-11-08 00:00:00-05:00,long,2023-11-08 09:52:00-05:00,423.62938399999996,2023-11-08 09:58:00-05:00,422.935758,stop,38,423.105,424.67815199999984,0.5243839999999409,7,-26.35778799999764,0.38,0.12857247043199999,-26.86636047042964,-1.3482667016232714,0.7967014244940964,0.5099999999999909,65707.67762827112,65680.81126780069
NVDA,2023-11-08 00:00:00-05:00,long,2023-11-08 09:52:00-05:00,46.368539999999996,2023-11-08 10:20:00-05:00,46.071564,stop,354,46.09,46.92561999999998,0.27853999999999246,29,-105.12950399999777,3.54,0.130474669248,-108.79997866924577,-1.1034126966037268,0.704027091568473,0.4199999999999946,65680.81126780069,65572.01128913143
META,2023-11-08 00:00:00-05:00,short,2023-11-08 09:57:00-05:00,314.854008,2023-11-08 10:22:00-05:00,312.50697680959996,target,52,316.09000000000003,312.382024,1.2359920000000102,26,122.0456219008031,0.52,0.130979267328,121.3946426334751,1.8887762690503178,0.5193499677661262,2.099999999999966,65572.01128913143,65693.40593176491
QQQ,2023-11-08 00:00:00-05:00,short,2023-11-08 10:02:00-05:00,366.70326000000006,2023-11-08 11:01:00-05:00,366.35648399999997,time,44,367.375,365.35978000000017,0.6717399999999429,60,15.258144000003995,0.44,0.12907954752,14.689064452483995,0.4969815314260267,0.7947264287420239,0.9700000000000273,65693.40593176491,65708.09499621739
AMZN,2023-11-08 00:00:00-05:00,short,2023-11-08 10:23:00-05:00,141.733284,2023-11-08 11:22:00-05:00,141.961762,time,115,142.48250000000002,140.23485199999996,0.7492160000000183,60,-26.274969999999485,1.1500000000000001,0.13039462127999998,-27.555364621279484,-0.31981680352794073,0.7789022233639689,1.2750000000000057,65708.09499621739,65680.53963159611
SPY,2023-11-09 00:00:00-05:00,short,2023-11-09 09:48:00-05:00,422.291016,2023-11-09 09:58:00-05:00,423.44931199999996,stop,38,423.28,420.3130480000001,0.9889839999999595,11,-44.01524799999811,0.38,0.128376468864,-44.52362446886211,-1.1847252616098929,0.7762320086596499,1.2199999999999704,65680.53963159611,65636.01600712725
AMZN,2023-11-09 00:00:00-05:00,long,2023-11-09 09:55:00-05:00,142.577008,2023-11-09 10:04:00-05:00,142.08814199999998,stop,115,142.14499999999998,143.44102400000006,0.4320080000000246,10,-56.21959000000345,1.1500000000000001,0.13072109063999998,-57.50031109064345,-1.1573922361067424,0.5348481299656268,0.6099999999999852,65636.01600712725,65578.51569603661
META,2023-11-09 00:00:00-05:00,long,2023-11-09 09:56:00-05:00,318.937524,2023-11-09 10:06:00-05:00,317.23805400000003,stop,51,317.365,322.08257199999997,1.5725239999999872,11,-86.67296999999809,0.51,0.129433126032,-87.31240312603009,-1.0887006522202374,0.4840778720542531,1.9099999999999682,65578.51569603661,65491.203292910584
QQQ,2023-11-09 00:00:00-05:00,long,2023-11-09 10:00:00-05:00,368.337276,2023-11-09 10:05:00-05:00,367.333008,stop,44,367.48,370.0518279999999,0.8572759999999562,6,-44.18779199999858,0.44,0.129301218816,-44.75709321881458,-1.1865567962523385,0.596119827222615,1.259999999999991,65491.203292910584,65446.44619969177
META,2023-11-10 00:00:00-05:00,long,2023-11-10 09:46:00-05:00,319.90791199999995,2023-11-10 10:45:00-05:00,319.642092,time,51,318.22,323.2837359999998,1.6879119999999261,60,-13.556819999998083,0.51,0.13041397353599998,-14.197233973534082,-0.16492396329664968,0.7677598864992924,3.079999999999984,65446.44619969177,65432.24896571823
AMZN,2023-11-10 00:00:00-05:00,long,2023-11-10 09:51:00-05:00,141.43655199999998,2023-11-10 10:11:00-05:00,140.54875800000002,stop,115,140.60500000000002,143.0996559999999,0.8315519999999594,21,-102.09630999999504,1.1500000000000001,0.12930485736000003,-103.37561485735505,-1.0810128411259918,0.8153181398016959,1.3900000000000148,65432.24896571823,65328.87335086088
QQQ,2023-11-10 00:00:00-05:00,long,2023-11-10 09:53:00-05:00,367.44692,2023-11-10 10:02:00-05:00,366.18346800000006,stop,44,366.33000000000004,369.68075999999985,1.1169199999999364,10,-55.59188799999629,0.44,0.12889658073600002,-56.16078458073228,-1.142768925029535,0.8957838827601917,1.7800000000000296,65328.87335086088,65272.71256628015
SPY,2023-11-10 00:00:00-05:00,short,2023-11-10 10:28:00-05:00,420.21184800000003,2023-11-10 11:00:00-05:00,421.19841199999996,stop,38,421.03,418.57554400000015,0.8181519999999409,33,-37.48943199999735,0.38,0.127744401792,-37.99717640178935,-1.222175946259378,1.0124533947149137,1.2199999999999704,65272.71256628015,65234.71538987836
QQQ,2023-11-13 00:00:00-05:00,short,2023-11-13 09:53:00-05:00,369.6021,2023-11-13 10:13:00-05:00,370.58317399999993,stop,44,370.43499999999995,367.93630000000013,0.8328999999999382,21,-43.16725599999654,0.44,0.13009993920000001,-43.73735593919654,-1.1934575781006065,1.0215020738110978,1.3100000000000023,65234.71538987836,65190.97803393916
SPY,2023-11-13 00:00:00-05:00,short,2023-11-13 09:56:00-05:00,423.770424,2023-11-13 10:06:00-05:00,424.66479799999996,stop,38,424.495,422.32127199999996,0.7245760000000132,11,-33.986211999998886,0.38,0.128826208896,-34.49503820889489,-1.252821185620217,0.7501749762453082,0.9700000000000273,65190.97803393916,65156.482995730265
META,2023-11-13 00:00:00-05:00,long,2023-11-13 09:59:00-05:00,326.000348,2023-11-13 10:58:00-05:00,327.65888400000006,time,49,324.19,329.6210439999999,1.8103479999999763,60,81.26826400000408,0.49,0.12844228252800002,80.64982171747609,0.9091703522903358,0.6196016168829984,2.659999999999968,65156.482995730265,65237.13281744774
NVDA,2023-11-13 00:00:00-05:00,long,2023-11-13 10:02:00-05:00,48.679463999999996,2023-11-13 11:01:00-05:00,48.670524,time,335,48.285,49.468391999999994,0.39446399999999926,60,-2.994899999998495,3.35,0.13043700432,-6.475337004318495,-0.04900159252047219,0.9679596779383958,0.5500000000000043,65237.13281744774,65230.65748044342
AMZN,2023-11-13 00:00:00-05:00,long,2023-11-13 10:32:00-05:00,142.371926,2023-11-13 11:31:00-05:00,142.882824,time,114,141.45,144.21577800000003,0.9219260000000133,60,58.242371999999705,1.1400000000000001,0.130309135488,56.972062864511706,0.5420770619420541,0.8026642692093885,1.5600000000000023,65230.65748044342,65287.62954330793
SPY,2023-11-14 00:00:00-05:00,long,2023-11-14 09:46:00-05:00,432.72302,2023-11-14 10:45:00-05:00,434.156268,time,37,431.805,434.55906000000004,0.9180200000000127,60,53.0301759999997,0.37,0.128510255328,52.5316657446717,1.546561893919492,1.8531394061178905,1.0900000000000318,65287.62954330793,65340.1612090526
QQQ,2023-11-14 00:00:00-05:00,long,2023-11-14 09:46:00-05:00,378.871488,2023-11-14 10:45:00-05:00,379.54812,time,43,377.905,380.80446400000005,0.9664880000000267,60,29.0951759999993,0.43,0.13056455328,28.5346114467193,0.6866051260232567,1.906660472536874,1.5100000000000477,65340.1612090526,65368.69582049932
META,2023-11-14 00:00:00-05:00,long,2023-11-14 09:55:00-05:00,333.073176,2023-11-14 10:36:00-05:00,331.47735600000004,stop,49,331.61,335.99952799999994,1.4631759999999758,42,-78.19517999999738,0.49,0.12993912355200002,-78.81511912354938,-1.0993016690049406,1.036881046416506,2.3600000000000136,65368.69582049932,65289.88070137577
NVDA,2023-11-14 00:00:00-05:00,short,2023-11-14 10:08:00-05:00,49.070364000000005,2023-11-14 10:32:00-05:00,49.44477,stop,332,49.425,48.36109200000002,0.3546359999999922,25,-124.3027919999978,3.3200000000000003,0.130330886784,-127.75312288678178,-1.085052174375985,1.0850352895968052,0.490000000000002,65289.88070137577,65162.12757848899
META,2023-11-15 00:00:00-05:00,short,2023-11-15 09:46:00-05:00,332.426976,2023-11-15 10:45:00-05:00,332.04276400000003,time,49,334.015,329.2509280000001,1.5880239999999617,60,18.826387999999554,0.49,0.130311374592,18.206076625407555,0.23397164286685834,0.5723435206937628,2.8700000000000045,65162.12757848899,65180.333655114395
QQQ,2023-11-15 00:00:00-05:00,short,2023-11-15 09:47:00-05:00,380.417772,2023-11-15 10:24:00-05:00,381.232432,stop,42,381.08000000000004,379.09331599999996,0.6622280000000274,38,-34.21572000000015,0.42,0.127820371392,-34.763540371392146,-1.249876692281162,0.9877638992759714,0.9399999999999977,65180.333655114395,65145.570114743
NVDA,2023-11-15 00:00:00-05:00,short,2023-11-15 09:47:00-05:00,49.120344,2023-11-15 10:46:00-05:00,49.079624,time,331,49.55,48.261032000000014,0.42965599999999426,60,13.478320000000103,3.31,0.130070670912,10.038249329088103,0.07058446116893681,1.0278790381994314,0.6400000000000006,65145.570114743,65155.60836407209
AMZN,2023-11-15 00:00:00-05:00,short,2023-11-15 09:47:00-05:00,144.79206,2023-11-15 10:46:00-05:00,144.677848,time,112,146.08499999999998,142.20618000000002,1.2929399999999873,60,12.791743999997834,1.12,0.12973368576,11.542010314237833,0.07970490782246792,0.8704241070841804,2.4099999999999966,65155.60836407209,65167.15037438633
SPY,2023-11-15 00:00:00-05:00,short,2023-11-15 09:52:00-05:00,434.666064,2023-11-15 10:09:00-05:00,435.519138,stop,37,435.345,433.30819199999996,0.6789360000000215,18,-31.563737999999717,0.37,0.12866115494400002,-32.06239915494372,-1.2763372814403198,0.9486839691258033,0.8299999999999841,65167.15037438633,65135.087975231385
SPY,2023-11-16 00:00:00-05:00,long,2023-11-16 09:46:00-05:00,435.07395999999994,2023-11-16 10:17:00-05:00,434.2862160000001,stop,37,434.46000000000004,436.30187999999976,0.6139599999999064,32,-29.146527999994873,0.37,0.128548719936,-29.645076719930874,-1.3050007976545437,0.5681961328680423,0.5200000000000387,65135.087975231385,65105.44289851146
QQQ,2023-11-16 00:00:00-05:00,long,2023-11-16 09:46:00-05:00,379.10157999999996,2023-11-16 10:35:00-05:00,378.37359,stop,42,378.525,380.2547399999999,0.5765799999999786,50,-30.575579999999036,0.42,0.12713352624,-31.12271352623904,-1.2851937089736112,0.988981369272551,0.7299999999999613,65105.44289851146,65074.32018498522
META,2023-11-16 00:00:00-05:00,long,2023-11-16 09:52:00-05:00,327.01075199999997,2023-11-16 10:17:00-05:00,325.049928,stop,49,325.18,330.6722559999999,1.8307519999999613,26,-96.08037599999733,0.49,0.127419571776,-96.69779557177333,-1.0779310356749505,1.0946033954491843,3.2799999999999727,65074.32018498522,64977.622389413445
AMZN,2023-11-16 00:00:00-05:00,long,2023-11-16 09:54:00-05:00,141.476568,2023-11-16 10:53:00-05:00,142.383024,time,114,140.39,143.64970399999999,1.0865679999999998,60,103.33598400000227,1.1400000000000001,0.129853317888,102.06613068211426,0.8239861065372991,1.29277222358427,1.7399999999999807,64977.622389413445,65079.68852009556
NVDA,2023-11-16 00:00:00-05:00,long,2023-11-16 10:07:00-05:00,48.899552,2023-11-16 11:06:00-05:00,48.600552,time,332,48.519999999999996,49.65865600000001,0.3795520000000039,60,-99.26799999999983,3.3200000000000003,0.129083066112,-102.71708306611183,-0.8151420738554831,0.7364201770324303,0.5599999999999952,65079.68852009556,64976.971437029446
AMZN,2023-11-17 00:00:00-05:00,long,2023-11-17 09:48:00-05:00,143.577408,2023-11-17 10:47:00-05:00,143.827446,time,113,143.02249999999998,144.68722400000001,0.5549080000000117,60,28.254294000002005,1.1300000000000001,0.130020011184,26.994273988818005,0.4304990744988587,0.9510485151791818,0.9550000000000125,64976.971437029446,65003.96571101827
META,2023-11-17 00:00:00-05:00,long,2023-11-17 09:51:00-05:00,330.011952,2023-11-17 10:50:00-05:00,330.84760800000004,time,49,328.175,333.685856,1.8369519999999966,60,40.9471440000014,0.49,0.129692262336,40.3274517376654,0.4480297901828845,0.8944203627165656,3.3899999999999864,65003.96571101827,65044.29316275593
QQQ,2023-11-17 00:00:00-05:00,long,2023-11-17 09:53:00-05:00,379.571768,2023-11-17 10:03:00-05:00,378.733446,stop,42,378.885,380.9453040000001,0.6867680000000291,11,-35.209524000000215,0.42,0.127254437856,-35.75677843785622,-1.239649878223751,0.758276954121547,0.9700000000000273,65044.29316275593,65008.536384318075
NVDA,2023-11-20 00:00:00-05:00,long,2023-11-20 09:48:00-05:00,49.449771999999996,2023-11-20 10:18:00-05:00,49.849368273599985,target,328,49.24,49.86931599999998,0.20977199999999385,31,131.0675777407966,3.2800000000000002,0.13080474234992637,127.65677299844667,1.8553356913878507,0.8683165580443393,0.29999999999999716,65008.536384318075,65136.19315731652
QQQ,2023-11-20 00:00:00-05:00,long,2023-11-20 09:52:00-05:00,382.312864,2023-11-20 10:24:00-05:00,380.857596,stop,42,381.01,384.918592,1.3028639999999996,33,-61.12125599999956,0.42,0.127968152256,-61.669224152255566,-1.1269901238870597,0.8079303216612184,2.1000000000000227,65136.19315731652,65074.523933164266
META,2023-11-20 00:00:00-05:00,long,2023-11-20 09:52:00-05:00,336.54456400000004,2023-11-20 10:51:00-05:00,336.505344,time,48,333.845,341.94369200000006,2.6995640000000094,60,-1.8825600000027407,0.48,0.12921805209599999,-2.4917780520987405,-0.01922978775537713,0.7871942943189704,5.130000000000052,65074.523933164266,65072.03215511217
SPY,2023-11-20 00:00:00-05:00,long,2023-11-20 09:53:00-05:00,436.97472,2023-11-20 10:52:00-05:00,437.24503200000004,time,37,436.135,438.65416,0.8397199999999998,60,10.00154400000173,0.37,0.129424529472,9.50211947052973,0.3058329440099638,0.6925192182488332,1.1899999999999977,65072.03215511217,65081.5342745827
AMZN,2023-11-20 00:00:00-05:00,short,2023-11-20 10:24:00-05:00,144.75207600000002,2023-11-20 10:55:00-05:00,145.90833999999998,stop,112,145.85,142.55622800000006,1.0979239999999777,32,-129.50156799999604,1.12,0.129697860096,-130.75126586009205,-1.0632994784775525,0.7633221515313017,1.5600000000000023,65081.5342745827,64950.78300872261
SPY,2023-11-21 00:00:00-05:00,short,2023-11-21 09:46:00-05:00,437.5749,2023-11-21 09:54:00-05:00,438.195208,stop,37,438.02,436.6847000000001,0.4450999999999681,9,-22.951395999998738,0.37,0.1295221704,-23.45091817039874,-1.423968993933973,0.5889182966301427,0.45999999999997954,64950.78300872261,64927.33209055221
META,2023-11-21 00:00:00-05:00,long,2023-11-21 09:51:00-05:00,336.564572,2023-11-21 09:59:00-05:00,335.050926,stop,48,335.185,339.323716,1.379571999999996,9,-72.65500799999973,0.48,0.128659555584,-73.26366755558372,-1.106376765698346,0.38202459414710965,2.009999999999991,64927.33209055221,64854.06842299663
AMZN,2023-11-21 00:00:00-05:00,short,2023-11-21 09:56:00-05:00,142.612932,2023-11-21 10:06:00-05:00,143.43735199999998,stop,113,143.38,141.078796,0.7670679999999948,11,-93.15945999999718,1.1300000000000001,0.128922090528,-94.41838209052517,-1.0892918273946777,1.4031712649012598,1.3400000000000034,64854.06842299663,64759.650040906105
NVDA,2023-11-21 00:00:00-05:00,short,2023-11-21 10:02:00-05:00,49.7301,2023-11-21 11:01:00-05:00,49.619839999999996,time,325,50.1,48.9903,0.36990000000000123,60,35.834500000001235,3.25,0.12929826,32.455201740001236,0.2699706926196363,1.1846766981010304,0.6400000000000006,64759.650040906105,64792.1052426461
QQQ,2023-11-21 00:00:00-05:00,short,2023-11-21 10:18:00-05:00,381.907176,2023-11-21 11:17:00-05:00,381.462524,time,42,382.61,380.50152799999995,0.702824000000021,60,18.675384000000804,0.42,0.128320811136,18.127063188864803,0.6140893631862404,0.8468868715486578,0.9800000000000182,64792.1052426461,64810.232305834965
NVDA,2023-11-22 00:00:00-05:00,short,2023-11-22 09:46:00-05:00,48.860448000000005,2023-11-22 10:45:00-05:00,48.359336,time,331,49.644999999999996,47.291344000000024,0.7845519999999908,60,165.86807200000206,3.31,0.12938246630400002,162.42868953369805,0.6254794027878482,2.1018674197558767,1.1900000000000048,64810.232305834965,64972.660995368664
META,2023-11-22 00:00:00-05:00,long,2023-11-22 09:49:00-05:00,339.68582,2023-11-22 09:53:00-05:00,337.40498399999996,stop,47,337.53999999999996,343.97746,2.1458200000000147,5,-107.19929200000104,0.47000000000000003,0.126864273984,-107.79615627398503,-1.0688385977724162,0.6617716531889539,3.819999999999993,64972.660995368664,64864.86483909468
SPY,2023-11-22 00:00:00-05:00,short,2023-11-22 09:54:00-05:00,439.51412400000004,2023-11-22 10:53:00-05:00,439.4257,time,36,440.49,437.5623720000001,0.9758759999999711,60,3.183264000001145,0.36,0.126580067712,2.696683932289145,0.07675963647843992,0.9366042223200358,1.4399999999999977,64864.86483909468,64867.56152302697
QQQ,2023-11-22 00:00:00-05:00,short,2023-11-22 09:54:00-05:00,384.126288,2023-11-22 10:53:00-05:00,383.67340799999994,time,42,385.645,381.088864,1.5187119999999936,60,19.020960000002106,0.42,0.129066432768,18.471893567234105,0.28959209494364435,1.2377568535532149,2.4699999999999704,64867.56152302697,64886.033416594204
AMZN,2023-11-27 00:00:00-05:00,long,2023-11-27 09:54:00-05:00,148.86952399999998,2023-11-27 10:53:00-05:00,148.69050000000001,time,108,147.76,151.08857199999997,1.1095239999999933,60,-19.334591999996746,1.08,0.12846859200000002,-20.543060591996746,-0.17143705228545847,1.0578585748252831,1.759999999999991,64886.033416594204,64865.49035600221
QQQ,2023-11-27 00:00:00-05:00,long,2023-11-27 10:10:00-05:00,384.073568,2023-11-27 10:24:00-05:00,382.82181,stop,42,382.975,386.270704,1.0985680000000002,15,-52.5738359999998,0.42,0.12862812816,-53.122464128159805,-1.1513357156589261,0.8295056926006635,1.6099999999999568,64865.49035600221,64812.36789187405
META,2023-11-27 00:00:00-05:00,long,2023-11-27 10:35:00-05:00,336.994744,2023-11-27 11:34:00-05:00,335.995548,time,48,334.685,341.6142320000001,2.3097440000000233,60,-47.96140800000194,0.48,0.12902229043199998,-48.57043029043393,-0.43809355685479867,0.5880419192900033,3.7100000000000364,64812.36789187405,64763.797461583614
AMZN,2023-11-28 00:00:00-05:00,short,2023-11-28 09:47:00-05:00,146.09373912,2023-11-28 10:05:00-05:00,146.84371399999998,stop,110,146.785,144.71121736000003,0.6912608799999873,19,-82.49723679999647,1.1,0.1285624904256,-83.72579929042206,-1.1010946112167403,0.632473040912626,1.1899999999999977,64763.797461583614,64680.071662293194
NVDA,2023-11-28 00:00:00-05:00,short,2023-11-28 09:50:00-05:00,47.770884,2023-11-28 10:49:00-05:00,47.669059999999995,time,338,48.065,47.18265200000001,0.2941159999999954,60,34.4165120000026,3.38,0.12917247033600002,30.907339529666597,0.3109039730174799,0.6352358679284028,0.3299999999999983,64680.071662293194,64710.97900182286
QQQ,2023-11-28 00:00:00-05:00,short,2023-11-28 09:55:00-05:00,381.82720800000004,2023-11-28 10:03:00-05:00,382.72803000000005,stop,42,382.57500000000005,380.33162400000003,0.747792000000004,9,-37.834524000000215,0.42,0.128293941888,-38.38281794188822,-1.2221000193422775,0.6356648494280321,1.0500000000000114,64710.97900182286,64672.596183880974
META,2023-11-28 00:00:00-05:00,long,2023-11-28 10:01:00-05:00,332.97313599999995,2023-11-28 11:00:00-05:00,332.896788,time,48,331.495,335.92940799999985,1.4781359999999495,60,-3.664703999997073,0.48,0.127832366592,-4.272536366589073,-0.06021852813539625,0.6192120686750356,1.990000000000009,64672.596183880974,64668.323647514386
SPY,2023-11-28 00:00:00-05:00,long,2023-11-28 10:39:00-05:00,439.37568,2023-11-28 11:31:00-05:00,440.400809184,target,36,438.775,440.57704,0.6006800000000112,53,36.904650624001306,0.36,0.126835433044992,36.41781519095631,1.684101314387936,0.5199022043545782,0.7099999999999795,64668.323647514386,64704.741462705344
META,2023-11-29 00:00:00-05:00,short,2023-11-29 09:50:00-05:00,334.556124,2023-11-29 10:04:00-05:00,331.92108734880003,target,48,335.94,331.78837200000004,1.3838759999999866,15,126.48175925759915,0.48,0.12846955161600002,125.87328970598314,1.8949387099769108,0.642855207404716,2.0,64704.741462705344,64830.614752411326
AMZN,2023-11-29 00:00:00-05:00,long,2023-11-29 09:53:00-05:00,148.404338,2023-11-29 10:03:00-05:00,147.88082400000002,stop,109,147.94,149.333014,0.4643379999999979,11,-57.063025999997535,1.09,0.128952078528,-58.28197807852554,-1.1515254977882057,0.6096009891538422,0.7400000000000091,64830.614752411326,64772.3327743328
SPY,2023-11-29 00:00:00-05:00,long,2023-11-29 09:54:00-05:00,443.037144,2023-11-29 10:05:00-05:00,442.11308399999996,stop,36,442.28999999999996,444.5314320000001,0.7471440000000484,12,-33.266160000001946,0.36,0.12732856819199997,-33.753488568193944,-1.2549078954953707,0.9997469702027914,0.9599999999999795,64772.3327743328,64738.5792857646
NVDA,2023-11-29 00:00:00-05:00,long,2023-11-29 09:55:00-05:00,48.659456,2023-11-29 10:05:00-05:00,48.295674,stop,332,48.315,49.348368,0.344456000000001,11,-120.77562400000016,3.3200000000000003,0.12827331014399998,-124.22389731014415,-1.0862588121327525,0.8995557384216921,0.5700000000000003,64738.5792857646,64614.35538845446
QQQ,2023-11-29 00:00:00-05:00,short,2023-11-29 10:06:00-05:00,386.24544,2023-11-29 11:05:00-05:00,385.784252,time,41,387.22,384.29631999999987,0.9745600000000536,60,18.908707999999706,0.41000000000000003,0.12668850431999998,18.372019495679705,0.4597952270562799,0.8509647503515869,1.4399999999999977,64614.35538845446,64632.72740795014
QQQ,2023-11-30 00:00:00-05:00,short,2023-11-30 09:46:00-05:00,382.087104,2023-11-30 10:45:00-05:00,381.05235999999996,time,42,383.325,379.61131200000005,1.237895999999978,60,43.459248000001935,0.42,0.12838126694399998,42.91086673305794,0.8253417921764545,0.786394672838289,2.1499999999999773,64632.72740795014,64675.638274683195
META,2023-11-30 00:00:00-05:00,short,2023-11-30 09:46:00-05:00,326.829216,2023-11-30 10:45:00-05:00,324.489744,time,49,328.89,322.70764799999995,2.0607840000000124,60,114.63412800000003,0.49,0.128117052672,114.01601094732804,1.1291126902538,0.7690557787300933,3.420000000000016,64675.638274683195,64789.654285630524
NVDA,2023-11-30 00:00:00-05:00,short,2023-11-30 09:54:00-05:00,47.500992000000004,2023-11-30 10:41:00-05:00,46.9617531904,target,340,47.78,46.94297600000001,0.2790079999999975,48,183.34119526400016,3.4,0.12920269824,179.81199256576016,1.8954969092786058,0.6413934918001822,0.480000000000004,64789.654285630524,64969.46627819628
SPY,2023-11-30 00:00:00-05:00,short,2023-11-30 10:43:00-05:00,438.98433600000004,2023-11-30 11:01:00-05:00,440.04094599999996,stop,36,439.865,437.2230080000001,0.8806639999999675,19,-38.037959999997156,0.36,0.126427488768,-38.52438748876516,-1.2151307135161202,0.9049174107242134,1.3899999999999864,64969.46627819628,64930.941890707516
SPY,2023-12-01 00:00:00-05:00,long,2023-12-01 09:46:00-05:00,441.146388,2023-12-01 10:25:00-05:00,440.30880600000006,stop,36,440.485,442.469164,0.6613879999999881,40,-30.152951999997867,0.36,0.126808936128,-30.639760936125867,-1.2868459519192306,0.819046828991311,0.8700000000000045,64930.941890707516,64900.30212977139
QQQ,2023-12-01 00:00:00-05:00,long,2023-12-01 09:46:00-05:00,381.932712,2023-12-01 10:15:00-05:00,380.83260600000006,stop,42,380.985,383.8281359999999,0.9477119999999672,30,-46.20445199999688,0.42,0.127959755616,-46.752411755612876,-1.1745684984973959,0.6593857417283293,1.4700000000000273,64900.30212977139,64853.54971801578
NVDA,2023-12-01 00:00:00-05:00,long,2023-12-01 09:46:00-05:00,46.86874,2023-12-01 10:00:00-05:00,46.436418,stop,345,46.455,47.69622000000001,0.4137400000000042,15,-149.15108999999973,3.45,0.12816451368,-152.7292545136797,-1.069979918170819,0.9358534440101945,0.7100000000000009,64853.54971801578,64700.8204635021
META,2023-12-01 00:00:00-05:00,short,2023-12-01 10:01:00-05:00,319.90198799999996,2023-12-01 11:00:00-05:00,318.39730799999995,time,50,321.995,315.7159639999999,2.0930120000000443,60,75.23400000000038,0.5,0.12796079519999998,74.60603920480038,0.7129059862513814,0.814427526299883,4.029999999999973,64700.8204635021,64775.426502706905
SPY,2023-12-04 00:00:00-05:00,long,2023-12-04 09:46:00-05:00,441.656592,2023-12-04 09:57:00-05:00,440.74363200000005,stop,36,440.92,443.12977599999994,0.7365919999999733,12,-32.86655999999789,0.36,0.12693416601600002,-33.35349416601389,-1.2578007215065803,1.1495647305568557,1.1000000000000227,64775.426502706905,64742.073008540894
NVDA,2023-12-04 00:00:00-05:00,short,2023-12-04 09:46:00-05:00,45.291876,2023-12-04 10:01:00-05:00,45.698271999999996,stop,357,45.68,44.51562800000001,0.3881239999999977,16,-145.08337199999778,3.5700000000000003,0.129353597856,-148.78272559785378,-1.073776254516588,1.1040969563515675,0.6200000000000045,64742.073008540894,64593.29028294304
AMZN,2023-12-04 00:00:00-05:00,short,2023-12-04 09:47:00-05:00,143.972388,2023-12-04 09:56:00-05:00,144.81040099999998,stop,112,144.7525,142.412164,0.7801120000000026,10,-93.85745599999882,1.12,0.128999259648,-95.10645525964682,-1.0885164939188048,1.107139054904797,1.2549999999999955,64593.29028294304,64498.183827683395
META,2023-12-04 00:00:00-05:00,short,2023-12-04 09:50:00-05:00,311.27544,2023-12-04 09:56:00-05:00,313.220238,stop,51,313.095,307.63631999999996,1.819560000000024,7,-99.18469799999957,0.51,0.12700037951999998,-99.82169837951957,-1.075693136538485,1.7102292126154013,3.0500000000000114,64498.183827683395,64398.362129303874
QQQ,2023-12-04 00:00:00-05:00,short,2023-12-04 09:51:00-05:00,378.988344,2023-12-04 09:54:00-05:00,379.96192399999995,stop,42,379.80999999999995,377.34503200000006,0.8216559999999618,4,-40.890359999998736,0.42,0.12734008358399998,-41.43770008358274,-1.2007603020631699,0.9942018473402013,1.0600000000000023,64398.362129303874,64356.92442922029
QQQ,2023-12-05 00:00:00-05:00,long,2023-12-05 09:51:00-05:00,379.861884,2023-12-05 10:22:00-05:00,381.5729617391999,target,42,378.93,381.7256519999999,0.9318839999999682,32,71.86526504639733,0.42,0.12820851514437115,71.31705653125296,1.8221421931335668,0.8048311415938587,1.5399999999999636,64356.92442922029,64428.24148575155
AMZN,2023-12-05 00:00:00-05:00,long,2023-12-05 09:51:00-05:00,146.05589899999998,2023-12-05 10:50:00-05:00,147.84084000000001,time,110,144.56,149.04769699999994,1.49589899999998,60,196.3435100000035,1.1,0.13009993920000001,195.11341006080352,1.1857473487715786,0.8017059521269417,2.8600000000000136,64428.24148575155,64623.35489581235
SPY,2023-12-05 00:00:00-05:00,long,2023-12-05 09:53:00-05:00,440.54614799999996,2023-12-05 10:02:00-05:00,441.36182862239986,target,36,440.05,441.53844399999986,0.4961479999999483,10,29.36450240639624,0.36,0.12711220664325115,28.87739019975299,1.6167549355655975,0.7445645668714768,0.6000000000000227,64623.35489581235,64652.232286012106
NVDA,2023-12-05 00:00:00-05:00,long,2023-12-05 09:54:00-05:00,45.998391999999996,2023-12-05 10:53:00-05:00,46.40143200000001,time,351,45.545,46.90517599999998,0.4533919999999938,60,141.467040000004,3.5100000000000002,0.13029522105600003,137.826744778948,0.8660690716731148,0.9298219909725328,0.7100000000000009,64652.232286012106,64790.05903079105
META,2023-12-05 00:00:00-05:00,long,2023-12-05 10:03:00-05:00,317.997148,2023-12-05 10:27:00-05:00,315.438774,stop,50,315.565,322.86144399999995,2.4321479999999838,25,-127.9186999999979,0.5,0.12617550959999999,-128.5448755095979,-1.0570481361298634,0.8997267428971989,4.490000000000009,64790.05903079105,64661.51415528145
NVDA,2023-12-06 00:00:00-05:00,short,2023-12-06 09:49:00-05:00,46.561368,2023-12-06 10:48:00-05:00,46.488588,time,347,46.95,45.784104,0.3886320000000012,60,25.254660000000563,3.47,0.129254357568,21.655405642432562,0.16058252808827228,1.0429122827770876,0.6999999999999957,64661.51415528145,64683.16956092389
AMZN,2023-12-06 00:00:00-05:00,short,2023-12-06 10:00:00-05:00,145.796658,2023-12-06 10:59:00-05:00,146.018384,time,110,146.89999999999998,143.58997400000007,1.1033419999999694,60,-24.389859999998862,1.1,0.12830105904,-25.61816105903886,-0.21107904282080817,0.7603728808972262,1.9000000000000057,64683.16956092389,64657.55139986485
QQQ,2023-12-06 00:00:00-05:00,short,2023-12-06 10:01:00-05:00,381.637284,2023-12-06 11:00:00-05:00,382.05276,time,42,383.045,378.82185200000004,1.4077159999999935,60,-17.449991999998133,0.42,0.128230127424,-17.998222127422135,-0.30441445452915045,1.0400595664227084,2.3700000000000045,64657.55139986485,64639.553177737434
SPY,2023-12-06 00:00:00-05:00,short,2023-12-06 10:02:00-05:00,442.25302800000003,2023-12-06 10:15:00-05:00,443.272238,stop,36,443.095,440.56908400000003,0.8419719999999984,14,-36.69155999999953,0.36,0.127368872064,-37.17892887206352,-1.2265823854284807,0.906010463212884,0.9899999999999523,64639.553177737434,64602.37424886537
META,2023-12-06 00:00:00-05:00,short,2023-12-06 10:02:00-05:00,315.853608,2023-12-06 11:01:00-05:00,316.64660799999996,time,51,317.735,312.090824,1.8813920000000053,60,-40.442999999997426,0.51,0.128868272064,-41.08186827206142,-0.4281547008087348,0.7427873528172073,3.269999999999982,64602.37424886537,64561.29238059331
SPY,2023-12-07 00:00:00-05:00,short,2023-12-07 09:48:00-05:00,441.17346000000003,2023-12-07 09:52:00-05:00,441.921698,stop,36,441.745,440.0303800000001,0.5715399999999704,5,-26.936567999998488,0.36,0.12705795648,-27.42362595647849,-1.3328330259999255,1.171329222111788,0.5699999999999932,64561.29238059331,64533.86875463683
QQQ,2023-12-07 00:00:00-05:00,short,2023-12-07 09:51:00-05:00,380.957556,2023-12-07 10:11:00-05:00,382.362884,stop,42,382.21000000000004,378.45266799999996,1.2524440000000254,21,-59.023775999999884,0.42,0.128001738816,-59.57177773881589,-1.1324862911618951,1.1291281891477833,1.7800000000000296,64533.86875463683,64474.29697689802
AMZN,2023-12-07 00:00:00-05:00,short,2023-12-07 09:55:00-05:00,145.446798,2023-12-07 10:06:00-05:00,146.30159723999998,stop,110,146.2431,143.854194,0.7963019999999972,12,-94.02791639999748,1.1,0.12799318223999998,-95.25590958223748,-1.0874803961109982,0.9054952196670497,1.3462000000000103,64474.29697689802,64379.04106731578
META,2023-12-07 00:00:00-05:00,long,2023-12-07 10:29:00-05:00,321.668616,2023-12-07 11:28:00-05:00,321.57132,time,50,318.26,328.485848,3.408615999999995,60,-4.864799999998581,0.5,0.128628528,-5.4934285279985815,-0.03223260424758077,1.2059051284944577,6.519999999999982,64379.04106731578,64373.547638787786
NVDA,2023-12-07 00:00:00-05:00,long,2023-12-07 10:36:00-05:00,46.208476,2023-12-07 11:35:00-05:00,46.121544,time,348,45.84,46.945427999999986,0.36847599999999403,60,-30.252335999999076,3.48,0.128402378496,-33.86073837849507,-0.2640632560926598,0.9109185857215492,0.6399999999999935,64373.547638787786,64339.68690040929
META,2023-12-08 00:00:00-05:00,long,2023-12-08 09:51:00-05:00,324.20963199999994,2023-12-08 10:29:00-05:00,328.32751244159977,target,49,322.08500000000004,328.45889599999975,2.124631999999906,39,201.77614163839132,0.49,0.12870438487710711,201.15743725351422,1.932218766120661,0.6295953394833019,3.7900000000000205,64339.68690040929,64540.8443376628
SPY,2023-12-08 00:00:00-05:00,long,2023-12-08 10:01:00-05:00,444.07755999999995,2023-12-08 11:00:00-05:00,444.3222,time,36,442.71500000000003,446.8026799999998,1.3625599999999167,60,8.80704000000219,0.36,0.1279647936,8.31907520640219,0.16959651127295308,0.8487312427562191,1.410000000000025,64540.8443376628,64549.1634128692
QQQ,2023-12-08 00:00:00-05:00,long,2023-12-08 10:01:00-05:00,384.55375999999995,2023-12-08 11:00:00-05:00,385.70565600000003,time,41,383.28999999999996,387.08127999999994,1.2637599999999907,60,47.22773600000323,0.41000000000000003,0.126511455168,46.69122454483524,0.901128659517699,1.318387683065755,1.839999999999975,64549.1634128692,64595.854637414035
NVDA,2023-12-08 00:00:00-05:00,long,2023-12-08 10:05:00-05:00,47.228884,2023-12-08 11:04:00-05:00,47.510988000000005,time,341,46.83,48.026652000000006,0.39888400000000246,60,96.19746400000133,3.41,0.129609975264,92.65785402473733,0.6812103571364162,0.8737683928558595,0.7199999999999989,64595.854637414035,64688.51249143877
AMZN,2023-12-08 00:00:00-05:00,long,2023-12-08 10:08:00-05:00,146.85872,2023-12-08 10:42:00-05:00,146.001576,stop,110,146.06,148.45616,0.798720000000003,35,-94.28584000000058,1.1,0.12848138688,-95.51432138688057,-1.087129422836541,0.7939472137301432,1.3199999999999932,64688.51249143877,64592.99817005189
QQQ,2023-12-11 00:00:00-05:00,long,2023-12-11 09:48:00-05:00,387.634992,2023-12-11 10:47:00-05:00,387.914772,time,41,386.3,390.304976,1.3349919999999997,60,11.47098000000068,0.41000000000000003,0.12723604521600002,10.93374395478468,0.19975901115813174,1.5386090237006491,1.8600000000000136,64592.99817005189,64603.93191400667
SPY,2023-12-11 00:00:00-05:00,long,2023-12-11 10:00:00-05:00,445.26803599999994,2023-12-11 10:59:00-05:00,445.29181200000005,time,36,444.61,446.5841079999998,0.6580359999999246,60,0.8559360000040215,0.36,0.128244041856,0.36769195814802147,0.015521438802911814,1.0685340402433359,0.839999999999975,64603.93191400667,64604.29960596482
NVDA,2023-12-11 00:00:00-05:00,short,2023-12-11 10:18:00-05:00,46.28148,2023-12-11 11:17:00-05:00,45.848332,time,348,46.995000000000005,44.85444,0.7135200000000026,60,150.73550400000096,3.48,0.12884764032,147.12665635968096,0.5925240331875788,1.0957851260028082,0.9100000000000037,64604.29960596482,64751.4262623245
META,2023-12-11 00:00:00-05:00,short,2023-12-11 10:21:00-05:00,319.57212,2023-12-11 11:20:00-05:00,318.137204,time,50,323.41499999999996,311.88636,3.8428799999999796,60,71.74579999999935,0.5,0.127828848,71.11797115199936,0.3701285033724693,2.3640871811886757,7.2099999999999795,64751.4262623245,64822.5442334765
NVDA,2023-12-12 00:00:00-05:00,long,2023-12-12 09:46:00-05:00,47.038808,2023-12-12 10:45:00-05:00,46.761288,time,344,46.475,48.166424000000006,0.5638080000000016,60,-95.46688000000091,3.44,0.128687064576,-99.03556706457691,-0.5106243442874202,0.9535447263863117,1.0300000000000011,64822.5442334765,64723.50866641192
META,2023-12-12 00:00:00-05:00,long,2023-12-12 09:48:00-05:00,324.109592,2023-12-12 10:04:00-05:00,326.63806848960013,target,49,322.78,326.7687760000001,1.3295920000000478,17,123.89534799040536,0.49,0.12804212284792324,123.27730586755743,1.892207071832639,0.6760862306456237,2.099999999999966,64723.50866641192,64846.78597227948
QQQ,2023-12-12 00:00:00-05:00,long,2023-12-12 09:57:00-05:00,389.70582,2023-12-12 10:56:00-05:00,390.173868,time,41,388.82,391.47746000000006,0.8858200000000238,60,19.18996800000042,0.41000000000000003,0.12797702870400002,18.65199097129642,0.5135655201463029,0.7258367701933058,1.240000000000009,64846.78597227948,64865.43796325078
SPY,2023-12-12 00:00:00-05:00,long,2023-12-12 10:05:00-05:00,446.57856,2023-12-12 11:04:00-05:00,447.191052,time,36,445.82000000000005,448.09567999999985,0.7585599999999317,60,22.049712000001136,0.36,0.128791022976,21.560920977025138,0.7895413303945442,0.9048132520971183,1.0600000000000023,64865.43796325078,64886.9988842278
QQQ,2023-12-13 00:00:00-05:00,short,2023-12-13 09:57:00-05:00,393.052716,2023-12-13 10:11:00-05:00,394.02754799999997,stop,41,393.87,391.4181479999999,0.8172840000000292,15,-39.96811199999968,0.41000000000000003,0.128921290848,-40.50703329084767,-1.2088532526367293,0.901401560144629,1.2200000000000273,64886.9988842278,64846.49185093695
AMZN,2023-12-13 00:00:00-05:00,short,2023-12-13 09:57:00-05:00,147.7328832,2023-12-13 10:56:00-05:00,147.72606679999998,time,109,148.66000000000003,145.87864959999996,0.9271168000000216,60,0.7429876000021238,1.09,0.1288230741504,-0.47583547414827626,-0.004708644116448342,0.9247222546695689,1.5999999999999943,64846.49185093695,64846.0160154628
NVDA,2023-12-13 00:00:00-05:00,long,2023-12-13 10:00:00-05:00,48.289308,2023-12-13 10:59:00-05:00,48.080760000000005,time,335,47.855000000000004,49.15792399999999,0.43430799999999437,60,-69.86357999999775,3.35,0.1288564368,-73.34243643679775,-0.5040953564751194,1.0936001060882492,0.6699999999999946,64846.0160154628,64772.673579026006
SPY,2023-12-13 00:00:00-05:00,long,2023-12-13 10:25:00-05:00,449.599768,2023-12-13 11:24:00-05:00,449.30020800000005,time,36,449.13,450.53930399999996,0.46976799999998775,60,-10.784159999997428,0.36,0.129398459904,-11.273558459901427,-0.6666150135044037,0.764052792456492,0.5399999999999636,64772.673579026006,64761.40002056611
SPY,2023-12-14 00:00:00-05:00,long,2023-12-14 09:46:00-05:00,457.913092,2023-12-14 09:50:00-05:00,456.94215,stop,35,457.125,459.489276,0.788092000000006,5,-33.982969999999284,0.35000000000000003,0.127943802,-34.46091380199928,-1.2493433979788806,1.9758184226244018,1.1499999999999773,64761.40002056611,64726.939106764105
QQQ,2023-12-14 00:00:00-05:00,long,2023-12-14 09:47:00-05:00,399.739832,2023-12-14 09:50:00-05:00,398.82040800000004,stop,40,398.98,401.2594959999999,0.7598319999999603,4,-36.776959999997416,0.4,0.12762253056,-37.30458253055741,-1.2273957444066372,0.9950430559561403,1.1800000000000068,64726.939106764105,64689.634524233545
AMZN,2023-12-14 00:00:00-05:00,short,2023-12-14 09:52:00-05:00,148.76037204,2023-12-14 10:51:00-05:00,148.39673496,time,108,149.695,146.89111612,0.9346279600000003,60,39.27280463999887,1.08,0.12852896144255999,38.06427567855631,0.37709870890623626,1.3642616076264065,1.6899999999999977,64689.634524233545,64727.6987999121
META,2023-12-14 00:00:00-05:00,short,2023-12-14 09:56:00-05:00,328.81842,2023-12-14 10:55:00-05:00,327.871096,time,49,330.53,325.39526000000006,1.7115799999999695,60,46.418875999999045,0.49,0.12889682064,45.79997917935904,0.5460997748513053,1.0907654507946565,2.5200000000000387,64727.6987999121,64773.49877909145
NVDA,2023-12-14 00:00:00-05:00,short,2023-12-14 10:33:00-05:00,47.950812,2023-12-14 11:00:00-05:00,48.304314,stop,337,48.285,47.282436000000004,0.3341879999999975,28,-119.13017399999961,3.37,0.129275389152,-122.62944938915162,-1.0888649697056794,0.899447869131729,0.5899999999999963,64773.49877909145,64650.8693297023
AMZN,2023-12-15 00:00:00-05:00,long,2023-12-15 09:46:00-05:00,149.619824,2023-12-15 10:45:00-05:00,149.54016000000001,time,108,148.715,151.42947199999998,0.9048239999999907,60,-8.603711999997813,1.08,0.12920269824,-9.812914698237813,-0.10041767380173457,2.8416000559080437,1.670000000000016,64650.8693297023,64641.05641500406
NVDA,2023-12-15 00:00:00-05:00,long,2023-12-15 09:55:00-05:00,48.909555999999995,2023-12-15 10:54:00-05:00,49.120344,time,330,48.43,49.868667999999985,0.4795559999999952,60,69.56004000000263,3.3000000000000003,0.12967770816000002,66.13036229184263,0.417876196415038,1.5644317087483373,0.7999999999999972,64641.05641500406,64707.1867772959
SPY,2023-12-15 00:00:00-05:00,long,2023-12-15 10:17:00-05:00,456.25242799999995,2023-12-15 11:16:00-05:00,455.96754,time,35,455.51,457.7372839999999,0.7424279999999612,60,-9.971079999998835,0.35000000000000003,0.1276709112,-10.448750911198834,-0.4021073293571663,1.9439283128468634,0.8999999999999773,64707.1867772959,64696.7380263847
QQQ,2023-12-15 00:00:00-05:00,long,2023-12-15 10:17:00-05:00,399.48973199999995,2023-12-15 11:16:00-05:00,399.020328,time,40,398.32,401.82919599999985,1.1697319999999536,60,-18.776159999997617,0.4,0.12768650496,-19.303846504957615,-0.41256985585070727,1.0392360533272493,1.740000000000009,64696.7380263847,64677.43417987975
META,2023-12-18 00:00:00-05:00,long,2023-12-18 09:56:00-05:00,339.005548,2023-12-18 10:55:00-05:00,339.98395200000004,time,47,336.36,344.2966439999999,2.6455479999999625,60,45.98498800000323,0.47000000000000003,0.127833965952,45.38715403405123,0.36502234258614186,1.2448312085417035,4.5400000000000205,64677.43417987975,64722.821333913795
AMZN,2023-12-18 00:00:00-05:00,long,2023-12-18 09:56:00-05:00,152.450956,2023-12-18 10:55:00-05:00,152.084142,time,106,151.21359999999999,154.925668,1.2373560000000055,60,-38.882283999997526,1.06,0.128967352416,-40.071251352413526,-0.30551488264975885,1.0599887265821955,2.3271999999999764,64722.821333913795,64682.75008256138
QQQ,2023-12-18 00:00:00-05:00,long,2023-12-18 09:58:00-05:00,400.300056,2023-12-18 10:57:00-05:00,399.74004,time,40,399.575,401.750168,0.725055999999995,60,-22.400639999998475,0.4,0.1279168128,-22.928556812798472,-0.7905788246976313,0.8133201535381648,1.0900000000000318,64682.75008256138,64659.821525748586
SPY,2023-12-18 00:00:00-05:00,long,2023-12-18 10:01:00-05:00,457.903088,2023-12-18 10:55:00-05:00,457.11208200000004,stop,35,457.295,459.11926400000004,0.6080880000000093,55,-27.68520999999936,0.35000000000000003,0.12799138296,-28.16320138295936,-1.3232671860914365,0.9401562209470966,0.6100000000000136,64659.821525748586,64631.65832436563
NVDA,2023-12-18 00:00:00-05:00,long,2023-12-18 10:01:00-05:00,49.549811999999996,2023-12-18 11:00:00-05:00,49.550172,time,326,49.290000000000006,50.069435999999975,0.2598119999999895,60,0.11736000000250613,3.2600000000000002,0.129226848576,-3.2718668485734943,-0.038629475836345975,0.9237863743119963,0.46000000000000085,64631.65832436563,64628.38645751705
META,2023-12-19 00:00:00-05:00,long,2023-12-19 09:48:00-05:00,347.679016,2023-12-19 10:47:00-05:00,346.8612,time,46,344.53499999999997,353.96704800000003,3.144016000000022,60,-37.6195359999997,0.46,0.1276449216,-38.2071809215997,-0.26418150849104705,1.335303984397051,4.829999999999984,64628.38645751705,64590.17927659545
NVDA,2023-12-19 00:00:00-05:00,short,2023-12-19 09:50:00-05:00,48.860448000000005,2023-12-19 10:03:00-05:00,49.304714,stop,330,49.285,48.01134400000002,0.4245519999999914,14,-146.60777999999732,3.3000000000000003,0.12899158272000003,-150.03677158271734,-1.0709097674348518,1.2377943177810522,0.6499999999999986,64590.17927659545,64440.14250501274
SPY,2023-12-19 00:00:00-05:00,long,2023-12-19 09:52:00-05:00,459.71381199999996,2023-12-19 10:51:00-05:00,459.87597600000004,time,35,459.025,461.09143599999993,0.6888119999999844,60,5.675740000002634,0.35000000000000003,0.12876527328,5.196974726722634,0.21556679063674647,0.7875968674255861,0.8700000000000045,64440.14250501274,64445.33947973946
AMZN,2023-12-19 00:00:00-05:00,short,2023-12-19 09:53:00-05:00,153.30205464000002,2023-12-19 10:52:00-05:00,153.891532,time,105,154.325,151.2561639200001,1.0229453599999658,60,-61.89512279999889,1.05,0.1287737258976,-63.07389652589649,-0.5872295822693105,0.8506273841580375,1.5900000000000034,64445.33947973946,64382.265583213564
QQQ,2023-12-19 00:00:00-05:00,long,2023-12-19 10:33:00-05:00,403.10117599999995,2023-12-19 10:40:00-05:00,402.15907200000004,stop,39,402.32,404.66352799999987,0.7811759999999595,8,-36.742055999996694,0.39,0.125473630464,-37.257529630460695,-1.222927064548789,0.6651616058698757,1.1599999999999682,64382.265583213564,64345.0080535831
META,2023-12-20 00:00:00-05:00,long,2023-12-20 09:52:00-05:00,348.749444,2023-12-20 10:51:00-05:00,349.52013600000004,time,46,346.53,353.188332,2.21944400000001,60,35.45183200000247,0.46,0.12862341004800001,34.86320858995447,0.34148004586376146,0.8383719611163792,3.5400000000000205,64345.0080535831,64379.87126217305
QQQ,2023-12-20 00:00:00-05:00,long,2023-12-20 09:56:00-05:00,403.731428,2023-12-20 10:55:00-05:00,403.94835600000005,time,39,402.95000000000005,405.2942839999999,0.7814279999999485,60,8.460192000002053,0.39,0.126031887072,7.944160112930052,0.26067201732221784,0.6426015618038939,1.1999999999999886,64379.87126217305,64387.81542228598
SPY,2023-12-20 00:00:00-05:00,long,2023-12-20 10:01:00-05:00,461.064352,2023-12-20 11:00:00-05:00,461.185452,time,34,460.28999999999996,462.61305600000003,0.7743520000000217,60,4.11740000000043,0.34,0.12544244294399998,3.6519575570564298,0.13871019430957707,0.9583724544876153,0.8199999999999932,64387.81542228598,64391.46737984304
AMZN,2023-12-20 00:00:00-05:00,long,2023-12-20 10:13:00-05:00,155.12742616,2023-12-20 11:12:00-05:00,154.60293408,time,103,153.89499999999998,157.59227848000003,1.232426160000017,60,-54.02268423999871,1.03,0.12739281768192,-55.180077057680634,-0.434694524394565,0.7574058174600501,2.1500000000000057,64391.46737984304,64336.28730278536
NVDA,2023-12-21 00:00:00-05:00,short,2023-12-21 09:47:00-05:00,48.580560000000006,2023-12-21 09:52:00-05:00,48.829524,stop,331,48.81,48.12168000000001,0.22943999999999676,6,-82.40708399999792,3.31,0.12864132288000002,-85.84572532287793,-1.130372404463029,0.7245704641029954,0.3999999999999986,64336.28730278536,64250.44157746248
META,2023-12-21 00:00:00-05:00,short,2023-12-21 09:57:00-05:00,349.3602,2023-12-21 10:56:00-05:00,349.009548,time,45,351.45000000000005,345.18059999999997,2.089800000000025,60,15.779340000001127,0.45,0.125769672,15.203570328001128,0.16166959441095846,0.9156299218010223,3.6999999999999886,64250.44157746248,64265.64514779048
QQQ,2023-12-21 00:00:00-05:00,short,2023-12-21 10:01:00-05:00,400.479744,2023-12-21 10:22:00-05:00,401.655598,stop,40,401.495,398.44923199999994,1.0152560000000221,22,-47.03416000000061,0.4,0.12815351808,-47.56231351808061,-1.1711901608579405,1.2443531170854314,1.6100000000000136,64265.64514779048,64218.0828342724
SPY,2023-12-21 00:00:00-05:00,short,2023-12-21 10:07:00-05:00,456.837192,2023-12-21 10:18:00-05:00,457.99312399999997,stop,35,457.81,454.89157600000004,0.9728079999999864,12,-40.45761999999826,0.35000000000000003,0.12791441376,-40.93553441375826,-1.2022790700076138,1.5326633619727683,1.2799999999999727,64218.0828342724,64177.14729985864
AMZN,2023-12-21 00:00:00-05:00,long,2023-12-21 10:15:00-05:00,153.56640199999998,2023-12-21 10:42:00-05:00,152.73888000000002,stop,104,152.8,155.09920599999992,0.7664019999999709,28,-86.06228799999576,1.04,0.12707874816,-87.22936674815577,-1.094391600021909,0.7321885725326815,1.4000000000000057,64177.14729985864,64089.91793311048
SPY,2023-12-22 00:00:00-05:00,long,2023-12-22 09:48:00-05:00,461.32445599999994,2023-12-22 10:47:00-05:00,460.71564,time,34,460.505,462.96336799999983,0.8194559999999456,60,-20.699743999997736,0.34,0.12531465408,-21.165058654077736,-0.7596524097937837,0.9807031690493029,1.25,64089.91793311048,64068.752874456404
QQQ,2023-12-22 00:00:00-05:00,long,2023-12-22 09:51:00-05:00,404.46172,2023-12-22 10:01:00-05:00,403.518528,stop,39,403.68,406.02516,0.7817200000000071,11,-36.78448800000041,0.39,0.125897780736,-37.300385780736406,-1.2234817431100673,0.8909731163727496,1.080000000000041,64068.752874456404,64031.45248867567
META,2023-12-22 00:00:00-05:00,long,2023-12-22 09:51:00-05:00,354.171612,2023-12-22 09:56:00-05:00,352.538928,stop,45,352.68,357.15483599999993,1.491611999999975,6,-73.47077999999925,0.45,0.12691401408,-74.04769401407925,-1.103171811050066,0.6317671842894615,2.6200000000000045,64031.45248867567,63957.40479466159
NVDA,2023-12-22 00:00:00-05:00,short,2023-12-22 09:57:00-05:00,48.910428,2023-12-22 10:21:00-05:00,49.164657999999996,stop,326,49.144999999999996,48.44128400000002,0.2345719999999929,25,-82.8789799999976,3.2600000000000002,0.127558396224,-86.2665383962216,-1.1281026014358093,0.5766975034096653,0.30999999999999517,63957.40479466159,63871.13825626537
AMZN,2023-12-22 00:00:00-05:00,short,2023-12-22 10:23:00-05:00,153.48738048,2023-12-22 11:22:00-05:00,153.56640199999998,time,104,153.95999999999998,152.54214144000008,0.47261951999996654,60,-8.218238079996809,1.04,0.12770150055936,-9.385939580556167,-0.19095575875455945,0.41412454685647765,0.7800000000000011,63871.13825626537,63861.75231668481
META,2023-12-26 00:00:00-05:00,long,2023-12-26 09:58:00-05:00,352.98113599999994,2023-12-26 10:57:00-05:00,352.57891200000006,time,45,351.51,355.9234079999998,1.4711359999999445,60,-18.10007999999442,0.45,0.12692840832000002,-18.67700840831442,-0.2821252632631461,0.5312342439126941,2.0600000000000023,63861.75231668481,63843.0753082765
SPY,2023-12-26 00:00:00-05:00,long,2023-12-26 10:08:00-05:00,461.08435999999995,2023-12-26 11:07:00-05:00,460.735632,time,34,460.465,462.3230799999999,0.6193599999999719,60,-11.856751999997869,0.34,0.125320091904,-12.322072091901868,-0.585142542392072,0.6503886971839391,0.75,63843.0753082765,63830.753236184595
QQQ,2023-12-26 00:00:00-05:00,long,2023-12-26 10:37:00-05:00,404.78184799999997,2023-12-26 10:51:00-05:00,403.893378,stop,39,404.05499999999995,406.235544,0.7268480000000181,15,-34.65032999999937,0.39,0.126014733936,-35.166344733935375,-1.240563566280655,0.5700829595960375,1.0699999999999932,63830.753236184595,63795.58689145066
NVDA,2023-12-27 00:00:00-05:00,short,2023-12-27 09:48:00-05:00,49.2303,2023-12-27 10:47:00-05:00,49.129644,time,323,49.425,48.840900000000005,0.19469999999999743,60,32.51188800000024,3.23,0.12721109519999999,29.15467690480024,0.463596084232162,0.5941726350737346,0.3300000000000054,63795.58689145066,63824.74156835546
SPY,2023-12-27 00:00:00-05:00,long,2023-12-27 09:53:00-05:00,462.28484,2023-12-27 10:13:00-05:00,461.50032600000003,stop,34,461.685,463.4845199999999,0.599839999999972,21,-26.673475999998118,0.34,0.125528088672,-27.139004088670116,-1.330698190530778,0.6837041450603802,0.7100000000000364,63824.74156835546,63797.60256426679
QQQ,2023-12-27 00:00:00-05:00,long,2023-12-27 10:01:00-05:00,406.372484,2023-12-27 10:06:00-05:00,405.68266200000005,stop,39,405.845,407.4274519999999,0.5274839999999585,6,-26.903057999997486,0.39,0.126572990544,-27.419630990541485,-1.3328697387901638,0.44563635605708585,0.7099999999999795,63797.60256426679,63770.18293327625
META,2023-12-28 00:00:00-05:00,short,2023-12-28 09:47:00-05:00,355.977552,2023-12-28 10:46:00-05:00,357.182816,time,44,357.19500000000005,353.5426559999999,1.2174480000000472,60,-53.031615999999985,0.44,0.125304098304,-53.59692009830398,-1.0005452556626258,0.7747618227670884,1.9300000000000068,63770.18293327625,63716.58601317795
QQQ,2023-12-28 00:00:00-05:00,short,2023-12-28 09:52:00-05:00,406.24743600000005,2023-12-28 10:48:00-05:00,407.107778,stop,39,406.945,404.85230800000016,0.697563999999943,57,-33.55333799999789,0.39,0.12674920003200002,-34.070087200029896,-1.2523467086719176,0.5139046426237015,1.009999999999991,63716.58601317795,63682.51592597792
SPY,2023-12-28 00:00:00-05:00,short,2023-12-28 10:07:00-05:00,462.64486800000003,2023-12-28 10:16:00-05:00,463.290242,stop,34,463.105,461.72460400000006,0.46013199999998733,10,-21.9427159999982,0.34,0.125839404096,-22.408555404094198,-1.4323610593133387,0.5874419918855489,0.5500000000000114,63682.51592597792,63660.10737057382
NVDA,2023-12-28 00:00:00-05:00,long,2023-12-28 10:49:00-05:00,49.71988,2023-12-28 11:48:00-05:00,49.520184,time,320,49.510000000000005,50.13964,0.2098799999999983,60,-63.902720000000954,3.2,0.12677167104,-67.22949167104096,-1.00101087036404,0.7008618802744364,0.3399999999999963,63660.10737057382,63592.877878902786
AMZN,2023-12-29 00:00:00-05:00,long,2023-12-29 09:46:00-05:00,153.491372,2023-12-29 10:45:00-05:00,152.95384398000002,stop,103,153.01505,154.44401600000003,0.47632200000001035,60,-55.36538605999962,1.03,0.12603396743952,-56.52142002743914,-1.1520602675329386,0.44878541518533344,0.7300999999999931,63592.877878902786,63536.35645887534
QQQ,2023-12-29 00:00:00-05:00,long,2023-12-29 09:51:00-05:00,406.30245599999995,2023-12-29 10:00:00-05:00,405.61269,stop,39,405.775,407.3573679999999,0.5274559999999724,10,-26.900873999998566,0.39,0.12655115928,-27.41742515927857,-1.332833262907238,0.5334957920315914,0.6500000000000341,63536.35645887534,63508.939033716066
META,2023-12-29 00:00:00-05:00,short,2023-12-29 10:04:00-05:00,352.478952,2023-12-29 10:08:00-05:00,354.95192399999996,stop,45,354.81,347.816856,2.33104800000001,5,-111.28373999999866,0.45,0.12689242272,-111.86063242271867,-1.0663838031717752,0.6259463188510053,4.1200000000000045,63508.939033716066,63397.07840129334
SPY,2023-12-29 00:00:00-05:00,long,2023-12-29 10:06:00-05:00,463.145184,2023-12-29 10:11:00-05:00,462.504924,stop,34,462.69,464.0555519999999,0.4551839999999743,6,-21.768839999998477,0.34,0.125801339328,-22.234641339326476,-1.4366938191851915,0.7397055726981548,0.5,63397.07840129334,63374.84375995402
NVDA,2023-12-29 00:00:00-05:00,short,2023-12-29 10:34:00-05:00,49.58016000000001,2023-12-29 10:48:00-05:00,49.21015619200002,target,319,49.775,49.19048000000002,0.19483999999999213,15,118.03121475199544,3.19,0.12652856832,114.71468618367544,1.845653699035107,0.7666261779599323,0.269999999999996,63374.84375995402,63489.55844613769
QQQ,2024-01-02 00:00:00-05:00,short,2024-01-02 09:46:00-05:00,398.070708,2024-01-02 10:45:00-05:00,397.338872,time,39,399.475,395.26212400000003,1.404291999999998,60,28.541604000001712,0.39,0.12419806089600001,28.027405939105712,0.5117535628886619,1.9306935428508623,2.4699999999999704,63489.55844613769,63517.5858520768
META,2024-01-02 00:00:00-05:00,short,2024-01-02 09:46:00-05:00,342.81282,2024-01-02 10:45:00-05:00,338.945524,time,46,346.92499999999995,334.58846000000005,4.112179999999967,60,177.89561600000047,0.46,0.12615511776,177.30946088224047,0.9373503828723552,0.9236182843370829,6.329999999999984,63517.5858520768,63694.895312959045
SPY,2024-01-02 00:00:00-05:00,short,2024-01-02 09:49:00-05:00,457.436952,2024-01-02 09:59:00-05:00,458.58836199999996,stop,34,458.405,455.5008560000001,0.9680479999999534,11,-39.147939999998016,0.34,0.124422850944,-39.61236285094202,-1.2035245107845869,1.761850034793645,1.0500000000000114,63694.895312959045,63655.2829501081
NVDA,2024-01-02 00:00:00-05:00,short,2024-01-02 09:50:00-05:00,47.650932000000005,2024-01-02 10:49:00-05:00,47.649052,time,333,48.465,46.02279600000001,0.8140679999999989,60,0.6260400000023267,3.33,0.126942082848,-2.8309020828456735,-0.010442871425965675,1.3572094720828747,1.490000000000002,63655.2829501081,63652.452048025254
AMZN,2024-01-02 00:00:00-05:00,short,2024-01-02 09:50:00-05:00,149.630124,2024-01-02 10:49:00-05:00,148.66634276,time,106,151.075,146.740372,1.4448759999999936,60,102.16081144000032,1.06,0.12688634515199998,100.97392509484831,0.6592843946525565,1.0884661394273254,2.609999999999985,63652.452048025254,63753.4259731201
QQQ,2024-01-03 00:00:00-05:00,long,2024-01-03 09:49:00-05:00,395.578168,2024-01-03 09:56:00-05:00,394.53712200000007,stop,40,394.69500000000005,397.3445039999999,0.8831679999999551,8,-41.6418399999975,0.4,0.12625187904000001,-42.1680918790375,-1.1936599797275163,1.396060494648285,1.4499999999999886,63753.4259731201,63711.257881241065
NVDA,2024-01-03 00:00:00-05:00,long,2024-01-03 09:49:00-05:00,48.109236,2024-01-03 09:57:00-05:00,47.635938,stop,331,47.655,49.017708000000006,0.45423600000000164,9,-156.66163799999993,3.31,0.126139963824,-160.09777796382392,-1.0648189212303694,0.975240684035507,0.8299999999999983,63711.257881241065,63551.16010327724
META,2024-01-03 00:00:00-05:00,long,2024-01-03 09:49:00-05:00,344.81787199999997,2024-01-03 09:57:00-05:00,342.20806200000004,stop,46,342.345,349.76361599999984,2.4728719999999385,9,-120.05125999999655,0.46,0.125932566816,-120.63719256681254,-1.0605270569993068,0.7004269330580126,4.310000000000002,63551.16010327724,63430.522910710424
SPY,2024-01-03 00:00:00-05:00,short,2024-01-03 09:57:00-05:00,455.99752800000005,2024-01-03 10:00:00-05:00,456.677598,stop,34,456.495,455.0025840000001,0.4974719999999593,4,-23.12237999999809,0.34,0.124031327616,-23.586411327614087,-1.3944864841116695,1.2073482494562227,0.4700000000000273,63430.522910710424,63406.93649938281
AMZN,2024-01-04 00:00:00-05:00,long,2024-01-04 09:53:00-05:00,145.793294,2024-01-04 10:52:00-05:00,146.576346,time,108,144.885,147.60988200000003,0.9082940000000121,60,84.56961599999977,1.08,0.12664196294399999,83.36297403705576,0.849812273594219,1.7369684943258061,1.6699999999999875,63406.93649938281,63490.299473419866
SPY,2024-01-04 00:00:00-05:00,long,2024-01-04 10:02:00-05:00,455.95230799999996,2024-01-04 11:01:00-05:00,456.127476,time,34,454.935,457.9869239999999,1.0173079999999572,60,5.9557120000014265,0.34,0.12406667347199998,5.491645326529427,0.15877097220512248,1.0551996313135494,1.1100000000000136,63490.299473419866,63495.7911187464
QQQ,2024-01-04 00:00:00-05:00,long,2024-01-04 10:08:00-05:00,392.48693199999997,2024-01-04 11:07:00-05:00,393.03272400000003,time,40,391.615,394.2307959999999,0.8719319999999584,60,21.831680000002507,0.4,0.12577047168000002,21.30590952832251,0.6108821997679729,0.9427119794158381,1.3500000000000227,63495.7911187464,63517.09702827472
NVDA,2024-01-04 00:00:00-05:00,long,2024-01-04 10:50:00-05:00,48.009196,2024-01-04 11:49:00-05:00,48.32066400000001,time,330,47.739999999999995,48.54758800000002,0.269196000000008,60,102.78444000000164,3.3000000000000003,0.12756655296,99.35687344704164,1.1184469111279367,0.74176291102094,0.4799999999999969,63517.09702827472,63616.45390172176
META,2024-01-05 00:00:00-05:00,long,2024-01-05 09:46:00-05:00,347.999144,2024-01-05 10:45:00-05:00,349.130292,time,45,345.36,353.277432,2.6391439999999875,60,50.90165999999982,0.45,0.12568690512,50.32597309487982,0.42375670204581534,0.7806546893131237,4.220000000000027,63616.45390172176,63666.77987481664
AMZN,2024-01-05 00:00:00-05:00,long,2024-01-05 09:48:00-05:00,146.088412,2024-01-05 10:47:00-05:00,146.30015652,time,108,145.275,147.715236,0.8134119999999996,60,22.868408159999603,1.08,0.12640333523327998,21.662004824766324,0.24658367315436266,0.7610785509966901,1.490000000000009,63666.77987481664,63688.4418796414
SPY,2024-01-05 00:00:00-05:00,long,2024-01-05 09:54:00-05:00,454.89188399999995,2024-01-05 10:10:00-05:00,456.36303373919986,target,35,454.065,456.54565199999985,0.82688399999995,17,51.49024087199706,0.35000000000000003,0.12778164944697595,51.012459222550085,1.7626400256022496,1.0249016210506068,1.2699999999999818,63688.4418796414,63739.45433886395
QQQ,2024-01-05 00:00:00-05:00,long,2024-01-05 10:01:00-05:00,392.536952,2024-01-05 11:00:00-05:00,393.81241200000005,time,40,391.595,394.4208559999999,0.9419519999999579,60,51.01840000000266,0.4,0.12601997184,50.49238002816266,1.3400996024257317,1.2357527342481154,1.3699999999999477,63739.45433886395,63789.94671889211
NVDA,2024-01-05 00:00:00-05:00,long,2024-01-05 10:04:00-05:00,48.739487999999994,2024-01-05 11:03:00-05:00,49.220304000000006,time,327,48.44,49.33846399999999,0.29948799999999665,60,157.22683200000375,3.27,0.128760315264,153.82807168473974,1.5707548802223017,0.929406407411448,0.4399999999999977,63789.94671889211,63943.77479057685
QQQ,2024-01-08 00:00:00-05:00,long,2024-01-08 09:46:00-05:00,394.67780799999997,2024-01-08 10:45:00-05:00,395.921568,time,40,393.43,397.1734239999999,1.2478079999999636,60,49.750400000000354,0.4,0.12669490175999998,49.22370509824036,0.9862035084372314,0.9603473954279422,1.7200000000000273,63943.77479057685,63992.99849567509
NVDA,2024-01-08 00:00:00-05:00,long,2024-01-08 09:46:00-05:00,50.880343999999994,2024-01-08 10:45:00-05:00,51.249492000000004,time,314,50.09,52.461031999999975,0.7903439999999904,60,115.91247200000308,3.14,0.128738723904,112.64373327609908,0.4539010912514224,1.9857632736711845,1.3999999999999986,63992.99849567509,64105.64222895119
META,2024-01-08 00:00:00-05:00,short,2024-01-08 09:56:00-05:00,350.379792,2024-01-08 10:55:00-05:00,351.500544,time,45,351.8,347.539376,1.4202080000000024,60,-50.43383999999918,0.45,0.12613672512,-51.00997672511918,-0.7981612822459667,0.6705692624660806,2.3999999999999773,64105.64222895119,64054.632252226074
SPY,2024-01-08 00:00:00-05:00,long,2024-01-08 09:58:00-05:00,455.852268,2024-01-08 10:57:00-05:00,456.39736800000003,time,35,455.06,457.43680399999994,0.7922679999999787,60,19.078500000001668,0.35000000000000003,0.12779126304,18.600708736961668,0.6707942527731298,0.8868372168320177,0.9800000000000182,64054.632252226074,64073.23296096303
AMZN,2024-01-08 00:00:00-05:00,long,2024-01-08 10:03:00-05:00,147.844114,2024-01-08 11:02:00-05:00,147.67590600000003,time,108,146.95,149.632342,0.8941140000000019,60,-18.166463999996154,1.08,0.12759198278400002,-19.374055982780153,-0.2006337080595584,0.7568589436717431,1.5999999999999943,64073.23296096303,64053.858904980254
SPY,2024-01-09 00:00:00-05:00,short,2024-01-09 09:46:00-05:00,457.46694,2024-01-09 09:52:00-05:00,458.293244,stop,35,458.11,456.18082000000004,0.6430599999999913,7,-28.920639999999764,0.35000000000000003,0.1280907432,-29.398730743199767,-1.3061980771934263,0.8098439741299656,0.4800000000000182,64053.858904980254,64024.46017423706
META,2024-01-09 00:00:00-05:00,short,2024-01-09 09:47:00-05:00,352.89878400000003,2024-01-09 10:12:00-05:00,354.27665399999995,stop,45,354.135,350.4263520000001,1.2362159999999562,26,-62.00414999999623,0.45,0.12704356224000002,-62.58119356223623,-1.1249597079086222,0.5838577713818965,2.069999999999993,64024.46017423706,63961.878980674825
QQQ,2024-01-09 00:00:00-05:00,long,2024-01-09 10:10:00-05:00,397.949116,2024-01-09 11:09:00-05:00,398.50053600000007,time,40,397.025,399.79734800000006,0.9241160000000264,60,22.056800000002568,0.4,0.12752017152,21.52927982848257,0.5824290410641617,1.5717324626488818,1.2700000000000387,63961.878980674825,63983.4082605033
AMZN,2024-01-09 00:00:00-05:00,long,2024-01-09 10:11:00-05:00,149.679848,2024-01-09 11:10:00-05:00,150.619728,time,106,148.91500000000002,151.20954399999994,0.7648479999999722,60,99.62728000000175,1.06,0.127725529344,98.43955447065774,1.2141955554254573,0.7034237607244124,1.4099999999999966,63983.4082605033,64081.84781497396
NVDA,2024-01-09 00:00:00-05:00,long,2024-01-09 10:22:00-05:00,52.450972,2024-01-09 10:46:00-05:00,51.994194,stop,305,52.015,53.322916,0.4359719999999996,25,-139.31728999999996,3.0500000000000003,0.12686583335999999,-142.49415583335997,-1.071614584312755,1.7882391969095566,0.8299999999999983,64081.84781497396,63939.3536591406
QQQ,2024-01-10 00:00:00-05:00,short,2024-01-10 09:51:00-05:00,400.3398,2024-01-10 10:16:00-05:00,401.255438,stop,39,401.095,398.8294,0.7552000000000021,26,-35.70988200000005,0.39,0.1249060176,-36.22478801760005,-1.2299267987288118,0.7149310604730862,0.8299999999999841,63939.3536591406,63903.128871123
SPY,2024-01-10 00:00:00-05:00,short,2024-01-10 10:03:00-05:00,460.005924,2024-01-10 10:29:00-05:00,460.999326,stop,34,460.815,458.387772,0.8090760000000046,27,-33.77566800000011,0.34,0.12512161132799998,-34.24078961132811,-1.244731085079767,0.9326785115540229,1.169999999999959,63903.128871123,63868.88808151167
META,2024-01-10 00:00:00-05:00,long,2024-01-10 10:09:00-05:00,364.775852,2024-01-10 11:08:00-05:00,364.82401200000004,time,43,360.255,373.81755599999997,4.520851999999991,60,2.070880000002262,0.43,0.125499460128,1.5153805398742621,0.007795302280201316,1.860531929640185,8.610000000000014,63868.88808151167,63870.403462051545
NVDA,2024-01-10 00:00:00-05:00,long,2024-01-10 10:14:00-05:00,54.161656,2024-01-10 11:13:00-05:00,54.17832000000001,time,294,53.74,55.004968,0.4216559999999987,60,4.899216000001701,2.94,0.12742740864,1.831788591361701,0.014776437285383831,1.4864757006926885,0.7000000000000028,63870.403462051545,63872.23525064291
SPY,2024-01-11 00:00:00-05:00,short,2024-01-11 09:46:00-05:00,462.46494,2024-01-11 10:06:00-05:00,460.57897792800003,target,34,463.5,460.39482000000004,1.0350599999999872,21,64.12271044799945,0.34,0.12579046368,63.65691998431945,1.8088442722934004,1.053845092343652,1.2000000000000455,63872.23525064291,63935.89217062723
QQQ,2024-01-11 00:00:00-05:00,short,2024-01-11 09:46:00-05:00,403.798416,2024-01-11 10:06:00-05:00,401.6358380991998,target,39,404.96000000000004,401.47524799999985,1.1615840000000617,21,84.34053813120619,0.39,0.12598510579199998,83.82455302541419,1.850359090235441,1.3397548908677566,1.579999999999984,63935.89217062723,64019.716723652644
NVDA,2024-01-11 00:00:00-05:00,short,2024-01-11 09:46:00-05:00,54.52818,2024-01-11 10:45:00-05:00,54.201671999999995,time,293,54.955,53.67454,0.4268199999999993,60,95.66684400000118,2.93,0.12781405391999998,92.60902994608117,0.7405270947003526,1.2655774136545543,0.5900000000000034,64019.716723652644,64112.32575359873
AMZN,2024-01-11 00:00:00-05:00,short,2024-01-11 09:54:00-05:00,154.67810400000002,2024-01-11 10:53:00-05:00,154.8139008,time,103,156.105,151.82431200000008,1.4268959999999709,60,-13.987070399997947,1.03,0.127454757696,-15.144525157693947,-0.1030448083336018,1.311396552601269,2.1299999999999955,64112.32575359873,64097.18122844103
META,2024-01-11 00:00:00-05:00,short,2024-01-11 10:07:00-05:00,363.574512,2024-01-11 11:06:00-05:00,362.524952,time,44,366.91999999999996,356.88353600000016,3.345487999999932,60,46.18064000000186,0.44,0.127978228224,45.61266177177786,0.3098655275117003,1.1700482653595237,5.21999999999997,64097.18122844103,64142.79389021281
QQQ,2024-01-12 00:00:00-05:00,long,2024-01-12 09:46:00-05:00,405.902296,2024-01-12 09:59:00-05:00,404.78802,stop,39,404.95,407.80688799999996,0.9522959999999898,14,-43.456763999998486,0.39,0.12629386224,-43.973057862238484,-1.1839956317783265,0.86396575453169,1.5199999999999818,64142.79389021281,64098.82083235057
AMZN,2024-01-12 00:00:00-05:00,long,2024-01-12 09:49:00-05:00,155.942352,2024-01-12 10:00:00-05:00,155.03796,stop,102,155.1,157.627056,0.8423520000000053,12,-92.24798400000014,1.02,0.12651097536,-93.39449497536015,-1.086994871122756,0.6771708977383711,1.3199999999999932,64098.82083235057,64005.42633737521
NVDA,2024-01-12 00:00:00-05:00,long,2024-01-12 09:51:00-05:00,54.841927999999996,2024-01-12 10:00:00-05:00,54.503190000000004,stop,291,54.525,55.47578399999999,0.3169279999999972,10,-98.57275799999773,2.91,0.12688342632000002,-101.60964142631774,-1.1017455873889188,0.7726414729733376,0.5300000000000011,64005.42633737521,63903.816695948895
META,2024-01-12 00:00:00-05:00,long,2024-01-12 09:53:00-05:00,371.53855599999997,2024-01-12 10:52:00-05:00,371.14148400000005,time,42,368.78499999999997,377.045668,2.7535560000000032,60,-16.677023999996777,0.42,0.12470353862400002,-17.22172753862078,-0.148913307690827,0.9739484847086165,4.930000000000007,63903.816695948895,63886.594968410274
SPY,2024-01-12 00:00:00-05:00,short,2024-01-12 09:58:00-05:00,463.504524,2024-01-12 10:18:00-05:00,462.4484774288,target,34,464.125,462.263572,0.6204759999999965,21,35.905583420799985,0.34,0.12607323052799999,35.43951019027198,1.6799014547025273,0.8920380898142224,0.8099999999999454,63886.594968410274,63922.034478600544
SPY,2024-01-16 00:00:00-05:00,short,2024-01-16 09:47:00-05:00,459.835992,2024-01-16 10:01:00-05:00,461.04434399999997,stop,34,460.86,457.7879759999999,1.0240080000000376,15,-41.083967999999686,0.34,0.125075389824,-41.54904338982369,-1.1933800204060379,1.054475114902169,1.6000000000000227,63922.034478600544,63880.48543521072
QQQ,2024-01-16 00:00:00-05:00,short,2024-01-16 09:47:00-05:00,401.57930400000004,2024-01-16 09:57:00-05:00,402.856078,stop,39,402.69500000000005,399.347912,1.115696000000014,11,-49.79418599999957,0.39,0.12529274284800002,-50.309478742847574,-1.1562169573360241,1.1577912537105408,1.8100000000000023,63880.48543521072,63830.17595646787
META,2024-01-16 00:00:00-05:00,short,2024-01-16 09:51:00-05:00,366.88318799999996,2024-01-16 10:50:00-05:00,367.73703599999993,time,43,369.735,361.17956399999986,2.851812000000052,60,-36.71546399999875,0.43,0.12620781667199998,-37.27167181667075,-0.3039411663545686,1.0316003877201718,5.2099999999999795,63830.17595646787,63792.9042846512
AMZN,2024-01-16 00:00:00-05:00,short,2024-01-16 10:05:00-05:00,152.97768444000002,2024-01-16 10:20:00-05:00,154.151636,stop,104,154.09,150.75305332000005,1.1123155599999848,16,-122.09096223999768,1.04,0.12727743345408002,-123.25823967345177,-1.0655028339939019,0.7115999637641699,1.8000000000000114,63792.9042846512,63669.64604497775
NVDA,2024-01-16 00:00:00-05:00,long,2024-01-16 10:09:00-05:00,55.832324,2024-01-16 11:08:00-05:00,56.337456,time,285,55.25,56.996972,0.5823239999999998,60,143.96262000000092,2.85,0.12844939968,140.98417060032094,0.8494949553032392,1.1237626516179402,0.9000000000000057,63669.64604497775,63810.63021557807
QQQ,2024-01-17 00:00:00-05:00,short,2024-01-17 09:47:00-05:00,398.38058400000006,2024-01-17 10:46:00-05:00,399.819864,time,40,399.92,395.30175200000014,1.5394159999999601,60,-57.57119999999759,0.4,0.12748178688,-58.098681786877584,-0.9435182203328907,1.804941822339572,2.6000000000000227,63810.63021557807,63752.531533791196
NVDA,2024-01-17 00:00:00-05:00,short,2024-01-17 09:47:00-05:00,55.197912,2024-01-17 10:46:00-05:00,55.42216,time,288,55.81,53.973736,0.612088,60,-64.58342399999879,2.88,0.127175989248,-67.59059998924678,-0.38342457832206445,1.237153748481967,1.1199999999999974,63752.531533791196,63684.94093380195
META,2024-01-17 00:00:00-05:00,short,2024-01-17 09:47:00-05:00,358.59650400000004,2024-01-17 10:46:00-05:00,361.14439999999996,time,44,361.505,352.7795120000001,2.908495999999957,60,-112.10742399999663,0.44,0.12622596940800002,-112.67364996940462,-0.8804429409674145,0.6389953831056359,4.529999999999973,63684.94093380195,63572.267283832545
AMZN,2024-01-17 00:00:00-05:00,short,2024-01-17 09:49:00-05:00,150.25057572,2024-01-17 10:38:00-05:00,151.31600219999999,stop,105,151.25549999999998,148.24072716000003,1.0049242799999831,50,-111.86978039999843,1.05,0.1262104836048,-113.04599088360322,-1.0713528432269177,0.6993397424115262,1.4890000000000043,63572.267283832545,63459.22129294894
SPY,2024-01-17 00:00:00-05:00,short,2024-01-17 09:58:00-05:00,457.137072,2024-01-17 10:03:00-05:00,457.90809,stop,34,457.725,455.9612159999999,0.5879280000000335,6,-26.214612000000898,0.34,0.12434128358399998,-26.678953283584896,-1.3346448826658734,1.2279182630780263,0.75,63459.22129294894,63432.54233966536
SPY,2024-01-18 00:00:00-05:00,short,2024-01-18 09:47:00-05:00,459.526116,2024-01-18 10:00:00-05:00,460.34406399999995,stop,34,460.15999999999997,458.25834800000007,0.6338839999999664,14,-27.81023199999811,0.34,0.124991103552,-28.275223103550108,-1.3119501500716038,1.1480072818228773,0.8000000000000114,63432.54233966536,63404.26711656181
AMZN,2024-01-18 00:00:00-05:00,short,2024-01-18 10:02:00-05:00,152.20909200000003,2024-01-18 10:34:00-05:00,152.99357296,stop,104,152.9324,150.76247600000008,0.7233079999999745,33,-81.58601983999665,1.04,0.126637964544,-82.75265780454066,-1.100082720965337,0.7821582243912647,1.2151999999999816,63404.26711656181,63321.514458757265
QQQ,2024-01-18 00:00:00-05:00,short,2024-01-18 10:04:00-05:00,404.768028,2024-01-18 10:17:00-05:00,405.88729,stop,39,405.725,402.854084,0.9569720000000075,14,-43.65121799999969,0.39,0.126287624736,-44.16750562473569,-1.183420355270565,1.2948233203388533,1.349999999999966,63321.514458757265,63277.34695313253
META,2024-01-18 00:00:00-05:00,long,2024-01-18 10:12:00-05:00,371.10838399999994,2024-01-18 11:11:00-05:00,371.76123600000005,time,42,369.21500000000003,374.89515199999977,1.8933839999999122,60,27.419784000004597,0.42,0.12491177529600002,26.874872224708596,0.3379546410617915,0.8787287846735063,2.9899999999999523,63277.34695313253,63304.22182535724
NVDA,2024-01-18 00:00:00-05:00,long,2024-01-18 10:51:00-05:00,57.462976,2024-01-18 11:50:00-05:00,57.287076000000006,time,275,57.105000000000004,58.178927999999985,0.35797599999999363,60,-48.372499999997665,2.75,0.12603156720000003,-51.24853156719767,-0.5205888009475351,1.2366677968841755,0.6300000000000026,63304.22182535724,63252.97329379005
AMZN,2024-01-19 00:00:00-05:00,short,2024-01-19 09:48:00-05:00,153.22368600000001,2024-01-19 10:47:00-05:00,153.39093183999998,time,103,153.76999999999998,152.13105800000008,0.5463139999999669,60,-17.226321519996304,1.03,0.126256317264,-18.382577837260307,-0.32668324349728356,1.2579462914346842,0.9000000000000057,63252.97329379005,63234.590715952785
QQQ,2024-01-19 00:00:00-05:00,long,2024-01-19 09:55:00-05:00,410.324064,2024-01-19 10:07:00-05:00,409.476144,stop,38,409.64,411.6921920000001,0.6840640000000349,13,-32.220960000001696,0.38,0.12448074777599999,-32.7254407477777,-1.258940404921178,1.5111436449749065,1.0199999999999818,63234.590715952785,63201.865275205004
SPY,2024-01-19 00:00:00-05:00,long,2024-01-19 10:01:00-05:00,464.145584,2024-01-19 10:06:00-05:00,463.26462000000004,stop,34,463.45,465.536752,0.6955839999999966,6,-29.952775999998266,0.34,0.12600797664,-30.418783976638267,-1.2862143421354622,1.2137315086725127,1.0,63201.865275205004,63171.446491228366
NVDA,2024-01-19 00:00:00-05:00,long,2024-01-19 10:38:00-05:00,57.953171999999995,2024-01-19 11:37:00-05:00,58.096752,time,272,57.51,58.83951599999999,0.443171999999997,60,39.053760000001944,2.72,0.126418532352,36.20734146764995,0.300369215528075,1.3729587626298398,0.7800000000000011,63171.446491228366,63207.653832696014
SPY,2024-01-22 00:00:00-05:00,long,2024-01-22 09:53:00-05:00,470.928296,2024-01-22 10:04:00-05:00,470.00692200000003,stop,33,470.195,472.394888,0.7332959999999957,12,-30.405341999998598,0.33,0.124081827408,-30.859423827406594,-1.2752477244877414,1.3193159358919213,0.9700000000000273,63207.653832696014,63176.794408868605
NVDA,2024-01-22 00:00:00-05:00,short,2024-01-22 10:05:00-05:00,59.396232000000005,2024-01-22 11:04:00-05:00,59.443768,time,265,59.845,58.49869600000002,0.44876799999999406,60,-12.597039999998358,2.65,0.12592001184,-15.372960011838359,-0.12926761679975973,1.4945840362712284,0.75,63176.794408868605,63161.42144885677
AMZN,2024-01-22 00:00:00-05:00,short,2024-01-22 10:20:00-05:00,154.803054,2024-01-22 11:19:00-05:00,154.921944,time,102,155.98005,152.449062,1.1769960000000026,60,-12.126779999999314,1.02,0.126319292064,-13.273099292063314,-0.11055978476731695,1.326172855001392,2.1399000000000115,63161.42144885677,63148.148349564704
META,2024-01-22 00:00:00-05:00,short,2024-01-22 10:28:00-05:00,382.207056,2024-01-22 11:27:00-05:00,382.54295599999995,time,41,384.71000000000004,377.201168,2.5029440000000136,60,-13.77189999999689,0.41000000000000003,0.125363914368,-14.30726391436489,-0.13941888290266272,1.5653137309637677,4.479999999999961,63148.148349564704,63133.84108565034
QQQ,2024-01-22 00:00:00-05:00,short,2024-01-22 10:29:00-05:00,416.713248,2024-01-22 11:28:00-05:00,417.11677999999995,time,37,417.995,414.14974400000006,1.2817519999999831,60,-14.930683999997314,0.37,0.123347121408,-15.424031121405314,-0.325231172632407,1.3116402975371548,2.2100000000000364,63133.84108565034,63118.41705452893
META,2024-01-23 00:00:00-05:00,long,2024-01-23 09:50:00-05:00,382.622988,2024-01-23 10:49:00-05:00,384.486144,time,41,380.835,386.1989640000001,1.7879880000000412,60,76.38939600000015,0.41000000000000003,0.126111455232,75.85328454476814,1.0347273644162942,0.879673877068802,3.009999999999991,63118.41705452893,63194.2703390737
AMZN,2024-01-23 00:00:00-05:00,long,2024-01-23 09:57:00-05:00,155.12522528,2024-01-23 10:56:00-05:00,154.95799200000002,time,101,154.45499999999998,156.46567584000002,0.670225280000011,60,-16.890561279997627,1.01,0.125206057536,-18.02576733753363,-0.26628799190620445,0.6806003146072982,1.049999999999983,63194.2703390737,63176.24457173617
NVDA,2024-01-23 00:00:00-05:00,long,2024-01-23 10:01:00-05:00,59.483784,2024-01-23 11:00:00-05:00,59.37624,time,265,58.97,60.511352,0.5137840000000011,60,-28.499159999999257,2.65,0.1258776288,-31.275037628799257,-0.22970549865312456,1.0054232380752566,0.980000000000004,63176.24457173617,63144.96953410737
SPY,2024-01-23 00:00:00-05:00,short,2024-01-23 10:33:00-05:00,469.152264,2024-01-23 11:32:00-05:00,469.067552,time,33,469.765,467.92679200000003,0.612735999999984,60,2.79549600000081,0.33,0.123856197696,2.34163980230481,0.11580645153545148,0.6093893456916585,0.8100000000000023,63144.96953410737,63147.31117390967
SPY,2024-01-24 00:00:00-05:00,short,2024-01-24 09:46:00-05:00,472.650864,2024-01-24 10:28:00-05:00,473.3692719999999,stop,33,473.17999999999995,471.59259200000014,0.5291359999999372,43,-23.707463999996605,0.33,0.124779828096,-24.162243828092603,-1.383744834809924,0.8999274025061935,0.6800000000000068,63147.31117390967,63123.14893008158
META,2024-01-24 00:00:00-05:00,long,2024-01-24 09:47:00-05:00,388.185212,2024-01-24 10:46:00-05:00,390.573708,time,40,385.94,392.67563599999994,2.245211999999981,60,95.53984000000128,0.4,0.12498358655999998,95.01485641344127,1.057971991213325,0.8352812339032942,3.019999999999982,63123.14893008158,63218.163786495024
NVDA,2024-01-24 00:00:00-05:00,long,2024-01-24 09:49:00-05:00,60.454172,2024-01-24 10:00:00-05:00,61.17803499360001,target,261,60.08,61.202516,0.3741720000000015,12,188.9282413296021,2.61,0.12773973706663683,186.19050159253544,1.9065391566446883,0.691507281616243,0.5,63218.163786495024,63404.35428808756
AMZN,2024-01-24 00:00:00-05:00,short,2024-01-24 09:50:00-05:00,157.01696808000003,2024-01-24 10:44:00-05:00,157.928146,stop,100,157.865,155.32090424000006,0.8480319199999826,55,-91.11779199999717,1.0,0.125613574464,-92.24340557446116,-1.0877350651431028,1.2474421188714078,1.1500000000000057,63404.35428808756,63312.1108825131
QQQ,2024-01-24 00:00:00-05:00,long,2024-01-24 10:16:00-05:00,422.228824,2024-01-24 11:15:00-05:00,421.671264,time,37,421.17,424.3464719999999,1.0588239999999587,60,-20.62971999999877,0.37,0.124814694144,-21.12453469414277,-0.5392146098992742,0.8260164481597809,1.3999999999999773,63312.1108825131,63290.98634781896
META,2024-01-25 00:00:00-05:00,long,2024-01-25 09:52:00-05:00,389.775848,2024-01-25 10:51:00-05:00,391.263432,time,40,385.685,397.957544,4.090847999999994,60,59.50336000000107,0.4,0.12520429824,58.97815570176107,0.36042744500505247,1.1324546489697047,6.769999999999982,63290.98634781896,63349.96450352072
QQQ,2024-01-25 00:00:00-05:00,short,2024-01-25 09:57:00-05:00,421.18146,2024-01-25 10:10:00-05:00,422.33886799999993,stop,37,422.16999999999996,419.2043800000001,0.9885399999999436,14,-42.824095999996985,0.37,0.12466971216,-43.31876571215698,-1.1843501038703392,0.9293272653053537,1.1999999999999886,63349.96450352072,63306.64573780856
NVDA,2024-01-25 00:00:00-05:00,short,2024-01-25 09:59:00-05:00,61.765284,2024-01-25 10:10:00-05:00,62.204871999999995,stop,256,62.18,60.935852000000004,0.41471599999999853,12,-112.53452799999832,2.56,0.12649530163199998,-115.22102330163032,-1.0852779306127447,1.0053305615652472,0.7000000000000028,63306.64573780856,63191.42471450693
SPY,2024-01-25 00:00:00-05:00,long,2024-01-25 10:10:00-05:00,473.629376,2024-01-25 10:35:00-05:00,472.770816,stop,33,472.96,474.968128,0.6693759999999997,26,-28.332479999998498,0.33,0.124811495424,-28.787291495422497,-1.3032169760014622,0.9234323179170943,0.8799999999999955,63191.42471450693,63162.63742301151
AMZN,2024-01-25 00:00:00-05:00,long,2024-01-25 10:22:00-05:00,157.132828,2024-01-25 11:21:00-05:00,158.05675200000002,time,100,155.81005,159.778384,1.3227779999999996,60,92.3924000000028,1.0,0.1264454016,91.2659545984028,0.6899567017171652,1.3113982463619285,2.519900000000007,63162.63742301151,63253.90337760992
SPY,2024-01-26 00:00:00-05:00,short,2024-01-26 09:52:00-05:00,472.93075200000004,2024-01-26 10:25:00-05:00,473.774434,stop,33,473.585,471.62225600000016,0.6542479999999387,34,-27.841505999998162,0.33,0.12485371852800001,-28.296359718526162,-1.3106122540932867,0.682033863900069,0.8899999999999864,63253.90337760992,63225.607017891394
NVDA,2024-01-26 00:00:00-05:00,short,2024-01-26 09:52:00-05:00,60.555768,2024-01-26 09:59:00-05:00,60.944368,stop,261,60.92,59.827304,0.3642320000000012,8,-101.42459999999915,2.61,0.126440443584,-104.16104044358315,-1.0956874907860796,0.774752325009111,0.6199999999999974,63225.607017891394,63121.44597744781
QQQ,2024-01-26 00:00:00-05:00,short,2024-01-26 09:53:00-05:00,417.88278,2024-01-26 09:59:00-05:00,418.79245,stop,37,418.625,416.3983400000001,0.7422199999999748,7,-33.6577899999981,0.37,0.12369330288,-34.1514833028781,-1.2435841963837946,0.680618734330453,1.009999999999991,63121.44597744781,63087.29449414493
AMZN,2024-01-26 00:00:00-05:00,short,2024-01-26 09:54:00-05:00,158.296656,2024-01-26 10:51:00-05:00,159.068602,stop,99,159.005,156.87996800000005,0.7083439999999825,58,-76.42265399999857,0.99,0.125370951552,-77.53802495155057,-1.1056949352969812,0.9081938420037907,1.210000000000008,63087.29449414493,63009.75646919338
META,2024-01-26 00:00:00-05:00,short,2024-01-26 10:06:00-05:00,388.614492,2024-01-26 10:32:00-05:00,390.45111799999995,stop,40,390.29499999999996,385.25347600000003,1.6805079999999748,27,-73.46503999999868,0.4,0.12435663743999999,-73.98939663743869,-1.1006998573859779,0.6976455131712567,2.930000000000007,63009.75646919338,62935.767072555944
META,2024-01-29 00:00:00-05:00,long,2024-01-29 09:50:00-05:00,396.018344,2024-01-29 10:49:00-05:00,394.74204,time,39,392.725,402.605032,3.2933439999999905,60,-49.77585600000151,0.39,0.12315951647999998,-50.28901551648151,-0.39153575706638677,1.1587275991428263,6.089999999999975,62935.767072555944,62885.478057039465
NVDA,2024-01-29 00:00:00-05:00,long,2024-01-29 10:00:00-05:00,61.62464,2024-01-29 10:59:00-05:00,61.385436,time,255,61.175,62.523920000000004,0.44964000000000226,60,-60.99702000000022,2.5500000000000003,0.12522628944,-63.67224628944022,-0.5553222210835326,0.6928082999997931,0.75,62885.478057039465,62821.805810750026
AMZN,2024-01-29 00:00:00-05:00,long,2024-01-29 10:12:00-05:00,159.723864,2024-01-29 10:33:00-05:00,159.226284,stop,98,159.29,160.591592,0.4338639999999998,22,-48.762839999999926,0.98,0.12483340665599998,-49.867673406655925,-1.172841743661607,0.7861629817904451,0.6200000000000045,62821.805810750026,62771.93813734337
SPY,2024-01-29 00:00:00-05:00,long,2024-01-29 10:13:00-05:00,474.099564,2024-01-29 10:22:00-05:00,473.300604,stop,33,473.49,475.31869199999994,0.6095639999999776,10,-26.36567999999886,0.33,0.124951359456,-26.820631359454858,-1.3333241543660637,0.7681906516967345,0.6599999999999682,62771.93813734337,62745.117505983915
QQQ,2024-01-29 00:00:00-05:00,short,2024-01-29 10:59:00-05:00,418.03272,2024-01-29 11:17:00-05:00,419.027544,stop,37,418.86,416.3781599999999,0.8272800000000302,19,-36.808487999999784,0.37,0.12373768511999998,-37.30222568511978,-1.2186542183540727,0.5852109763824384,1.259999999999991,62745.117505983915,62707.8152802988
AMZN,2024-01-30 00:00:00-05:00,long,2024-01-30 09:46:00-05:00,161.104416,2024-01-30 09:52:00-05:00,160.42580400000003,stop,97,160.49,162.33324799999994,0.6144159999999772,7,-65.82536399999597,0.97,0.12449042390400002,-66.91985442389998,-1.122847397255254,0.7705140653746301,0.8799999999999955,62707.8152802988,62640.8954258749
NVDA,2024-01-30 00:00:00-05:00,short,2024-01-30 09:47:00-05:00,62.46500400000001,2024-01-30 10:07:00-05:00,62.875139999999995,stop,250,62.849999999999994,61.695012000000034,0.3849959999999868,21,-102.5339999999968,2.5,0.12493000800000001,-105.1589300079968,-1.092571663165336,0.8908975832903264,0.6799999999999997,62640.8954258749,62535.736495866906
SPY,2024-01-30 00:00:00-05:00,long,2024-01-30 09:51:00-05:00,476.99072,2024-01-30 10:00:00-05:00,476.264418,stop,32,476.455,478.06216000000006,0.5357200000000262,10,-23.241664000001037,0.32,0.12192369100799999,-23.683587691009038,-1.381527879011417,0.7808311335158612,0.6499999999999773,62535.736495866906,62512.052908175894
META,2024-01-30 00:00:00-05:00,long,2024-01-30 09:54:00-05:00,402.701016,2024-01-30 10:53:00-05:00,400.849596,time,38,400.265,407.573048,2.436015999999995,60,-70.35395999999855,0.38,0.121858277184,-70.85581827718255,-0.7654411123604958,1.2397076056573981,3.8700000000000045,62512.052908175894,62441.19708989871
QQQ,2024-01-30 00:00:00-05:00,short,2024-01-30 10:01:00-05:00,420.88158000000004,2024-01-30 11:00:00-05:00,421.188408,time,37,421.645,419.35474000000016,0.7634199999999396,60,-11.352635999997744,0.37,0.12458094768000001,-11.847216947677744,-0.4194218813234712,0.5295020123463233,0.7300000000000182,62441.19708989871,62429.34987295103
SPY,2024-01-31 00:00:00-05:00,short,2024-01-31 09:47:00-05:00,473.36058,2024-01-31 10:46:00-05:00,472.548944,time,32,474.21500000000003,471.65174,0.8544200000000046,60,25.972352000000683,0.32,0.12118030848,25.531171691520683,0.9337903084665821,0.8687893367154959,1.0500000000000114,62429.34987295103,62454.881044642556
QQQ,2024-01-31 00:00:00-05:00,short,2024-01-31 09:48:00-05:00,414.03432,2024-01-31 09:55:00-05:00,415.246032,stop,37,415.08000000000004,411.94295999999986,1.0456800000000612,8,-44.83334400000126,0.37,0.12255415871999999,-45.32589815872126,-1.171509710963165,0.9783043706342371,1.7199999999999704,62454.881044642556,62409.555146483835
NVDA,2024-01-31 00:00:00-05:00,long,2024-01-31 09:50:00-05:00,61.914756,2024-01-31 09:56:00-05:00,61.515384000000005,stop,251,61.54,62.66426799999999,0.37475599999999787,7,-100.24237199999811,2.5100000000000002,0.12352289107200001,-102.87589489107012,-1.0936826176818912,0.8365747867250106,0.7000000000000028,62409.555146483835,62306.67925159277
META,2024-01-31 00:00:00-05:00,long,2024-01-31 09:59:00-05:00,391.516544,2024-01-31 10:58:00-05:00,388.57450800000004,time,39,387.34000000000003,399.86963199999997,4.1765439999999785,60,-114.73940399999896,0.39,0.121235246496,-115.25063924649496,-0.707557395795181,1.4232233824545408,7.21999999999997,62306.67925159277,62191.42861234627
AMZN,2024-01-31 00:00:00-05:00,short,2024-01-31 10:37:00-05:00,156.267468,2024-01-31 11:36:00-05:00,156.41243995999997,time,99,157.70499999999998,153.39240400000006,1.437531999999976,60,-14.352224039996429,0.99,0.12376383465600001,-15.465987874652429,-0.1086738241263266,1.2148177525073847,2.609999999999985,62191.42861234627,62175.96262447162
AMZN,2024-02-01 00:00:00-05:00,long,2024-02-01 09:46:00-05:00,158.10011476,2024-02-01 10:45:00-05:00,157.951794,time,98,156.76,160.78034428,1.3401147600000058,60,-14.535434479999026,0.98,0.123834206496,-15.639268686495026,-0.11908261823188139,1.0540679345450759,2.280000000000001,62175.96262447162,62160.32335578513
QQQ,2024-02-01 00:00:00-05:00,short,2024-02-01 09:59:00-05:00,412.764828,2024-02-01 10:04:00-05:00,413.655396,stop,37,413.49,411.31448400000005,0.7251719999999864,6,-32.951015999999015,0.37,0.12217838908800001,-33.44319438908701,-1.2464217021947763,0.7801775152895829,1.0399999999999636,62160.32335578513,62126.88016139604
SPY,2024-02-01 00:00:00-05:00,short,2024-02-01 10:01:00-05:00,470.07189600000004,2024-02-01 10:04:00-05:00,471.053346,stop,33,470.865,468.4856880000001,0.7931039999999712,4,-32.38784999999797,0.33,0.124098980544,-32.841948980541964,-1.2548298522866792,1.3111293690460986,1.0299999999999727,62126.88016139604,62094.03821241549
NVDA,2024-02-01 00:00:00-05:00,short,2024-02-01 10:01:00-05:00,61.57536,2024-02-01 10:04:00-05:00,61.869738,stop,252,61.845,61.03608000000001,0.26963999999999544,4,-74.18325599999866,2.52,0.12413592576,-76.82739192575866,-1.1306579249369524,0.7215966503856286,0.4299999999999997,62094.03821241549,62017.21082048974
SPY,2024-02-02 00:00:00-05:00,long,2024-02-02 09:46:00-05:00,476.420492,2024-02-02 10:45:00-05:00,477.49892400000004,time,32,475.45,478.3614760000001,0.9704920000000357,60,34.50982400000066,0.32,0.122239724544,34.06758427545666,1.0969817459680054,1.1546778361701466,1.0,62017.21082048974,62051.278404765195
QQQ,2024-02-02 00:00:00-05:00,long,2024-02-02 09:46:00-05:00,420.538148,2024-02-02 10:45:00-05:00,421.31140800000003,time,36,418.53499999999997,424.544444,2.00314800000001,60,27.83736000000181,0.36,0.12133768550400001,27.35602231449781,0.3793476611493741,1.4384484762444218,2.6899999999999977,62051.278404765195,62078.63442707969
NVDA,2024-02-02 00:00:00-05:00,long,2024-02-02 09:46:00-05:00,64.865936,2024-02-02 10:45:00-05:00,65.17392000000001,time,239,64.18,66.237808,0.6859359999999981,60,73.60817600000112,2.39,0.12461253504000001,71.09356346496112,0.4336594210538673,0.9419337538546415,1.2000000000000028,62078.63442707969,62149.72799054465
META,2024-02-02 00:00:00-05:00,long,2024-02-02 09:46:00-05:00,468.68739999999997,2024-02-02 10:45:00-05:00,472.48093200000005,time,29,458.18,489.7021999999999,10.507399999999961,60,110.01242800000244,0.29,0.10961557622400002,109.61281242377844,0.3597228765007612,7.7726326672132275,18.220000000000027,62149.72799054465,62259.34080296843
META,2024-02-05 00:00:00-05:00,short,2024-02-05 09:50:00-05:00,458.17665600000004,2024-02-05 10:49:00-05:00,458.593364,time,33,463.19500000000005,448.139968,5.018344000000013,60,-13.751363999999057,0.33,0.120958637184,-14.202322637183057,-0.08576004619212439,2.5233846807959965,9.189999999999998,62259.34080296843,62245.13848033125
AMZN,2024-02-05 00:00:00-05:00,short,2024-02-05 09:50:00-05:00,168.33264000000003,2024-02-05 10:49:00-05:00,168.537388,time,92,169.585,165.82792000000006,1.2523599999999817,60,-18.83681599999693,0.92,0.12389282304000002,-19.88070882303693,-0.17254995458172553,1.457628545936535,1.9300000000000068,62245.13848033125,62225.25777150821
QQQ,2024-02-05 00:00:00-05:00,short,2024-02-05 09:51:00-05:00,422.111088,2024-02-05 10:40:00-05:00,420.1512573055999,target,36,423.175,419.98326399999996,1.0639120000000162,50,70.55390499840246,0.36,0.121567993344,70.07233700505846,1.8295251916474657,1.0528632834343885,1.1100000000000136,62225.25777150821,62295.33010851327
NVDA,2024-02-05 00:00:00-05:00,long,2024-02-05 09:57:00-05:00,69.23768399999999,2024-02-05 10:10:00-05:00,68.34765,stop,224,68.375,70.96305199999996,0.8626839999999873,14,-199.36761599999681,2.24,0.12247898880000001,-201.73009498879682,-1.043928925539362,1.7151211335446659,1.5900000000000034,62295.33010851327,62093.600013524476
SPY,2024-02-05 00:00:00-05:00,short,2024-02-05 10:01:00-05:00,478.078692,2024-02-05 10:18:00-05:00,476.7667064303999,target,32,478.83000000000004,476.5760759999999,0.7513080000000514,18,41.9835382272031,0.32,0.12238814515199999,41.5411500820511,1.72786785188499,0.9508624325165845,0.8000000000000114,62093.600013524476,62135.141163606524
SPY,2024-02-06 00:00:00-05:00,long,2024-02-06 09:46:00-05:00,479.9419,2024-02-06 09:50:00-05:00,479.03830800000003,stop,32,479.23,481.3656999999999,0.7118999999999573,5,-28.914943999998286,0.32,0.122633806848,-29.357577806846287,-1.2886982813091747,0.82505240880847,0.839999999999975,62135.141163606524,62105.783585799676
NVDA,2024-02-06 00:00:00-05:00,short,2024-02-06 09:47:00-05:00,68.15272800000001,2024-02-06 10:46:00-05:00,67.92716,time,227,68.945,66.56818400000004,0.7922719999999828,60,51.203936000002216,2.27,0.12376535404800001,48.810170645954216,0.2714001986388695,1.3273468046719183,1.3699999999999903,62105.783585799676,62154.59375644563
QQQ,2024-02-06 00:00:00-05:00,short,2024-02-06 09:49:00-05:00,422.670864,2024-02-06 10:25:00-05:00,420.68079703679996,target,36,423.75,420.512592,1.0791360000000054,37,71.64241067520129,0.36,0.121729208832,71.1606814663693,1.8317298248673255,0.6962429774123374,1.5399999999999636,62154.59375644563,62225.754437912
META,2024-02-06 00:00:00-05:00,short,2024-02-06 09:56:00-05:00,456.61728000000005,2024-02-06 10:33:00-05:00,449.9617527360002,target,34,460.03499999999997,449.7818400000002,3.4177199999999175,38,226.2879269759942,0.34,0.12419990016000002,225.8237270758342,1.9433640923656677,1.0143150314978562,6.03000000000003,62225.754437912,62451.57816498783
AMZN,2024-02-06 00:00:00-05:00,short,2024-02-06 09:56:00-05:00,169.272264,2024-02-06 10:55:00-05:00,168.927544,time,92,170.05,167.716792,0.7777360000000044,60,31.714239999999563,0.92,0.124584386304,30.66965561369556,0.4286362234588515,0.690335482216163,1.3200000000000216,62451.57816498783,62482.24782060153
SPY,2024-02-07 00:00:00-05:00,short,2024-02-07 09:46:00-05:00,480.70764,2024-02-07 09:49:00-05:00,481.61757,stop,32,481.425,479.27292000000006,0.7173599999999851,4,-29.11775999999918,0.32,0.12306115584,-29.56082115583918,-1.2877434776402275,0.9009698958581609,0.9099999999999682,62482.24782060153,62452.686999445694
QQQ,2024-02-07 00:00:00-05:00,short,2024-02-07 09:46:00-05:00,423.290616,2024-02-07 09:49:00-05:00,424.31465799999995,stop,36,424.145,421.58184800000004,0.8543839999999818,4,-36.86551199999826,0.36,0.121907697408,-37.34741969740626,-1.2142412836944205,0.7919129695672902,1.3100000000000023,62452.686999445694,62415.33957974829
META,2024-02-07 00:00:00-05:00,long,2024-02-07 09:46:00-05:00,462.28484,2024-02-07 10:45:00-05:00,463.744428,time,33,457.105,472.6445199999999,5.179839999999956,60,48.16640400000176,0.33,0.122428528992,47.71397547100976,0.2791356575832585,1.0925960049510508,9.79000000000002,62415.33957974829,62463.053555219296
NVDA,2024-02-07 00:00:00-05:00,long,2024-02-07 09:49:00-05:00,68.57741999999999,2024-02-07 10:48:00-05:00,69.15232800000001,time,227,67.95500000000001,69.82225999999994,0.6224199999999769,60,130.50411600000498,2.27,0.12558062764800001,128.10853537235698,0.9067105513576731,0.847764637555958,0.9500000000000028,62463.053555219296,62591.16209059165
AMZN,2024-02-07 00:00:00-05:00,short,2024-02-07 10:05:00-05:00,169.28226,2024-02-07 10:09:00-05:00,169.99297,stop,92,169.925,167.99678,0.6427400000000034,5,-65.38532000000055,0.92,0.12459174336,-66.42991174336055,-1.1234157794442576,1.0012389182188879,1.1099999999999852,62591.16209059165,62524.73217884829
AMZN,2024-02-08 00:00:00-05:00,long,2024-02-08 09:46:00-05:00,170.433146,2024-02-08 10:45:00-05:00,170.85213180000002,time,91,169.56,172.17943799999998,0.8731459999999913,60,38.127707800002725,0.91,0.12438035195040001,37.09332744805233,0.46683943228925523,0.7627211761022867,1.3600000000000136,62524.73217884829,62561.82550629634
QQQ,2024-02-08 00:00:00-05:00,long,2024-02-08 10:02:00-05:00,426.95071199999995,2024-02-08 10:30:00-05:00,426.06450600000005,stop,36,426.235,428.38213599999983,0.7157119999999395,29,-31.90341599999647,0.36,0.12270657772800002,-32.38612257772447,-1.2569504438209476,0.8141985216560391,1.0699999999999932,62561.82550629634,62529.43938371862
SPY,2024-02-08 00:00:00-05:00,short,2024-02-08 10:32:00-05:00,482.876772,2024-02-08 10:33:00-05:00,483.59335999999996,stop,32,483.4,481.8303160000001,0.5232279999999605,2,-22.93081599999823,0.32,0.123616453632,-23.37443245363023,-1.3960472569816598,0.6045465668322838,0.660000000000025,62529.43938371862,62506.06495126499
META,2024-02-08 00:00:00-05:00,long,2024-02-08 10:59:00-05:00,465.596164,2024-02-08 11:58:00-05:00,465.79360800000006,time,33,463.125,470.53849199999996,2.4711639999999875,60,6.51565200000249,0.33,0.12296951251200001,6.062682487490489,0.07434458058472702,0.58412118077823,4.289999999999964,62506.06495126499,62512.12763375248
NVDA,2024-02-09 00:00:00-05:00,long,2024-02-09 09:48:00-05:00,70.57821999999999,2024-02-09 10:18:00-05:00,71.07621813599997,target,221,70.315,71.10465999999997,0.2632199999999898,31,110.05758805599521,2.21,0.12566275366444793,107.72192530233077,1.8517951761070939,0.6970903204234187,0.45000000000000284,62512.12763375248,62619.84955905481
QQQ,2024-02-09 00:00:00-05:00,long,2024-02-09 09:51:00-05:00,428.44130799999994,2024-02-09 10:30:00-05:00,429.5220464303998,target,36,427.815,429.6939239999998,0.6263079999999377,40,38.906583494396045,0.36,0.12370234937195514,38.42288114502409,1.7041172299069358,0.7395489089467301,0.8300000000000409,62619.84955905481,62658.272440199835
SPY,2024-02-09 00:00:00-05:00,long,2024-02-09 09:59:00-05:00,484.883876,2024-02-09 10:58:00-05:00,484.995924,time,32,484.225,486.2016279999999,0.6588759999999638,60,3.585536000000502,0.32,0.124158956544,3.1413770434565023,0.14899318325150876,0.7176893909371886,0.7099999999999795,62658.272440199835,62661.413817243294
META,2024-02-09 00:00:00-05:00,short,2024-02-09 10:05:00-05:00,464.084292,2024-02-09 10:49:00-05:00,467.13177800000005,stop,33,466.94500000000005,458.3628759999999,2.860708000000045,45,-100.56703800000162,0.33,0.12251825308799999,-101.01955625308962,-1.0700842848469683,0.729812053028746,5.050000000000011,62661.413817243294,62560.39426099021
AMZN,2024-02-09 00:00:00-05:00,long,2024-02-09 10:30:00-05:00,171.838708,2024-02-09 10:45:00-05:00,173.0568735504,target,91,171.195,173.126124,0.6437080000000037,16,110.85306508640147,0.91,0.1259854039446912,109.81707968245678,1.8747337230725825,0.7871033269146381,1.009999999999991,62560.39426099021,62670.211340672664
META,2024-02-12 00:00:00-05:00,long,2024-02-12 09:49:00-05:00,468.68739999999997,2024-02-12 10:48:00-05:00,472.730832,time,33,465.72,474.62219999999985,2.967399999999941,60,133.43325600000173,0.33,0.124800939648,132.97845506035372,1.357973361644582,0.5995936510069438,5.260000000000048,62670.211340672664,62803.189795733015
SPY,2024-02-12 00:00:00-05:00,short,2024-02-12 10:09:00-05:00,486.225432,2024-02-12 10:25:00-05:00,486.78463600000003,stop,32,486.59000000000003,485.496296,0.36456800000001977,17,-17.89452800000072,0.32,0.12447371059199999,-18.33900171059272,-1.5719805453467979,0.6219513141490859,0.30000000000001137,62803.189795733015,62784.85079402242
AMZN,2024-02-12 00:00:00-05:00,short,2024-02-12 10:30:00-05:00,173.65551,2024-02-12 11:29:00-05:00,173.374322,time,90,174.61515,171.73622999999998,0.9596400000000074,60,25.30691999999874,0.9,0.12503196719999998,24.28188803279874,0.2811458004251427,1.3354180446930217,1.549699999999973,62784.85079402242,62809.13268205522
NVDA,2024-02-12 00:00:00-05:00,long,2024-02-12 10:37:00-05:00,73.47938,2024-02-12 11:36:00-05:00,74.300268,time,213,72.73,74.97814000000001,0.7493800000000022,60,174.84914399999926,2.13,0.126607656672,172.59253634332725,1.0812853263444369,1.1989730295725187,1.2800000000000011,62809.13268205522,62981.72521839855
QQQ,2024-02-12 00:00:00-05:00,long,2024-02-12 10:41:00-05:00,431.86267599999996,2024-02-12 11:40:00-05:00,432.846792,time,36,431.125,433.3380279999999,0.7376759999999649,60,35.42817600000103,0.36,0.12465987609599999,34.943516123905034,1.3158259529442125,0.6014714020760086,1.0499999999999545,62981.72521839855,63016.66873452245
NVDA,2024-02-13 00:00:00-05:00,long,2024-02-13 09:48:00-05:00,71.22848,2024-02-13 10:43:00-05:00,73.00622582400001,target,221,70.325,73.03544000000001,0.9034800000000018,56,392.8818271040016,2.21,0.12907500725683202,390.5427520967448,1.9559500754786068,1.3882398649274517,1.6500000000000057,63016.66873452245,63407.21148661919
SPY,2024-02-13 00:00:00-05:00,short,2024-02-13 09:52:00-05:00,479.248224,2024-02-13 10:25:00-05:00,480.257026,stop,33,480.065,477.614672,0.8167760000000044,34,-33.290466000000094,0.33,0.126521531136,-33.74698753113609,-1.2520397095311289,1.8063378668953274,1.2100000000000364,63407.21148661919,63373.464499088055
AMZN,2024-02-13 00:00:00-05:00,long,2024-02-13 09:53:00-05:00,169.76387839999998,2024-02-13 10:52:00-05:00,170.151912,time,93,167.66,173.97163519999995,2.103878399999985,60,36.08712480000264,0.93,0.126593022528,35.03053177747464,0.17903714620770436,1.5503003979863286,3.819999999999993,63373.464499088055,63408.49503086553
QQQ,2024-02-13 00:00:00-05:00,long,2024-02-13 09:55:00-05:00,423.00913599999996,2024-02-13 10:54:00-05:00,424.78002,time,37,421.58500000000004,425.8574079999998,1.424135999999919,60,65.52270800000088,0.37,0.12573488591999998,65.02697311408087,1.2340715773213538,1.6464324504135373,1.910000000000025,63408.49503086553,63473.52200397961
META,2024-02-13 00:00:00-05:00,long,2024-02-13 10:26:00-05:00,460.48412,2024-02-13 11:25:00-05:00,461.475336,time,34,455.495,470.46236000000005,4.989120000000014,60,33.70134400000029,0.34,0.125521291392,33.23582270860829,0.19593118572253337,0.9389909029760977,8.730000000000018,63473.52200397961,63506.75782668822
AMZN,2024-02-14 00:00:00-05:00,long,2024-02-14 09:46:00-05:00,169.60781599999999,2024-02-14 10:45:00-05:00,169.96198800000002,time,93,168.82999999999998,171.163448,0.7778160000000014,60,32.93799600000315,0.93,0.126451719072,31.881544280931152,0.4407370176186055,0.7269038880950436,1.0999999999999943,63506.75782668822,63538.63937096915
NVDA,2024-02-14 00:00:00-05:00,long,2024-02-14 09:47:00-05:00,73.619436,2024-02-14 10:46:00-05:00,73.540572,time,215,73.205,74.44830799999998,0.4144359999999949,60,-16.955759999999103,2.15,0.12648978383999998,-19.2322497838391,-0.21584110592708383,0.9413779643712441,0.6500000000000057,63538.63937096915,63519.40712118531
META,2024-02-14 00:00:00-05:00,long,2024-02-14 10:07:00-05:00,466.916692,2024-02-14 10:58:00-05:00,463.91436000000004,stop,34,464.1,472.550076,2.816691999999989,52,-102.07928799999888,0.34,0.12618470592,-102.54547270591888,-1.0707749781942715,0.6335647424125614,3.2199999999999704,63519.40712118531,63416.86164847939
SPY,2024-02-14 00:00:00-05:00,long,2024-02-14 10:20:00-05:00,482.97311199999996,2024-02-14 10:51:00-05:00,481.787208,stop,32,481.98,484.95933599999984,0.9931119999999396,32,-37.94892799999798,0.32,0.123337525248,-38.392265525245975,-1.2080795496016659,1.2328165889818832,1.4800000000000182,63416.86164847939,63378.46938295414
QQQ,2024-02-14 00:00:00-05:00,long,2024-02-14 10:20:00-05:00,426.580564,2024-02-14 10:51:00-05:00,425.1698640000001,stop,37,425.34000000000003,429.0616919999999,1.2405639999999494,32,-52.19589999999653,0.37,0.125850279744,-52.691750279740525,-1.1479467072331329,0.9022231947100373,1.8199999999999932,63378.46938295414,63325.7776326744
SPY,2024-02-15 00:00:00-05:00,long,2024-02-15 09:48:00-05:00,485.664188,2024-02-15 09:54:00-05:00,484.825992,stop,32,485.02,486.9525640000001,0.6441880000000424,7,-26.82227200000125,0.32,0.124115453952,-27.26638745395325,-1.3227110842424619,0.7168718791341999,0.7800000000000296,63325.7776326744,63298.51124522045
AMZN,2024-02-15 00:00:00-05:00,short,2024-02-15 09:49:00-05:00,169.65101244,2024-02-15 10:48:00-05:00,168.682446,time,93,170.505,167.94303731999997,0.8539875600000073,60,90.07667891999901,0.93,0.12622035325536,89.02045856674364,1.1208702289532895,0.7118035186803462,1.329999999999984,63298.51124522045,63387.531703787194
QQQ,2024-02-15 00:00:00-05:00,short,2024-02-15 09:55:00-05:00,426.48933600000004,2024-02-15 10:54:00-05:00,427.37087999999994,time,37,427.76,423.94800800000013,1.2706639999999538,60,-32.61712799999651,0.37,0.126240843456,-33.11336884345251,-0.7043214529473868,0.706012453579484,1.5199999999999818,63387.531703787194,63354.418334943744
NVDA,2024-02-15 00:00:00-05:00,short,2024-02-15 09:57:00-05:00,72.361044,2024-02-15 10:24:00-05:00,73.17425800000001,stop,218,73.14500000000001,70.793132,0.7839560000000034,28,-177.28065200000046,2.18,0.126197660736,-179.58684966073648,-1.0508152094658356,0.9857521768834218,1.3900000000000006,63354.418334943744,63174.83148528301
META,2024-02-15 00:00:00-05:00,long,2024-02-15 10:13:00-05:00,475.049944,2024-02-15 11:12:00-05:00,476.31939600000004,time,33,471.27,482.609832,3.7799440000000004,60,41.89191600000191,0.33,0.125748320544,41.43616767945792,0.3321851976727851,0.6040499648166926,6.319999999999993,63174.83148528301,63216.267652962466
QQQ,2024-02-16 00:00:00-05:00,short,2024-02-16 09:49:00-05:00,427.63887600000004,2024-02-16 09:54:00-05:00,425.8869146512001,target,36,428.6,425.71662800000007,0.9611239999999839,6,63.07060855679879,0.36,0.123159996288,62.587448560510786,1.8088615389814378,0.797325459349164,1.259999999999991,63216.267652962466,63278.855101522975
SPY,2024-02-16 00:00:00-05:00,short,2024-02-16 09:51:00-05:00,485.8056,2024-02-16 10:00:00-05:00,484.38047472000005,target,32,486.615,484.18680000000006,0.8093999999999824,10,45.60400895999919,0.32,0.1243662336,45.15964272639919,1.7435616940943977,0.7363159058614458,1.1499999999999773,63278.855101522975,63324.014744249376
META,2024-02-16 00:00:00-05:00,short,2024-02-16 09:51:00-05:00,469.971936,2024-02-16 10:50:00-05:00,469.217612,time,33,472.595,464.72580800000003,2.6230639999999994,60,24.892692000001773,0.33,0.124072591104,24.438619408897775,0.2823279281451211,1.1350909766457784,4.390000000000043,63324.014744249376,63348.45336365827
NVDA,2024-02-16 00:00:00-05:00,short,2024-02-16 09:53:00-05:00,72.98079600000001,2024-02-16 10:52:00-05:00,73.24928799999999,time,217,73.675,71.59238800000004,0.6942039999999849,60,-58.2627639999958,2.17,0.126694661856,-60.5594586618518,-0.40200841016183525,1.1820081918085574,1.1899999999999977,63348.45336365827,63287.89390499642
QQQ,2024-02-20 00:00:00-05:00,short,2024-02-20 09:52:00-05:00,420.13188,2024-02-20 10:51:00-05:00,420.588168,time,37,422.4,415.5956400000001,2.2681199999999535,60,-16.882655999998974,0.37,0.12435903648,-17.377015036478976,-0.20706534708921132,1.528241007221966,3.9599999999999795,63287.89390499642,63270.51688995994
SPY,2024-02-20 00:00:00-05:00,short,2024-02-20 09:53:00-05:00,481.517316,2024-02-20 10:52:00-05:00,482.452904,time,32,482.82500000000005,478.9019479999999,1.3076840000000516,60,-29.93881599999986,0.32,0.123268432896,-30.382084432895862,-0.726047071408657,1.142806708684875,1.9300000000000068,63270.51688995994,63240.13480552704
AMZN,2024-02-20 00:00:00-05:00,short,2024-02-20 10:12:00-05:00,166.50836999999999,2024-02-20 11:00:00-05:00,167.73706800000002,stop,94,167.67000000000002,164.18510999999992,1.1616300000000308,49,-115.49761200000347,0.9400000000000001,0.12521429424,-116.56282629424346,-1.0674914275285625,0.7827333495499963,2.0800000000000125,63240.13480552704,63123.5719792328
META,2024-02-20 00:00:00-05:00,short,2024-02-20 10:14:00-05:00,464.144268,2024-02-20 11:05:00-05:00,468.66239,stop,33,468.475,455.482804,4.330732000000012,52,-149.09802600000017,0.33,0.12253408675199999,-149.5505600867522,-1.0464362962529183,0.9428429243653147,7.109999999999957,63123.5719792328,62974.02141914605
NVDA,2024-02-20 00:00:00-05:00,short,2024-02-20 10:31:00-05:00,67.852848,2024-02-20 11:30:00-05:00,68.43736399999999,time,149,69.96000000000001,63.63854399999997,2.1071520000000135,60,-87.09288399999905,1.49,0.08088059481599999,-88.66376459481504,-0.28239957192646264,1.9662036139831716,3.739999999999995,62974.02141914605,62885.35765455123
SPY,2024-02-21 00:00:00-05:00,short,2024-02-21 09:48:00-05:00,480.22783200000003,2024-02-21 09:53:00-05:00,481.01232799999997,stop,32,480.82,479.0434960000001,0.5921679999999583,6,-25.103871999997864,0.32,0.122938324992,-25.546810324989863,-1.3481610331122071,0.7973746503156605,0.6399999999999864,62885.35765455123,62859.810844226246
QQQ,2024-02-21 00:00:00-05:00,short,2024-02-21 09:51:00-05:00,417.8028120000001,2024-02-21 09:56:00-05:00,418.83746799999994,stop,37,418.66999999999996,416.0684360000003,0.867187999999885,6,-38.2822719999952,0.37,0.12366963235200001,-38.7759416323472,-1.208501988606864,0.8731748890489663,1.3199999999999932,62859.810844226246,62821.0349025939
META,2024-02-21 00:00:00-05:00,short,2024-02-21 09:52:00-05:00,458.5365120000001,2024-02-21 09:57:00-05:00,461.64458399999995,stop,34,461.46,452.68953600000026,2.9234879999999066,6,-105.67444799999589,0.34,0.12472193126400001,-106.1391699312599,-1.0678136158232834,0.608120210266848,5.3799999999999955,62821.0349025939,62714.89573266264
AMZN,2024-02-21 00:00:00-05:00,short,2024-02-21 10:19:00-05:00,168.192696,2024-02-21 11:18:00-05:00,168.432346,time,93,169.325,165.92808800000006,1.1323039999999764,60,-22.287449999998444,0.93,0.125135365824,-23.342585365822444,-0.22166798100862356,1.1570237949270468,1.8100000000000023,62714.89573266264,62691.55314729682
SPY,2024-02-22 00:00:00-05:00,long,2024-02-22 09:46:00-05:00,489.655784,2024-02-22 10:45:00-05:00,489.634068,time,32,488.81,491.34735199999994,0.8457839999999806,60,-0.6949119999990216,0.32,0.125346321408,-1.1402583214070217,-0.04213022774605602,1.5650218292288767,1.080000000000041,62691.55314729682,62690.412888975414
QQQ,2024-02-22 00:00:00-05:00,long,2024-02-22 09:46:00-05:00,429.741828,2024-02-22 09:54:00-05:00,428.448552,stop,36,428.62,431.985484,1.1218279999999936,9,-46.5579359999997,0.36,0.123393182976,-47.0413291829757,-1.1647985149381181,1.5989413911190447,1.3199999999999932,62690.412888975414,62643.37155979244
NVDA,2024-02-22 00:00:00-05:00,long,2024-02-22 09:46:00-05:00,76.810712,2024-02-22 10:45:00-05:00,77.129136,time,203,75.325,79.78213599999998,1.4857119999999924,60,64.6400720000015,2.0300000000000002,0.125257716864,62.484814283137496,0.20717808492629053,2.6874847522005294,2.469999999999999,62643.37155979244,62705.85637407558
META,2024-02-22 00:00:00-05:00,long,2024-02-22 09:46:00-05:00,478.08115599999996,2024-02-22 10:45:00-05:00,481.35738000000003,time,32,474.87,484.5034679999999,3.21115599999996,60,104.83916800000225,0.32,0.12322748928,104.39594051072226,1.0159497517280727,0.8492532765087825,4.899999999999977,62705.85637407558,62810.2523145863
AMZN,2024-02-22 00:00:00-05:00,short,2024-02-22 10:04:00-05:00,171.91260744000002,2024-02-22 10:30:00-05:00,172.86912,stop,91,172.8,170.13782232000003,0.887392559999995,27,-87.04264295999937,0.91,0.12515237821632,-88.07779533821568,-1.0907099118112038,1.081180455921001,1.5800000000000125,62810.2523145863,62722.17451924809
QQQ,2024-02-23 00:00:00-05:00,short,2024-02-23 09:57:00-05:00,433.21664400000003,2024-02-23 10:56:00-05:00,432.20281199999994,time,36,434.2,431.2499320000001,0.9833559999999579,60,36.49795200000335,0.36,0.12476639347200001,36.01318560653135,1.0172981777180756,1.000481297223021,1.1000000000000227,62722.17451924809,62758.18770485462
NVDA,2024-02-23 00:00:00-05:00,short,2024-02-23 10:10:00-05:00,80.177916,2024-02-23 11:04:00-05:00,78.0549574992,target,195,81.255,78.023748,1.0770839999999993,55,413.9769076559992,1.95,0.12507754896,411.9018301070392,1.9611442352425599,1.8327163908642636,1.9899999999999949,62758.18770485462,63170.08953496166
AMZN,2024-02-23 00:00:00-05:00,long,2024-02-23 10:11:00-05:00,175.480164,2024-02-23 10:22:00-05:00,174.54015600000002,stop,89,174.61,177.22049199999998,0.8701639999999884,12,-83.660711999998,0.89,0.124272591072,-84.67498459107,-1.0933620803066895,0.8031832719281264,1.4799999999999898,63170.08953496166,63085.414550370595
META,2024-02-23 00:00:00-05:00,short,2024-02-23 10:44:00-05:00,483.73642800000005,2024-02-23 11:43:00-05:00,482.39288,time,32,487.245,476.71928400000013,3.5085719999999583,60,42.99353600000177,0.32,0.12383652556800001,42.549699474433766,0.37897985521633043,0.8360103032034402,6.350000000000023,63085.414550370595,63127.96424984503
SPY,2024-02-23 00:00:00-05:00,short,2024-02-23 10:45:00-05:00,493.742424,2024-02-23 11:44:00-05:00,493.45730399999997,time,31,494.65999999999997,491.90727200000015,0.91757599999994,60,8.838720000001956,0.31,0.122448121152,8.406271878849955,0.2955287198096733,0.9984591870913493,0.9599999999999795,63127.96424984503,63136.370521723875
SPY,2024-02-26 00:00:00-05:00,short,2024-02-26 09:47:00-05:00,492.992724,2024-02-26 10:08:00-05:00,493.73741599999994,stop,32,493.53999999999996,491.8981720000001,0.5472759999999539,22,-23.830143999997745,0.32,0.126206137344,-24.276350137341744,-1.386203564183325,0.5926971259147894,0.5799999999999841,63136.370521723875,63112.094171586534
QQQ,2024-02-26 00:00:00-05:00,short,2024-02-26 09:47:00-05:00,430.85758799999996,2024-02-26 09:52:00-05:00,432.04775,stop,36,431.875,428.8227639999999,1.0174120000000357,6,-42.845832000001565,0.36,0.12408698534399998,-43.329918985345564,-1.1830102856109435,0.7746892777181092,1.42999999999995,63112.094171586534,63068.76425260119
NVDA,2024-02-26 00:00:00-05:00,short,2024-02-26 09:47:00-05:00,78.76848,2024-02-26 10:19:00-05:00,79.716874,stop,200,79.685,76.93543999999999,0.9165200000000056,33,-189.6788000000015,2.0,0.12602956799999998,-191.8048295680015,-1.0463755813730216,1.0440223039776895,1.6299999999999955,63068.76425260119,62876.95942303319
AMZN,2024-02-26 00:00:00-05:00,short,2024-02-26 09:53:00-05:00,174.63012,2024-02-26 10:19:00-05:00,175.64022799999998,stop,90,175.57,172.75036000000003,0.9398799999999881,27,-90.90971999999766,0.9,0.1257336864,-91.93545368639766,-1.0868462367110556,0.6833278674162021,1.5999999999999943,62876.95942303319,62785.023969346796
META,2024-02-26 00:00:00-05:00,short,2024-02-26 10:03:00-05:00,476.92915200000004,2024-02-26 10:20:00-05:00,480.197002,stop,32,480.005,470.77745600000014,3.075847999999951,18,-104.5711999999985,0.32,0.122093862912,-105.01329386291049,-1.0669140455627213,0.3869986526426975,4.830000000000041,62785.023969346796,62680.010675483885
QQQ,2024-02-27 00:00:00-05:00,long,2024-02-27 10:20:00-05:00,432.27284000000003,2024-02-27 10:45:00-05:00,430.88757599999997,stop,36,431.05999999999995,434.6985200000002,1.2128400000000852,26,-49.86950400000228,0.36,0.12409562188799998,-50.35359962189028,-1.153252779103563,0.810982616650553,2.0600000000000023,62680.010675483885,62629.65707586199
QQQ,2024-02-28 00:00:00-05:00,short,2024-02-28 09:51:00-05:00,428.62848,2024-02-28 10:35:00-05:00,429.8418679999999,stop,36,429.66999999999996,426.54544000000016,1.0415199999999345,45,-43.68196799999623,0.36,0.12344500223999999,-44.16541300223623,-1.1779101964820382,0.6981942867000714,1.0600000000000023,62629.65707586199,62585.49166285976
NVDA,2024-02-28 00:00:00-05:00,short,2024-02-28 09:51:00-05:00,77.079156,2024-02-28 09:57:00-05:00,77.596026,stop,202,77.565,76.107468,0.48584400000000016,7,-104.40773999999945,2.02,0.12455991609599999,-106.55229991609545,-1.085711943026974,0.5965473010715218,0.9099999999999966,62585.49166285976,62478.93936294366
SPY,2024-02-28 00:00:00-05:00,long,2024-02-28 10:11:00-05:00,491.176392,2024-02-28 10:27:00-05:00,490.38876600000003,stop,31,490.58500000000004,492.359176,0.5913919999999848,17,-24.416405999999654,0.31,0.121616413968,-24.84802241396765,-1.355360082868908,0.6488308014912019,0.8100000000000023,62478.93936294366,62454.09134052969
META,2024-02-28 00:00:00-05:00,short,2024-02-28 10:49:00-05:00,481.017516,2024-02-28 11:48:00-05:00,483.353264,time,32,484.255,474.542548,3.237483999999995,60,-74.74393600000076,0.32,0.123140484096,-75.18707648409675,-0.7257475682128551,0.6294452845830226,6.069999999999993,62454.09134052969,62378.904264045595
AMZN,2024-02-29 00:00:00-05:00,long,2024-02-29 09:47:00-05:00,174.44475,2024-02-29 10:46:00-05:00,174.57284292,time,89,173.55,176.23424999999997,0.8947499999999877,60,11.400269880000025,0.89,0.12429586415903998,10.385974015840985,0.13042340011918624,0.5596792922993592,1.4000000000000057,62378.904264045595,62389.29023806144
META,2024-02-29 00:00:00-05:00,long,2024-02-29 09:54:00-05:00,485.52413199999995,2024-02-29 10:53:00-05:00,485.15586,time,32,483.83000000000004,488.9123959999998,1.694131999999911,60,-11.784703999997873,0.32,0.12419990016,-12.228903900157874,-0.2255746582202294,0.4088467327244405,2.819999999999993,62389.29023806144,62377.061334161284
SPY,2024-02-29 00:00:00-05:00,short,2024-02-29 10:11:00-05:00,492.482928,2024-02-29 11:10:00-05:00,492.887076,time,31,493.505,490.43878400000006,1.02207199999998,60,-12.528587999998877,0.31,0.122135766144,-12.960723766142877,-0.4090591107318975,0.9687786563540706,0.8300000000000409,62377.061334161284,62364.100610395144
QQQ,2024-02-29 00:00:00-05:00,short,2024-02-29 10:11:00-05:00,431.77722,2024-02-29 11:10:00-05:00,431.98272399999996,time,36,432.815,429.70166,1.037779999999998,60,-7.398143999998638,0.36,0.12435183936,-7.882495839358638,-0.21098712420740678,1.0734190564606776,1.2699999999999818,62364.100610395144,62356.218114555784
META,2024-03-01 00:00:00-05:00,long,2024-03-01 09:50:00-05:00,496.078352,2024-03-01 10:49:00-05:00,494.742024,time,31,491.62,504.995056,4.458351999999991,60,-41.42616799999939,0.31,0.12269602195200001,-41.8588640219514,-0.3028666054613865,0.6889933088659774,7.7000000000000455,62356.218114555784,62314.35925053383
QQQ,2024-03-01 00:00:00-05:00,long,2024-03-01 10:01:00-05:00,435.44410799999997,2024-03-01 11:00:00-05:00,436.22544,time,35,434.615,437.1023239999999,0.8291079999999624,60,27.346620000000712,0.35000000000000003,0.1221431232,26.87447687680071,0.9261063654916549,0.7187283302026637,1.2100000000000364,62314.35925053383,62341.23372741063
AMZN,2024-03-01 00:00:00-05:00,long,2024-03-01 10:04:00-05:00,177.30819492,2024-03-01 11:03:00-05:00,177.58893600000002,time,87,176.63,178.66458476000003,0.6781949200000099,60,24.42447396000111,0.87,0.123601899456,23.43087206054511,0.397113514964118,0.5117982972044909,1.1200000000000045,62341.23372741063,62364.66459947118
SPY,2024-03-01 00:00:00-05:00,long,2024-03-01 10:09:00-05:00,494.81784799999997,2024-03-01 11:06:00-05:00,495.9450865824,target,31,494.155,496.14354399999996,0.6628479999999968,58,34.944396054400784,0.31,0.12299438147243519,34.51140167292834,1.6795268624290507,1.1922447164003864,0.9300000000000068,62364.66459947118,62399.17600114411
NVDA,2024-03-01 00:00:00-05:00,long,2024-03-01 10:09:00-05:00,80.46217200000001,2024-03-01 11:08:00-05:00,81.257484,time,193,79.85,81.68651600000004,0.6121720000000153,60,153.49521599999915,1.93,0.125461555296,151.43975444470314,1.2817671179472043,0.8633944580045908,1.1199999999999903,62399.17600114411,62550.61575558881
SPY,2024-03-04 00:00:00-05:00,long,2024-03-04 09:47:00-05:00,497.709004,2024-03-04 09:50:00-05:00,497.036106,stop,31,497.235,498.65701199999995,0.47400399999997944,4,-20.85983799999923,0.31,0.12326495428800001,-21.293102954287228,-1.4490896466021488,0.9121766745589485,0.5099999999999909,62550.61575558881,62529.322652634524
QQQ,2024-03-04 00:00:00-05:00,short,2024-03-04 10:06:00-05:00,438.49453200000005,2024-03-04 10:13:00-05:00,439.435704,stop,35,439.26,436.96359600000017,0.7654679999999416,8,-32.94101999999782,0.35000000000000003,0.12277846896000001,-33.41379846895782,-1.2471846716727681,0.9445776714898972,1.1200000000000045,62529.322652634524,62495.908854165566
NVDA,2024-03-04 00:00:00-05:00,long,2024-03-04 10:39:00-05:00,85.324116,2024-03-04 11:38:00-05:00,85.00598400000001,time,183,84.4,87.172348,0.9241159999999979,60,-58.21815599999843,1.83,0.124448760576,-60.17260476057443,-0.35581252556171755,1.079486176550967,1.6600000000000108,62495.908854165566,62435.73624940499
AMZN,2024-03-04 00:00:00-05:00,long,2024-03-04 10:51:00-05:00,180.162036,2024-03-04 11:35:00-05:00,178.658508,stop,86,178.73000000000002,183.02610799999997,1.4320359999999823,45,-129.30340799999902,0.86,0.122917053504,-130.28632505350305,-1.0579044577538608,0.8106173064929529,2.4799999999999898,62435.73624940499,62305.44992435149
QQQ,2024-03-05 00:00:00-05:00,short,2024-03-05 09:47:00-05:00,432.81680400000005,2024-03-05 10:42:00-05:00,430.2724521648001,target,35,434.175,430.1004120000001,1.358195999999964,56,89.05231423199865,0.35000000000000003,0.12118870512,88.58112552687865,1.8634197868113502,1.4228807676090653,1.8700000000000045,62305.44992435149,62394.031049878366
SPY,2024-03-05 00:00:00-05:00,long,2024-03-05 10:04:00-05:00,495.808244,2024-03-05 10:07:00-05:00,494.72703,stop,31,494.925,497.574732,0.8832439999999906,4,-33.517633999999646,0.31,0.12269230344,-33.950326303439645,-1.2399425484237654,1.0453778712411905,0.8500000000000227,62394.031049878366,62360.08072357492
META,2024-03-05 00:00:00-05:00,short,2024-03-05 10:18:00-05:00,488.034708,2024-03-05 11:17:00-05:00,486.59455999999994,time,31,490.11,483.88412400000004,2.0752919999999904,60,44.64458800000244,0.31,0.121032607584,44.21355539241844,0.6872496604507151,0.6326914398053095,3.3600000000000136,62360.08072357492,62404.29427896734
NVDA,2024-03-05 00:00:00-05:00,short,2024-03-05 10:20:00-05:00,84.186312,2024-03-05 11:19:00-05:00,84.263692,time,185,85.1,82.35893600000001,0.9136879999999934,60,-14.315300000000946,1.85,0.12459574176,-16.289895741760947,-0.09637150810342893,0.8289047086245045,1.7000000000000028,62404.29427896734,62388.004383225576
AMZN,2024-03-05 00:00:00-05:00,short,2024-03-05 10:25:00-05:00,175.00996800000001,2024-03-05 11:24:00-05:00,174.864918,time,89,176.025,172.97990400000003,1.0150319999999908,60,12.909450000002323,0.89,0.12460709721600001,11.894842902786323,0.13167064708898568,0.7447314904549382,1.8100000000000023,62388.004383225576,62399.899226128364
NVDA,2024-03-06 00:00:00-05:00,long,2024-03-06 09:46:00-05:00,88.815512,2024-03-06 09:51:00-05:00,87.88983000000002,stop,175,87.92500000000001,90.59653599999997,0.8905119999999869,6,-161.9943499999966,1.75,0.12304576200000003,-163.8673957619966,-1.0515131953752386,0.9538944532728074,1.3299999999999983,62399.899226128364,62236.031830366366
AMZN,2024-03-06 00:00:00-05:00,short,2024-03-06 09:47:00-05:00,175.259868,2024-03-06 10:02:00-05:00,174.03919184160003,target,88,175.905,173.96960400000003,0.6451319999999896,16,107.41950193919843,0.88,0.12338294707200001,106.41611899212643,1.8744599236373356,0.6638899566795667,1.1100000000000136,62236.031830366366,62342.447949358495
QQQ,2024-03-06 00:00:00-05:00,short,2024-03-06 09:51:00-05:00,433.27662,2024-03-06 10:07:00-05:00,431.3723399439999,target,35,434.315,431.19985999999994,1.0383800000000178,17,66.64980196000215,0.35000000000000003,0.12131745359999999,66.17848450640216,1.8209266771702355,1.3344993507354321,1.3500000000000227,62342.447949358495,62408.6264338649
SPY,2024-03-06 00:00:00-05:00,short,2024-03-06 10:02:00-05:00,494.37217200000003,2024-03-06 10:51:00-05:00,495.513126,stop,31,495.315,492.4865160000001,0.9428279999999631,50,-35.36957399999892,0.31,0.122604298656,-35.80217829865492,-1.2249413226760453,1.202356919688899,1.1100000000000136,62408.6264338649,62372.824255566244
META,2024-03-06 00:00:00-05:00,short,2024-03-06 10:05:00-05:00,492.62287200000003,2024-03-06 11:04:00-05:00,494.78783599999997,time,31,496.41499999999996,485.03861600000016,3.792127999999934,60,-67.11388399999817,0.31,0.122170472256,-67.54605447225417,-0.5745863491358886,0.8942393022429731,5.410000000000025,62372.824255566244,62305.27820109399
SPY,2024-03-07 00:00:00-05:00,short,2024-03-07 09:46:00-05:00,497.24102400000004,2024-03-07 09:52:00-05:00,498.32425,stop,31,498.125,495.4730720000001,0.8839759999999615,7,-33.580005999999,0.31,0.123315773952,-34.013321773951006,-1.2412146123786345,1.0640602512425645,0.8899999999999864,62305.27820109399,62271.26487932004
QQQ,2024-03-07 00:00:00-05:00,short,2024-03-07 09:46:00-05:00,435.455748,2024-03-07 09:52:00-05:00,436.97472,stop,35,436.8,432.76724400000006,1.3442519999999831,7,-53.164019999998686,0.35000000000000003,0.12192760944000001,-53.63594760943869,-1.140006223523552,0.9241317152492327,1.5,62271.26487932004,62217.628931710606
AMZN,2024-03-07 00:00:00-05:00,short,2024-03-07 09:46:00-05:00,173.76046800000003,2024-03-07 09:51:00-05:00,174.564798,stop,89,174.495,172.29140400000009,0.7345319999999731,6,-71.58536999999686,0.89,0.12371745321600001,-72.59908745321286,-1.1105303563956297,0.47348860696882866,0.8499999999999943,62217.628931710606,62145.02984425739
META,2024-03-07 00:00:00-05:00,long,2024-03-07 09:51:00-05:00,502.14077599999996,2024-03-07 10:50:00-05:00,505.28780400000005,time,30,499.78499999999997,506.85232799999994,2.3557759999999917,60,94.41084000000274,0.3,0.12126907296000002,93.98957092704273,1.3299166379011003,0.805084131003726,4.489999999999952,62145.02984425739,62239.01941518443
NVDA,2024-03-07 00:00:00-05:00,long,2024-03-07 10:16:00-05:00,91.02639599999999,2024-03-07 11:15:00-05:00,91.603344,time,170,90.14500000000001,92.78918799999995,0.881395999999981,60,98.08116000000268,1.7,0.12458054784000001,96.25657945216268,0.6424072417483492,1.0040929448939382,1.3900000000000006,62239.01941518443,62335.2759946366
SPY,2024-03-08 00:00:00-05:00,long,2024-03-08 09:46:00-05:00,502.02072799999996,2024-03-08 10:45:00-05:00,501.69924,time,31,500.895,504.2721839999999,1.125727999999981,60,-9.966127999999628,0.31,0.12442141151999998,-10.400549411519629,-0.2980307800107963,0.9476768888895115,1.3899999999999864,62335.2759946366,62324.87544522508
META,2024-03-08 00:00:00-05:00,long,2024-03-08 09:46:00-05:00,514.795836,2024-03-08 10:45:00-05:00,513.974328,time,30,511.58000000000004,521.227508,3.2158359999999675,60,-24.64523999999983,0.3,0.12335383872,-25.06859383871983,-0.25984527650788247,0.8349013968816721,5.800000000000011,62324.87544522508,62299.80685138636
QQQ,2024-03-08 00:00:00-05:00,long,2024-03-08 09:49:00-05:00,440.93630399999995,2024-03-08 10:48:00-05:00,440.92356000000007,time,35,439.935,442.93891199999985,1.0013039999999478,60,-0.44603999999594635,0.35000000000000003,0.12345859680000001,-0.9194985967959465,-0.026237175203420296,0.9780930332901752,1.5299999999999727,62299.80685138636,62298.88735278956
AMZN,2024-03-08 00:00:00-05:00,long,2024-03-08 10:01:00-05:00,178.001172,2024-03-08 11:00:00-05:00,178.07874,time,87,176.85,180.303516,1.1511720000000025,60,6.7484160000011855,0.87,0.12394280304000001,5.754473196961185,0.05745741737986459,0.6330712873463573,1.5,62298.88735278956,62304.641825986524
NVDA,2024-03-08 00:00:00-05:00,long,2024-03-08 10:05:00-05:00,95.928356,2024-03-08 10:49:00-05:00,95.056962,stop,162,95.095,97.59506799999998,0.8333559999999949,45,-141.1658279999992,1.62,0.12319382275199998,-142.9090218227512,-1.0585565540969293,1.0786884912995127,1.2700000000000102,62304.641825986524,62161.732804163774
SPY,2024-03-11 00:00:00-04:00,short,2024-03-11 09:54:00-04:00,494.88196800000003,2024-03-11 10:53:00-04:00,495.32805199999996,time,31,495.56,493.5259040000001,0.6780319999999733,60,-13.828603999997767,0.31,0.12273072806400001,-14.261334728061769,-0.6784975572597549,1.1811775857869273,0.7999999999999545,62161.732804163774,62147.47146943571
META,2024-03-11 00:00:00-04:00,short,2024-03-11 09:56:00-04:00,479.00832,2024-03-11 10:55:00-04:00,484.4437,time,32,486.805,463.41496000000006,7.796679999999981,60,-173.93215999999848,0.32,0.12262612992000001,-174.37478612991848,-0.6989144182600755,1.4400981894616742,14.710000000000036,62147.47146943571,61973.09668330579
AMZN,2024-03-11 00:00:00-04:00,short,2024-03-11 09:59:00-04:00,172.4205042,2024-03-11 10:58:00-04:00,173.11922,time,89,173.5,170.26151260000003,1.0794957999999895,60,-62.1857062000002,0.89,0.1227633989904,-63.1984695989906,-0.6578026186239995,0.6776841416300139,1.9399999999999977,61973.09668330579,61909.8982137068
QQQ,2024-03-11 00:00:00-04:00,short,2024-03-11 10:00:00-04:00,429.748032,2024-03-11 10:30:00-04:00,431.34246799999994,stop,36,431.16999999999996,426.90409600000015,1.4219679999999357,31,-57.39969599999699,0.36,0.123767433216,-57.883463433212995,-1.1307385146894933,1.3380797352495652,2.2199999999999704,61909.8982137068,61852.014750273585
NVDA,2024-03-11 00:00:00-04:00,long,2024-03-11 10:33:00-04:00,87.86513199999999,2024-03-11 11:32:00-04:00,86.675316,time,156,85.88499999999999,91.82539599999998,1.9801319999999976,60,-185.61129599999896,1.56,0.10817079436799998,-187.27946679436695,-0.606277461567206,1.4145207417489563,3.730000000000004,61852.014750273585,61664.73528347922
SPY,2024-03-12 00:00:00-04:00,short,2024-03-12 09:46:00-04:00,495.891564,2024-03-12 09:55:00-04:00,497.74902,stop,31,497.55,492.574692,1.6584359999999947,10,-57.58113599999865,0.31,0.122981107872,-58.01411710787065,-1.1284265009394168,1.30861175029365,2.3600000000000136,61664.73528347922,61606.721166371346
QQQ,2024-03-12 00:00:00-04:00,short,2024-03-12 09:46:00-04:00,430.87758,2024-03-12 09:56:00-04:00,433.11317599999995,stop,35,432.94,426.7527400000001,2.0624199999999746,11,-78.24585999999755,0.35000000000000003,0.1206457224,-78.71650572239754,-1.09048739860938,1.1546693429824015,3.240000000000009,61606.721166371346,61528.00466064895
NVDA,2024-03-12 00:00:00-04:00,short,2024-03-12 09:47:00-04:00,86.25548400000001,2024-03-12 09:56:00-04:00,87.29490399999999,stop,178,87.25999999999999,84.24645200000005,1.004515999999981,10,-185.01675999999617,1.78,0.122827809216,-186.91958780921217,-1.0453890668461212,0.7730157546068628,1.5799999999999983,61528.00466064895,61341.085072839734
AMZN,2024-03-12 00:00:00-04:00,short,2024-03-12 09:47:00-04:00,172.23108000000002,2024-03-12 10:00:00-04:00,173.249272,stop,89,173.18,170.33324000000005,0.9489199999999869,14,-90.61908799999739,0.89,0.12262852896000001,-91.6317165289574,-1.0849911990894754,0.5907836272711466,1.5200000000000102,61341.085072839734,61249.453356310776
META,2024-03-12 00:00:00-04:00,long,2024-03-12 10:07:00-04:00,491.65658399999995,2024-03-12 11:06:00-04:00,493.42255200000005,time,31,486.015,502.9397519999999,5.641583999999966,60,54.74500800000311,0.31,0.12236879289600001,54.31263920710711,0.3105547341994927,0.8074557792254906,9.990000000000009,61249.453356310776,61303.76599551788
QQQ,2024-03-13 00:00:00-04:00,short,2024-03-13 09:46:00-04:00,434.94595200000003,2024-03-13 10:45:00-04:00,435.62417999999997,time,35,436.065,432.7078560000001,1.1190479999999638,60,-23.737979999997663,0.35000000000000003,0.12178486656000001,-24.209764866557663,-0.6181214457431277,0.8348477717635454,1.4700000000000273,61303.76599551788,61279.556230651324
NVDA,2024-03-13 00:00:00-04:00,short,2024-03-13 09:46:00-04:00,88.884432,2024-03-13 10:45:00-04:00,89.63583999999999,time,172,90.1,86.45329600000002,1.2155679999999904,60,-129.2421759999972,1.72,0.122304978432,-131.08448097842918,-0.6269653984441755,0.9986696974195015,1.9200000000000017,61279.556230651324,61148.47174967289
SPY,2024-03-13 00:00:00-04:00,short,2024-03-13 09:47:00-04:00,500.7996,2024-03-13 10:33:00-04:00,501.685594,stop,30,501.485,499.42879999999997,0.6854000000000156,47,-26.579819999999472,0.3,0.12019190399999999,-27.00001190399947,-1.3131024172745287,0.6727737691653539,0.9300000000000068,61148.47174967289,61121.471737768894
META,2024-03-13 00:00:00-04:00,short,2024-03-13 09:48:00-04:00,488.424552,2024-03-13 10:11:00-04:00,492.166788,stop,31,491.97,481.33365599999996,3.5454480000000217,24,-116.00931599999973,0.31,0.121129288896,-116.44044528889573,-1.0594270163928419,0.5116355233711177,3.7399999999999523,61121.471737768894,61005.031292479995
AMZN,2024-03-13 00:00:00-04:00,short,2024-03-13 09:50:00-04:00,175.509768,2024-03-13 09:53:00-04:00,176.19539998,stop,86,176.12495,174.279404,0.6151820000000043,4,-58.964350279998484,0.86,0.12075072038399999,-59.945101000382486,-1.1330566533870912,0.6710445075778715,1.049900000000008,61005.031292479995,60945.08619147961
NVDA,2024-03-14 00:00:00-04:00,short,2024-03-14 09:46:00-04:00,89.00438400000002,2024-03-14 09:51:00-04:00,87.42810926080004,target,171,89.81,87.39315200000004,0.8056159999999863,6,269.54298040319554,1.71,0.12175799731200002,267.7112224058836,1.9433113345911708,0.6545540196089568,1.3599999999999994,60945.08619147961,61212.79741388549
SPY,2024-03-14 00:00:00-04:00,short,2024-03-14 09:47:00-04:00,500.979528,2024-03-14 09:50:00-04:00,499.9184714336,target,30,501.61,499.718584,0.6304719999999975,4,31.831696991999934,0.3,0.12023508672,31.411461905279932,1.6607378760293905,0.8141322948844676,0.6999999999999886,61212.79741388549,61244.20887579077
QQQ,2024-03-14 00:00:00-04:00,short,2024-03-14 09:48:00-04:00,434.036316,2024-03-14 10:47:00-04:00,434.37368,time,35,435.44500000000005,431.2189479999999,1.4086840000000507,60,-11.807739999999285,0.35000000000000003,0.12153016847999999,-12.279270168479284,-0.24905251321656732,0.8295766298292684,1.4499999999999886,61244.20887579077,61231.92960562229
META,2024-03-14 00:00:00-04:00,short,2024-03-14 09:52:00-04:00,490.113876,2024-03-14 10:11:00-04:00,494.58275399999997,stop,31,494.385,481.57162800000003,4.271123999999986,20,-138.5352179999988,0.31,0.121548241248,-138.9667662412468,-1.0495595330428187,0.5712367464175016,6.25,61231.92960562229,61092.96283938104
AMZN,2024-03-14 00:00:00-04:00,long,2024-03-14 10:14:00-04:00,178.26127599999998,2024-03-14 11:13:00-04:00,179.343234,time,85,177.23250000000002,180.3188279999999,1.028775999999965,60,91.96643000000122,0.85,0.12195339912,90.99447660088123,1.040579537360952,0.6992786785312957,1.5349999999999966,61092.96283938104,61183.95731598193
QQQ,2024-03-15 00:00:00-04:00,short,2024-03-15 09:47:00-04:00,428.508528,2024-03-15 09:55:00-04:00,430.036946,stop,35,429.865,425.795584,1.3564719999999966,9,-53.494629999999574,0.35000000000000003,0.11998238784000001,-53.96461238783957,-1.136658971378688,1.8114429126199543,2.25,61183.95731598193,61129.992703594085
AMZN,2024-03-15 00:00:00-04:00,short,2024-03-15 09:49:00-04:00,175.659708,2024-03-15 10:48:00-04:00,175.92033999999998,time,87,176.845,173.289124,1.185292000000004,60,-22.674983999998858,0.87,0.12225915676799999,-23.667243156766858,-0.22951076837098872,3.106671139405292,2.170000000000016,61129.992703594085,61106.32546043732
NVDA,2024-03-15 00:00:00-04:00,long,2024-03-15 09:54:00-04:00,87.645044,2024-03-15 10:49:00-04:00,89.3393819472,target,174,86.78,89.375132,0.8650439999999975,56,294.8148028127996,1.74,0.12436041967050239,292.9504423931291,1.9462862376300223,0.9951971084751225,1.3400000000000034,61106.32546043732,61399.27590283045
SPY,2024-03-15 00:00:00-04:00,short,2024-03-15 09:58:00-04:00,496.181448,2024-03-15 10:24:00-04:00,497.33885599999996,stop,30,497.14,494.264344,0.9585519999999974,27,-34.72223999999926,0.3,0.11908354751999999,-35.14132354751926,-1.2220280710738471,2.266791066514788,1.4800000000000182,61399.27590283045,61364.13457928293
QQQ,2024-03-18 00:00:00-04:00,long,2024-03-18 09:47:00-04:00,435.27404,2024-03-18 09:53:00-04:00,433.986336,stop,35,434.15999999999997,437.5021200000001,1.1140400000000454,7,-45.069640000000675,0.35000000000000003,0.12151617408,-45.541156174080676,-1.1679795076370383,1.4662008169447367,1.660000000000025,61364.13457928293,61318.59342310885
NVDA,2024-03-18 00:00:00-04:00,long,2024-03-18 09:47:00-04:00,92.22687599999999,2024-03-18 09:55:00-04:00,90.998586,stop,166,91.035,94.61062799999998,1.1918759999999935,9,-203.89613999999784,1.6600000000000001,0.12084612220799999,-205.67698612220585,-1.0395527627773307,0.9775676895536958,2.1899999999999977,61318.59342310885,61112.91643698664
AMZN,2024-03-18 00:00:00-04:00,long,2024-03-18 09:47:00-04:00,176.42554199999998,2024-03-18 09:54:00-04:00,175.41980400000003,stop,86,175.49,178.29662599999992,0.9355419999999697,8,-86.4934679999958,0.86,0.12068882515200001,-87.4741568251478,-1.0872214806304625,0.6974644373675317,1.5,61112.91643698664,61025.44228016149
META,2024-03-18 00:00:00-04:00,short,2024-03-18 10:00:00-04:00,483.05670000000003,2024-03-18 10:09:00-04:00,486.129374,stop,31,485.935,477.3001000000001,2.8782999999999674,10,-95.25289399999843,0.31,0.1197980616,-95.68269206159843,-1.0723477238647758,0.5363059933688111,5.330000000000041,61025.44228016149,60929.75958809989
SPY,2024-03-18 00:00:00-04:00,long,2024-03-18 10:13:00-04:00,501.630572,2024-03-18 11:12:00-04:00,500.759616,time,30,500.52,503.85171599999995,1.1105719999999906,60,-26.12867999999935,0.3,0.12018230783999999,-26.54886230783935,-0.7968525020691912,1.5122111475558406,1.5199999999999818,60929.75958809989,60903.21072579205
NVDA,2024-03-19 00:00:00-04:00,short,2024-03-19 09:47:00-04:00,84.886032,2024-03-19 10:06:00-04:00,86.2845,stop,179,86.25,82.158096,1.3639679999999998,20,-250.32577199999895,1.79,0.12155679782399999,-252.23732879782295,-1.033123275807053,0.9924931074691473,2.740000000000009,60903.21072579205,60650.973396994224
AMZN,2024-03-19 00:00:00-04:00,long,2024-03-19 09:48:00-04:00,174.8734214,2024-03-19 10:47:00-04:00,175.35982800000002,time,86,174.10250000000002,176.4152642,0.7709213999999918,60,41.830967600000804,0.86,0.12064756166400001,40.850320038336804,0.6161506495681848,0.5230012342446949,1.164999999999992,60650.973396994224,60691.82371703256
SPY,2024-03-19 00:00:00-04:00,long,2024-03-19 10:41:00-04:00,498.93949599999996,2024-03-19 11:40:00-04:00,499.47013200000004,time,30,498.18,500.4584879999999,0.759495999999956,60,15.919080000002168,0.3,0.11987283168,15.499207168322167,0.6802408952043226,0.7962530204148947,1.0199999999999818,60691.82371703256,60707.32292420088
AMZN,2024-03-20 00:00:00-04:00,short,2024-03-20 09:48:00-04:00,175.07994000000002,2024-03-20 10:47:00-04:00,175.29509,time,86,175.84,173.55982000000006,0.7600599999999815,60,-18.502899999997055,0.86,0.12045499872000001,-19.483354998717054,-0.2980694149408879,0.41109319280560236,1.3600000000000136,60707.32292420088,60687.839569202166
NVDA,2024-03-20 00:00:00-04:00,short,2024-03-20 09:49:00-04:00,88.134732,2024-03-20 10:24:00-04:00,89.27069399999999,stop,172,89.235,85.934196,1.1002679999999998,36,-195.38546399999865,1.72,0.12127339123199998,-197.22673739123064,-1.0421707055517313,0.6980591711601266,2.030000000000001,60687.839569202166,60490.61283181093
SPY,2024-03-20 00:00:00-04:00,long,2024-03-20 10:25:00-04:00,502.741016,2024-03-20 10:36:00-04:00,501.829188,stop,30,502.03,504.16304800000006,0.7110160000000292,12,-27.354840000000422,0.3,0.12043900512,-27.775279005120424,-1.3021403646387368,0.691003218283684,0.7600000000000477,60490.61283181093,60462.83755280581
META,2024-03-20 00:00:00-04:00,long,2024-03-20 10:28:00-04:00,497.168788,2024-03-20 10:36:00-04:00,493.537506,stop,30,493.735,504.036364,3.4337879999999927,9,-108.93845999999996,0.3,0.11844900144,-109.35690900143996,-1.0615769814700284,0.37523355561827704,4.7099999999999795,60462.83755280581,60353.48064380437
SPY,2024-03-21 00:00:00-04:00,short,2024-03-21 09:49:00-04:00,508.926348,2024-03-21 10:00:00-04:00,509.89387600000003,stop,29,509.69000000000005,507.39904399999995,0.763652000000036,12,-28.058312000000456,0.29,0.118070912736,-28.466382912736453,-1.2854014797106135,0.9708421047776072,1.0600000000000023,60353.48064380437,60325.01426089163
QQQ,2024-03-21 00:00:00-04:00,short,2024-03-21 09:49:00-04:00,442.27302000000003,2024-03-21 10:22:00-04:00,443.50233,stop,34,443.325,440.1690600000001,1.0519799999999577,34,-41.796539999998004,0.34,0.12029826144,-42.256838261438006,-1.1814370845073017,0.9901101997696098,1.25,60325.01426089163,60282.75742263019
NVDA,2024-03-21 00:00:00-04:00,short,2024-03-21 09:49:00-04:00,90.653724,2024-03-21 10:48:00-04:00,91.576616,time,166,91.60499999999999,88.75117200000001,0.9512759999999929,60,-153.20007200000074,1.6600000000000001,0.12038814547199998,-154.98046014547273,-0.9814367542038392,0.9498069822845364,1.769999999999996,60282.75742263019,60127.77696248471
META,2024-03-21 00:00:00-04:00,short,2024-03-21 09:49:00-04:00,503.828388,2024-03-21 10:48:00-04:00,505.742216,time,29,507.73,496.025164,3.901612,60,-55.50101199999904,0.29,0.116888186016,-55.907900186015034,-0.4941184892562271,0.7089966579612664,6.740000000000009,60127.77696248471,60071.8690622987
SPY,2024-03-22 00:00:00-04:00,short,2024-03-22 09:47:00-04:00,507.666852,2024-03-22 10:02:00-04:00,508.538334,stop,29,508.33500000000004,506.33055599999994,0.6681480000000306,16,-25.27297800000042,0.29,0.11777870966399999,-25.680756709664422,-1.3253700300172626,0.6093293266053508,0.7099999999999795,60071.8690622987,60046.188305589036
AMZN,2024-03-22 00:00:00-04:00,short,2024-03-22 09:47:00-04:00,177.00916800000002,2024-03-22 09:55:00-04:00,177.626022,stop,84,177.555,175.91750400000004,0.5458319999999901,9,-51.815735999999106,0.84,0.11895016089600001,-52.77468616089511,-1.1510319536853844,0.4998567540793464,0.9300000000000068,60046.188305589036,59993.41361942814
QQQ,2024-03-22 00:00:00-04:00,short,2024-03-22 09:50:00-04:00,439.084296,2024-03-22 09:52:00-04:00,439.95090999999996,stop,34,439.775,437.70288800000003,0.6907039999999824,3,-29.46487599999898,0.34,0.11943092851199999,-29.92430692851098,-1.2742458048136283,0.5205738381406676,0.9699999999999704,59993.41361942814,59963.48931249963
NVDA,2024-03-22 00:00:00-04:00,long,2024-03-22 10:02:00-04:00,92.19686399999999,2024-03-22 11:01:00-04:00,92.64292800000001,time,162,91.36000000000001,93.87059199999995,0.8368639999999772,60,72.26236800000342,1.62,0.12006523468800001,70.52230276531542,0.5201835143775249,0.6054113701323851,1.3599999999999994,59963.48931249963,60034.01161526494
AMZN,2024-03-25 00:00:00-04:00,long,2024-03-25 09:46:00-04:00,178.811496,2024-03-25 10:13:00-04:00,180.58222620480007,target,83,177.89,180.65448800000004,0.921496000000019,28,146.97060699840497,0.8300000000000001,0.11990659819998724,146.020700400205,1.9091624347695326,0.8051820734230226,1.299999999999983,60034.01161526494,60180.03231566515
NVDA,2024-03-25 00:00:00-04:00,long,2024-03-25 09:50:00-04:00,94.7879,2024-03-25 10:12:00-04:00,96.36513852,target,158,93.97999999999999,96.4037,0.8079000000000036,23,249.20368616000138,1.58,0.12180553508928,247.50188062491208,1.938937490892241,0.8323703266142616,1.2600000000000051,60180.03231566515,60427.534196290064
QQQ,2024-03-25 00:00:00-04:00,long,2024-03-25 09:52:00-04:00,438.985524,2024-03-25 10:51:00-04:00,439.23423600000007,time,34,438.015,440.926572,0.9705240000000117,60,8.456208000002334,0.34,0.11947171219200002,7.996736287810334,0.24234138064804767,0.8130335885478882,1.5299999999999727,60427.534196290064,60435.53093257787
SPY,2024-03-25 00:00:00-04:00,long,2024-03-25 10:09:00-04:00,506.962704,2024-03-25 11:08:00-04:00,506.80719600000003,time,29,506.305,508.2781119999999,0.657703999999967,60,-4.50973199999828,0.29,0.11757926947200001,-4.9173112694702805,-0.25780967968561724,0.7715223364483901,0.7300000000000182,60435.53093257787,60430.6136213084
AMZN,2024-03-26 00:00:00-04:00,short,2024-03-26 09:47:00-04:00,179.28825600000002,2024-03-26 10:46:00-04:00,179.5718,time,84,179.94,177.98476800000006,0.6517439999999795,60,-23.817695999998136,0.84,0.120481708032,-24.778177708030135,-0.4525984221534638,0.7769989677226724,1.0199999999999818,60430.6136213084,60405.83544360037
QQQ,2024-03-26 00:00:00-04:00,long,2024-03-26 10:01:00-04:00,441.9267,2024-03-26 10:11:00-04:00,440.868582,stop,34,441.04499999999996,443.69010000000003,0.8817000000000235,11,-35.97601199999929,0.34,0.11991625430399999,-36.43592825430329,-1.215430360276682,0.6238032443668411,1.0500000000000114,60405.83544360037,60369.39951534607
NVDA,2024-03-26 00:00:00-04:00,short,2024-03-26 10:12:00-04:00,94.56215999999999,2024-03-26 11:11:00-04:00,94.63784,time,159,95.535,92.61647999999998,0.972840000000005,60,-12.033120000000878,1.59,0.12028306751999998,-13.743403067520878,-0.08884965387936875,0.7839234720502248,1.3499999999999943,60369.39951534607,60355.65611227855
SPY,2024-03-26 00:00:00-04:00,long,2024-03-26 10:19:00-04:00,507.95309999999995,2024-03-26 10:27:00-04:00,507.22203,stop,29,507.425,509.0092999999998,0.5280999999999381,9,-21.201029999998013,0.29,0.11767551096,-21.608705510958014,-1.4109596217383429,0.866012601007692,0.5900000000000318,60355.65611227855,60334.04740676759
SPY,2024-03-27 00:00:00-04:00,short,2024-03-27 09:55:00-04:00,507.117072,2024-03-27 10:54:00-04:00,506.41248399999995,time,29,507.74,505.871216,0.6229280000000017,60,20.43305200000168,0.29,0.117651160704,20.02540083929768,1.1085246825059334,0.8759686270831281,0.6200000000000045,60334.04740676759,60354.072807606884
QQQ,2024-03-27 00:00:00-04:00,short,2024-03-27 09:55:00-04:00,438.56450400000006,2024-03-27 10:54:00-04:00,437.795048,time,34,440.185,435.32351200000016,1.620495999999946,60,26.161504000001628,0.34,0.119289545088,25.702214454913626,0.46649142235961893,0.8321969521728962,2.0499999999999545,60354.072807606884,60379.775022061796
NVDA,2024-03-27 00:00:00-04:00,short,2024-03-27 09:55:00-04:00,90.553764,2024-03-27 10:54:00-04:00,90.096024,time,166,91.965,87.731292,1.4112360000000024,60,75.98484000000019,1.6600000000000001,0.12025539859199999,74.2045846014082,0.3167546532883235,0.9420744182535656,2.230000000000004,60379.775022061796,60453.979606663204
META,2024-03-27 00:00:00-04:00,short,2024-03-27 09:57:00-04:00,487.34498400000007,2024-03-27 10:56:00-04:00,487.39487999999994,time,31,492.21000000000004,477.61495200000013,4.865015999999969,60,-1.5467759999961572,0.31,0.12086155603200002,-1.9776375560281574,-0.013112959931041637,0.6581095986553657,7.699999999999989,60453.979606663204,60452.00196910718
SPY,2024-03-28 00:00:00-04:00,long,2024-03-28 09:46:00-04:00,509.893876,2024-03-28 09:59:00-04:00,509.091282,stop,29,509.29499999999996,511.091628,0.5988760000000184,14,-23.275225999999975,0.29,0.11810917742399998,-23.683335177423974,-1.363665817725162,0.5721533161041271,0.5500000000000114,60452.00196910718,60428.31863392975
QQQ,2024-03-28 00:00:00-04:00,long,2024-03-28 09:46:00-04:00,439.97592,2024-03-28 10:13:00-04:00,438.89437200000003,stop,34,439.07,441.78775999999993,0.9059199999999805,28,-36.772631999998,0.34,0.11937926918399999,-37.232011269182,-1.208781299646729,0.6067159295583959,1.2200000000000273,60428.31863392975,60391.08662266057
NVDA,2024-03-28 00:00:00-04:00,long,2024-03-28 09:46:00-04:00,90.77629599999999,2024-03-28 10:45:00-04:00,90.603744,time,166,89.78,92.76888799999996,0.9962959999999867,60,-28.643631999996984,1.6600000000000001,0.12032177203200001,-30.423953772028984,-0.18395821116614366,0.7634859479095151,1.4799999999999898,60391.08662266057,60360.662668888544
AMZN,2024-03-28 00:00:00-04:00,long,2024-03-28 09:46:00-04:00,180.7042528,2024-03-28 10:45:00-04:00,180.747672,time,83,179.885,182.34275840000004,0.8192528000000152,60,3.6037935999990225,0.8300000000000001,0.12001645420799999,2.6537771457910226,0.03902729245965059,0.7641943387998881,1.25,60360.662668888544,60363.31644603433
META,2024-04-01 00:00:00-04:00,long,2024-04-01 09:46:00-04:00,493.30724399999997,2024-04-01 10:45:00-04:00,487.514916,time,30,485.09,509.74173199999996,8.217243999999994,60,-173.76983999999823,0.3,0.11700357984,-174.18684357983824,-0.7065906913957947,1.1020869818266708,14.0,60363.31644603433,60189.12960245449
SPY,2024-04-01 00:00:00-04:00,short,2024-04-01 10:05:00-04:00,509.24622,2024-04-01 10:13:00-04:00,510.324048,stop,29,510.12,507.49866,0.8737800000000107,9,-31.257012000000316,0.29,0.11814512304,-31.665157123040316,-1.2496303071253605,0.8232196915887131,0.8799999999999955,60189.12960245449,60157.464445331454
QQQ,2024-04-01 00:00:00-04:00,short,2024-04-01 10:52:00-04:00,438.95434800000004,2024-04-01 11:51:00-04:00,438.695408,time,34,440.685,435.4930440000001,1.7306519999999637,60,8.80396000000178,0.34,0.119395582656,8.34456441734578,0.14181266090239833,1.0498705497281295,2.8899999999999864,60157.464445331454,60165.8090097488
META,2024-04-02 00:00:00-04:00,long,2024-04-02 09:51:00-04:00,485.714208,2024-04-02 10:50:00-04:00,484.386168,time,30,483.195,490.75262399999997,2.519207999999992,60,-39.84119999999962,0.3,0.11625268032,-40.257452680319616,-0.5326733994747522,0.7459412061276927,4.509999999999991,60165.8090097488,60125.55155706848
SPY,2024-04-02 00:00:00-04:00,short,2024-04-02 09:57:00-04:00,503.2686120000001,2024-04-02 10:02:00-04:00,504.37666999999993,stop,29,504.17499999999995,501.4558360000003,0.906387999999879,6,-32.13368199999587,0.29,0.11675831798400002,-32.54044031797987,-1.237973306019064,1.6817240990220004,1.2900000000000205,60125.55155706848,60093.0111167505
QQQ,2024-04-02 00:00:00-04:00,short,2024-04-02 10:13:00-04:00,433.02672,2024-04-02 11:12:00-04:00,434.11357599999997,time,34,434.12,430.84016,1.093279999999993,60,-36.95310399999846,0.34,0.11778326784,-37.41088726783846,-1.0064395340260153,1.2945414841467158,1.6200000000000045,60093.0111167505,60055.60022948266
NVDA,2024-04-02 00:00:00-04:00,short,2024-04-02 10:18:00-04:00,87.544968,2024-04-02 10:59:00-04:00,88.21027,stop,171,88.175,86.284904,0.6300319999999999,42,-113.76664199999948,1.71,0.11976151622399998,-115.59640351622348,-1.0729651188257057,0.8112558359031272,1.210000000000008,60055.60022948266,59940.003825966436
AMZN,2024-04-02 00:00:00-04:00,long,2024-04-02 10:22:00-04:00,179.72186,2024-04-02 11:21:00-04:00,179.94569292,time,83,179.00560000000002,181.15437999999995,0.716259999999977,60,18.578132360000552,0.8300000000000001,0.11948394009888,17.628648419901673,0.2965310843222482,0.9123658506413296,1.2587999999999795,59940.003825966436,59957.63247438634
SPY,2024-04-03 00:00:00-04:00,long,2024-04-03 10:01:00-04:00,505.942296,2024-04-03 11:00:00-04:00,506.86717200000004,time,29,504.49,508.846888,1.4522959999999898,60,26.821404000001166,0.29,0.117593183904,26.41381081609717,0.6271593825391288,0.7267696574017815,0.8999999999999773,59957.63247438634,59984.046285202436
QQQ,2024-04-03 00:00:00-04:00,long,2024-04-03 10:01:00-04:00,435.80425199999996,2024-04-03 11:00:00-04:00,438.194652,time,34,434.24,438.93275599999987,1.5642519999999536,60,81.27360000000192,0.34,0.119188945344,80.81441105465791,1.5195086487241996,0.7033809475005594,1.0600000000000023,59984.046285202436,60064.86069625709
NVDA,2024-04-03 00:00:00-04:00,long,2024-04-03 10:02:00-04:00,89.475776,2024-04-03 11:01:00-04:00,89.83405200000001,time,167,88.725,90.977328,0.7507760000000019,60,59.83209200000297,1.67,0.12001829347200002,58.04207370653097,0.46293079105354584,0.5502854699465214,0.9500000000000028,60064.86069625709,60122.90276996362
META,2024-04-03 00:00:00-04:00,long,2024-04-03 10:06:00-04:00,500.73021199999994,2024-04-03 11:05:00-04:00,502.27900800000003,time,30,497.735,506.7206359999998,2.995211999999924,60,46.46388000000286,0.3,0.12054696192,46.043333038082864,0.5124103963045469,1.1831036446537238,5.610000000000014,60122.90276996362,60168.946103001705
AMZN,2024-04-03 00:00:00-04:00,long,2024-04-03 10:06:00-04:00,181.53268404,2024-04-03 11:05:00-04:00,182.28705600000004,time,82,180.625,183.34805211999998,0.9076840399999924,60,61.85850072000352,0.8200000000000001,0.11958030873600002,60.91892041126752,0.8184716606365021,0.7638625101503767,1.6499999999999773,60168.946103001705,60229.865023412975
NVDA,2024-04-04 00:00:00-04:00,short,2024-04-04 09:47:00-04:00,89.334252,2024-04-04 10:46:00-04:00,89.68586,time,168,89.965,88.07275600000001,0.630747999999997,60,-59.0701439999998,1.68,0.12006523468800001,-60.8702092346878,-0.5744333299764732,0.6833116100499068,1.0300000000000011,60229.865023412975,60168.99481417829
SPY,2024-04-04 00:00:00-04:00,short,2024-04-04 09:52:00-04:00,508.83638400000007,2024-04-04 10:51:00-04:00,509.15358,time,29,509.55,507.4091520000002,0.713615999999945,60,-9.1986839999974,0.29,0.118050041088,-9.6067340410854,-0.4642086094929708,1.341875896204545,0.7400000000000091,60168.99481417829,60159.3880801372
QQQ,2024-04-04 00:00:00-04:00,short,2024-04-04 09:52:00-04:00,440.19385200000005,2024-04-04 10:51:00-04:00,440.02594,time,34,441.145,438.2915560000002,0.9511479999999324,60,5.7090080000019725,0.34,0.11973272774400001,5.2492752722579725,0.16232011125930873,1.1202011766231401,0.9300000000000068,60159.3880801372,60164.63735540946
AMZN,2024-04-04 00:00:00-04:00,short,2024-04-04 09:52:00-04:00,183.2781594,2024-04-04 10:15:00-04:00,184.27373001999996,stop,82,184.20004999999998,181.43437820000003,0.9218905999999834,24,-81.63679083999727,0.8200000000000001,0.1202304725664,-82.57702131256367,-1.092360465846148,1.1228424023320693,1.3798999999999921,60164.63735540946,60082.060334096896
META,2024-04-04 00:00:00-04:00,long,2024-04-04 09:55:00-04:00,519.427688,2024-04-04 10:23:00-04:00,515.298798,stop,28,515.505,527.273064,3.9226879999999937,29,-115.60891999999876,0.28,0.11542693075200001,-116.00434693075076,-1.0561666873286792,2.261658427488989,6.569999999999936,60082.060334096896,59966.055987166146
SPY,2024-04-05 00:00:00-04:00,long,2024-04-05 09:48:00-04:00,502.23081199999996,2024-04-05 10:47:00-04:00,502.608876,time,29,501.225,504.2424359999998,1.0058119999999349,60,10.963856000001499,0.29,0.11660525923199999,10.5572507407695,0.36193953640648086,1.087084104689215,1.4699999999999704,59966.055987166146,59976.61323790692
QQQ,2024-04-05 00:00:00-04:00,long,2024-04-05 09:48:00-04:00,432.843068,2024-04-05 10:47:00-04:00,433.81640400000003,time,34,431.695,435.13920400000006,1.1480680000000234,60,33.093424000000596,0.34,0.11799806188800001,32.63542593811259,0.8360702229902739,1.0879156715257652,1.8899999999999864,59976.61323790692,60009.24866384503
AMZN,2024-04-05 00:00:00-04:00,long,2024-04-05 09:49:00-04:00,183.983564,2024-04-05 10:48:00-04:00,184.95099000000002,time,81,182.93,186.090692,1.0535639999999944,60,78.36150600000141,0.81,0.11984824152000001,77.4316577584814,0.9073453459685624,1.2651761409264353,1.9199999999999875,60009.24866384503,60086.68032160351
NVDA,2024-04-05 00:00:00-04:00,long,2024-04-05 09:55:00-04:00,87.52499599999999,2024-04-05 10:26:00-04:00,86.575356,stop,171,86.61,89.35498799999996,0.9149959999999879,32,-162.38843999999796,1.71,0.118435087008,-164.21687508700597,-1.0495484164389797,0.9274747340169683,1.6599999999999966,60086.68032160351,59922.46344651651
META,2024-04-05 00:00:00-04:00,long,2024-04-05 10:06:00-04:00,518.397276,2024-04-05 11:05:00-04:00,522.3209879999999,time,28,514.105,526.9818280000001,4.292276000000015,60,109.86393599999747,0.28,0.11699990131199998,109.46693609868547,0.9108299261501114,1.2259595117287378,7.269999999999982,59922.46344651651,60031.930382615195
NVDA,2024-04-08 00:00:00-04:00,short,2024-04-08 09:51:00-04:00,86.65532400000001,2024-04-08 10:30:00-04:00,87.805108,stop,173,87.77000000000001,84.425972,1.1146760000000029,40,-198.91263199999946,1.73,0.119930968416,-200.76256296841547,-1.0410892874628985,0.7196007087373284,1.8200000000000074,60031.930382615195,59831.16781964678
SPY,2024-04-08 00:00:00-04:00,long,2024-04-08 10:27:00-04:00,505.9823119999999,2024-04-08 11:26:00-04:00,505.74762,time,29,505.035,507.8769359999997,0.9473119999998971,60,-6.80606799999822,0.29,0.11733344784,-7.21340144783822,-0.26257239532484083,0.7861346784877576,1.3700000000000045,59831.16781964678,59823.95441819894
QQQ,2024-04-08 00:00:00-04:00,long,2024-04-08 10:30:00-04:00,436.584564,2024-04-08 11:29:00-04:00,436.11548400000004,time,34,435.135,439.483692,1.4495640000000094,60,-15.94871999999873,0.34,0.118623411648,-16.40734341164673,-0.3329062558617346,0.788836375574542,2.3700000000000045,59823.95441819894,59807.5470747873
SPY,2024-04-09 00:00:00-04:00,short,2024-04-09 09:48:00-04:00,505.78760400000004,2024-04-09 10:28:00-04:00,504.46451712480007,target,29,506.55,504.2628120000001,0.762395999999967,41,38.36951938079932,0.29,0.11734272412800001,37.96217665667132,1.7170087124906652,0.9095006318124428,1.0,59807.5470747873,59845.50925144397
META,2024-04-09 00:00:00-04:00,short,2024-04-09 09:50:00-04:00,515.913552,2024-04-09 10:27:00-04:00,509.8145002623998,target,28,519.065,509.61065599999984,3.151448000000073,38,170.77344865280497,0.28,0.11556463564799999,170.37788401715696,1.9308344701178748,0.7507557124044271,5.57000000000005,59845.50925144397,60015.887135461126
QQQ,2024-04-09 00:00:00-04:00,short,2024-04-09 09:51:00-04:00,436.265424,2024-04-09 10:30:00-04:00,434.5100065087999,target,34,437.23,434.33627199999995,0.9645760000000223,40,59.68419470080312,0.34,0.118664195328,59.22553050547511,1.8058995535945859,0.8051012382256291,1.420000000000016,60015.887135461126,60075.112665966604
NVDA,2024-04-09 00:00:00-04:00,short,2024-04-09 10:02:00-04:00,86.00558400000001,2024-04-09 10:28:00-04:00,84.49053470080004,target,174,86.78,84.45675200000004,0.774415999999988,27,263.61857806079524,1.74,0.11971977292800001,261.7588582878672,1.9425751205140336,0.6187012480194901,1.4000000000000057,60075.112665966604,60336.87152425447
AMZN,2024-04-09 00:00:00-04:00,short,2024-04-09 10:43:00-04:00,185.145912,2024-04-09 11:42:00-04:00,185.2880856,time,81,186.29000000000002,182.857736,1.1440880000000107,60,-11.516061599998238,0.81,0.119974550976,-12.446036150974239,-0.13430327675491469,1.0071298936150042,2.0999999999999943,60336.87152425447,60324.425488103494
QQQ,2024-04-10 00:00:00-04:00,short,2024-04-10 09:47:00-04:00,431.097492,2024-04-10 09:49:00-04:00,432.402892,stop,34,432.23,428.83247599999993,1.1325080000000298,3,-44.38360000000068,0.34,0.11725851782399999,-44.840858517824685,-1.1645381577313232,1.75565472189473,1.8199999999999932,60324.425488103494,60279.58462958567
NVDA,2024-04-10 00:00:00-04:00,long,2024-04-10 09:52:00-04:00,86.5346,2024-04-10 10:51:00-04:00,86.52537600000001,time,174,84.91,89.7838,1.624600000000001,60,-1.6049759999980893,1.74,0.120443323392,-3.4654193233900896,-0.012259142563085686,1.1629564817174183,2.700000000000003,60279.58462958567,60276.11921026228
META,2024-04-10 00:00:00-04:00,long,2024-04-10 09:52:00-04:00,514.1255679999999,2024-04-10 10:51:00-04:00,514.7740080000001,time,29,507.655,527.0667039999998,6.4705679999999575,60,18.804760000004762,0.29,0.119427569856,18.395332430148763,0.0980318587079478,1.189180124988607,11.449999999999989,60276.11921026228,60294.51454269243
SPY,2024-04-10 00:00:00-04:00,long,2024-04-10 09:57:00-04:00,500.96030399999995,2024-04-10 10:03:00-04:00,499.75002,stop,30,499.95,502.9809119999999,1.0103039999999623,7,-36.30851999999834,0.3,0.11994000479999999,-36.728460004798336,-1.2117956577030182,1.4127799700817365,1.3600000000000136,60294.51454269243,60257.78608268763
AMZN,2024-04-10 00:00:00-04:00,long,2024-04-10 10:20:00-04:00,184.97396,2024-04-10 11:19:00-04:00,184.881018,time,81,183.77499999999998,187.37188000000006,1.198960000000028,60,-7.528301999999485,0.81,0.11980289966400001,-8.458104899663486,-0.08709302073796558,1.0984467934192463,2.210000000000008,60257.78608268763,60249.327977787965
SPY,2024-04-11 00:00:00-04:00,short,2024-04-11 10:01:00-04:00,500.309796,2024-04-11 11:00:00-04:00,500.019928,time,30,501.43,498.069388,1.120204000000001,60,8.69604000000038,0.3,0.12007435104,8.27596564896038,0.2462636462930077,1.0350385778011815,1.740000000000009,60249.327977787965,60257.60394343692
QQQ,2024-04-11 00:00:00-04:00,short,2024-04-11 10:12:00-04:00,433.566504,2024-04-11 10:40:00-04:00,434.788846,stop,34,434.615,431.469512,1.048496,29,-41.55962799999895,0.34,0.117930089088,-42.017558089086954,-1.1786506882543846,0.9622987641463879,1.2100000000000364,60257.60394343692,60215.58638534784
META,2024-04-11 00:00:00-04:00,short,2024-04-11 10:13:00-04:00,515.133864,2024-04-11 11:12:00-04:00,515.9562999999999,time,29,517.165,511.0715920000001,2.0311359999999468,60,-23.85064399999783,0.29,0.119511056448,-24.26015505644583,-0.4118665962850085,0.5434031703687888,3.669999999999959,60215.58638534784,60191.32623029139
NVDA,2024-04-11 00:00:00-04:00,long,2024-04-11 10:40:00-04:00,88.38533999999999,2024-04-11 11:39:00-04:00,88.64452800000001,time,170,87.56,90.03601999999995,0.8253399999999829,60,44.06196000000392,1.7,0.12055655808000001,42.24140344192392,0.3010624031017862,0.8486623991195924,1.5600000000000023,60191.32623029139,60233.56763373332
SPY,2024-04-12 00:00:00-04:00,long,2024-04-12 09:46:00-04:00,502.02072799999996,2024-04-12 10:00:00-04:00,500.94954,stop,29,501.15,503.76218399999993,0.8707279999999855,15,-31.06445199999854,0.29,0.11622029328,-31.47067229327854,-1.24630837221264,1.1473508839858713,1.1999999999999886,60233.56763373332,60202.096961440046
QQQ,2024-04-12 00:00:00-04:00,long,2024-04-12 09:47:00-04:00,436.83466400000003,2024-04-12 10:00:00-04:00,435.840594,stop,34,436.015,438.4739920000001,0.8196640000000457,14,-33.79838000000075,0.34,0.118548641568,-34.25692864156875,-1.2292313981728682,1.0882813796381317,1.089999999999975,60202.096961440046,60167.84003279848
AMZN,2024-04-12 00:00:00-04:00,short,2024-04-12 10:16:00-04:00,187.20508800000002,2024-04-12 10:19:00-04:00,187.940146,stop,80,187.865,185.88526400000003,0.6599119999999914,4,-58.80463999999847,0.8,0.11981125632,-59.72445125631847,-1.1312957495908402,1.0253399558495806,1.0300000000000011,60167.84003279848,60108.11558154216
META,2024-04-12 00:00:00-04:00,short,2024-04-12 10:37:00-04:00,510.115872,2024-04-12 11:35:00-04:00,513.55534,stop,29,513.35,503.647616,3.2341279999999983,59,-99.74457199999932,0.29,0.11834688230399999,-100.15291888230333,-1.067845467766266,0.6392539953818511,5.720000000000027,60108.11558154216,60007.962662659855
NVDA,2024-04-12 00:00:00-04:00,short,2024-04-12 10:39:00-04:00,88.604544,2024-04-12 11:35:00-04:00,89.38573999999998,stop,169,89.35,87.11363200000002,0.7454559999999901,57,-132.0221239999966,1.69,0.119793343488,-133.8319173434846,-1.0623092930394153,0.8653045022054633,1.3399999999999892,60007.962662659855,59874.13074531637
AMZN,2024-04-15 00:00:00-04:00,long,2024-04-15 09:49:00-04:00,187.96515599999998,2024-04-15 10:48:00-04:00,187.355028,time,79,186.91,190.07546799999994,1.0551559999999824,60,-48.200111999998,0.79,0.11840837769599999,-49.108520377694,-0.5891326403147829,1.1687198891584647,1.4599999999999795,59874.13074531637,59825.02222493867
NVDA,2024-04-15 00:00:00-04:00,long,2024-04-15 09:51:00-04:00,89.705868,2024-04-15 10:50:00-04:00,89.06436,time,166,88.82499999999999,91.46760400000001,0.8808680000000066,60,-106.49032800000029,1.6600000000000001,0.11827747007999997,-108.26860547008029,-0.7404293434203499,0.8237352142126242,1.4899999999999949,59825.02222493867,59716.75361946859
META,2024-04-15 00:00:00-04:00,long,2024-04-15 09:52:00-04:00,514.335652,2024-04-15 09:58:00-04:00,511.815192,stop,29,512.02,518.966956,2.315652,7,-73.09333999999876,0.29,0.118741124544,-73.50208112454277,-1.0945317005905713,0.596049528988217,4.680000000000007,59716.75361946859,59643.25153834405
SPY,2024-04-15 00:00:00-04:00,short,2024-04-15 10:08:00-04:00,500.14986000000005,2024-04-15 10:39:00-04:00,498.24879983200003,target,29,501.20000000000005,498.04958000000005,1.050139999999999,32,55.130744872000434,0.29,0.11603476752,54.72471010448044,1.796959423619724,1.3243236206139446,1.079999999999984,59643.25153834405,59697.976248448525
QQQ,2024-04-15 00:00:00-04:00,short,2024-04-15 10:09:00-04:00,434.606088,2024-04-15 11:08:00-04:00,433.393288,time,34,435.94,431.938264,1.333911999999998,60,41.23520000000053,0.34,0.118212855936,40.77698714406453,0.8991021531375513,1.0610876370146411,1.8600000000000136,59697.976248448525,59738.75323559259
SPY,2024-04-16 00:00:00-04:00,short,2024-04-16 09:47:00-04:00,489.883968,2024-04-16 09:56:00-04:00,491.276432,stop,30,491.08000000000004,487.49190399999986,1.1960320000000593,10,-41.773920000000544,0.3,0.11757215231999998,-42.19149215232054,-1.175874116866395,1.182299625274957,1.660000000000025,59738.75323559259,59696.56174344027
QQQ,2024-04-16 00:00:00-04:00,short,2024-04-16 09:47:00-04:00,424.73004,2024-04-16 09:50:00-04:00,425.740228,stop,35,425.57,423.05011999999994,0.8399600000000191,4,-35.356580000000974,0.35000000000000003,0.11892441119999998,-35.825504411200974,-1.2186126009810045,0.9598037262410821,1.240000000000009,59696.56174344027,59660.736239029065
AMZN,2024-04-16 00:00:00-04:00,long,2024-04-16 09:56:00-04:00,183.753472,2024-04-16 10:55:00-04:00,184.041354,time,81,182.92000000000002,185.42041599999993,0.833471999999972,60,23.318442000001994,0.81,0.119258797392,22.389183202609996,0.33163641870156874,0.9526186207257553,1.3200000000000216,59660.736239029065,59683.12542223168
NVDA,2024-04-16 00:00:00-04:00,long,2024-04-16 09:58:00-04:00,87.17485599999999,2024-04-16 10:42:00-04:00,86.42541600000001,stop,171,86.46000000000001,88.60456799999996,0.7148559999999833,45,-128.15423999999632,1.71,0.118229969088,-129.98246996908432,-1.063334997996794,0.7847579269414856,0.8599999999999994,59683.12542223168,59553.14295226259
META,2024-04-16 00:00:00-04:00,long,2024-04-16 09:58:00-04:00,499.59975999999995,2024-04-16 10:25:00-04:00,496.03150800000003,stop,29,496.23,506.3392799999998,3.3697599999999284,28,-103.47930799999756,0.29,0.115079309856,-103.88438730985357,-1.0630490753240565,0.5474150872904062,5.839999999999975,59553.14295226259,59449.25856495274
NVDA,2024-04-17 00:00:00-04:00,short,2024-04-17 09:49:00-04:00,87.39502800000001,2024-04-17 10:48:00-04:00,86.66465199999999,time,170,88.16,85.86508400000004,0.764971999999986,60,124.16392000000357,1.7,0.11885723808000001,122.34506276192357,0.9407884730108216,0.762885209898435,0.9200000000000017,59449.25856495274,59571.60362771466
QQQ,2024-04-17 00:00:00-04:00,short,2024-04-17 09:50:00-04:00,426.48933600000004,2024-04-17 10:12:00-04:00,424.8278712032002,target,34,427.405,424.65800800000017,0.9156639999999356,23,56.48980309119531,0.34,0.116005099392,56.03379799180331,1.7998445741144982,0.7915318848111725,1.089999999999975,59571.60362771466,59627.63742570647
SPY,2024-04-17 00:00:00-04:00,short,2024-04-17 09:52:00-04:00,491.59328400000004,2024-04-17 10:51:00-04:00,490.23586794080006,target,30,492.37,490.0398520000001,0.7767159999999649,60,40.72248177599931,0.3,0.11798238815999999,40.304499387839314,1.729696971516021,1.0881330337728568,0.8600000000000136,59627.63742570647,59667.9419250943
META,2024-04-17 00:00:00-04:00,short,2024-04-17 09:52:00-04:00,493.00272,2024-04-17 10:51:00-04:00,493.257224,time,30,496.875,485.25816000000003,3.8722799999999893,60,-7.635119999999915,0.3,0.1183206528,-8.053440652799916,-0.06932557091945776,0.6153079836852939,6.149999999999977,59667.9419250943,59659.8884844415
AMZN,2024-04-17 00:00:00-04:00,short,2024-04-17 10:05:00-04:00,183.38161800000003,2024-04-17 10:31:00-04:00,184.11361599999998,stop,81,184.04,182.0648540000001,0.6583819999999605,27,-59.29183799999575,0.81,0.11883128846400003,-60.22066928845975,-1.1292305271772196,0.6592274559620941,1.0600000000000023,59659.8884844415,59599.66781515304
META,2024-04-18 00:00:00-04:00,long,2024-04-18 10:10:00-04:00,503.30124,2024-04-18 11:09:00-04:00,506.34738000000004,time,29,498.615,512.67372,4.686239999999998,60,88.33806000000106,0.29,0.11747259216000001,87.93058740784106,0.6470196193451547,1.387262905389963,6.789999999999964,59599.66781515304,59687.598402560885
SPY,2024-04-18 00:00:00-04:00,long,2024-04-18 10:28:00-04:00,489.165588,2024-04-18 11:27:00-04:00,490.273812,time,30,487.725,492.046764,1.440587999999991,60,33.24672000000021,0.3,0.11766571488,32.829054285120215,0.7596216333219588,1.2754426580948681,2.2900000000000205,59687.598402560885,59720.427456846
QQQ,2024-04-18 00:00:00-04:00,long,2024-04-18 10:36:00-04:00,421.81865999999997,2024-04-18 11:35:00-04:00,422.03112,time,35,419.99,425.4759799999999,1.8286599999999567,60,7.436100000000749,0.35000000000000003,0.1181687136,6.967931286400749,0.10886865302463342,1.3055312928431209,3.0399999999999636,59720.427456846,59727.395388132405
NVDA,2024-04-18 00:00:00-04:00,long,2024-04-18 10:36:00-04:00,85.06401199999999,2024-04-18 11:35:00-04:00,85.44580800000001,time,175,83.605,87.98203599999997,1.459011999999987,60,66.81430000000397,1.75,0.11962413120000001,64.94467586880397,0.254358725998159,1.2780688931054611,2.6899999999999977,59727.395388132405,59792.34006400121
AMZN,2024-04-18 00:00:00-04:00,long,2024-04-18 10:37:00-04:00,181.792688,2024-04-18 11:36:00-04:00,182.06714399999998,time,82,180.735,183.90806399999997,1.0576879999999846,60,22.505391999998892,0.8200000000000001,0.11943604646399998,21.565955953534893,0.24865505030594118,0.7841022565846728,1.7299999999999898,59792.34006400121,59813.906019954746
SPY,2024-04-19 00:00:00-04:00,long,2024-04-19 09:47:00-04:00,487.364868,2024-04-19 09:50:00-04:00,486.070494,stop,30,486.265,489.56460400000003,1.099868000000015,4,-38.831220000000144,0.3,0.11665691856,-39.24787691856014,-1.189472340273548,1.0041895146964683,1.3899999999999864,59813.906019954746,59774.658143036184
QQQ,2024-04-19 00:00:00-04:00,long,2024-04-19 09:47:00-04:00,417.687008,2024-04-19 09:48:00-04:00,416.343396,stop,35,416.51,420.041024,1.1770080000000007,2,-47.02642000000026,0.35000000000000003,0.11657615087999999,-47.49299615088026,-1.1528747019289645,1.2485281755252795,1.6200000000000045,59774.658143036184,59727.1651468853
META,2024-04-19 00:00:00-04:00,short,2024-04-19 10:05:00-04:00,487.634868,2024-04-19 11:04:00-04:00,484.923892,time,30,493.59000000000003,475.7246039999999,5.955132000000049,60,81.32927999999879,0.3,0.11703236831999998,80.9122476316788,0.4528992675655112,1.5367405777233114,10.71999999999997,59727.1651468853,59808.07739451698
NVDA,2024-04-19 00:00:00-04:00,short,2024-04-19 10:15:00-04:00,82.636932,2024-04-19 11:14:00-04:00,82.322916,time,180,83.53,80.850796,0.8930679999999995,60,56.522879999999134,1.8,0.11899718208,54.603882817919136,0.3396772749040335,1.010581575179044,1.3000000000000114,59808.07739451698,59862.6812773349
AMZN,2024-04-19 00:00:00-04:00,short,2024-04-19 10:27:00-04:00,176.089536,2024-04-19 11:26:00-04:00,176.29548999999997,time,84,177.655,172.95860800000003,1.5654639999999915,60,-17.300135999996883,0.84,0.118332168192,-18.258468168188884,-0.13884874790347404,1.8565185263253345,2.6899999999999977,59862.6812773349,59844.42280916671
NVDA,2024-04-22 00:00:00-04:00,long,2024-04-22 09:46:00-04:00,78.73148,2024-04-22 10:21:00-04:00,77.90382600000001,stop,190,77.935,80.32444000000001,0.7964800000000025,36,-157.25425999999914,1.9000000000000001,0.11841381552000001,-159.27267381551914,-1.0524774389915539,1.55378976402702,1.4500000000000028,59844.42280916671,59685.15013535119
QQQ,2024-04-22 00:00:00-04:00,long,2024-04-22 09:49:00-04:00,413.295252,2024-04-22 09:59:00-04:00,412.080102,stop,36,412.245,415.395756,1.0502520000000004,11,-43.74539999999979,0.36,0.118679069376,-44.22407906937579,-1.1696684612988062,1.0337805604452701,1.0299999999999727,59685.15013535119,59640.926056281816
META,2024-04-22 00:00:00-04:00,short,2024-04-22 09:52:00-04:00,482.366976,2024-04-22 10:20:00-04:00,476.3613963712,target,30,485.46500000000003,476.170928,3.0980240000000094,29,180.16738886400105,0.3,0.11576807423999999,179.75162078976103,1.9340459250774094,1.267303563639422,5.550000000000011,59640.926056281816,59820.67767707158
AMZN,2024-04-22 00:00:00-04:00,short,2024-04-22 10:13:00-04:00,176.50936800000002,2024-04-22 11:12:00-04:00,174.889928,time,84,177.745,174.03810400000006,1.2356319999999812,60,136.03296000000216,0.84,0.11861429529600001,135.07434570470616,1.3013809330415935,1.130863575222301,2.25,59820.67767707158,59955.75202277629
SPY,2024-04-22 00:00:00-04:00,short,2024-04-22 10:24:00-04:00,483.40656000000007,2024-04-22 11:23:00-04:00,482.923092,time,31,484.32000000000005,481.5796800000001,0.91343999999998,60,14.987508000002265,0.31,0.11988482688000002,14.557623173122265,0.5141013613593485,1.045096755763801,1.3000000000000114,59955.75202277629,59970.30964594941
SPY,2024-04-23 00:00:00-04:00,long,2024-04-23 09:46:00-04:00,490.13597599999997,2024-04-23 10:45:00-04:00,490.863576,time,30,488.59000000000003,493.22792799999985,1.5459759999999392,60,21.828000000001566,0.3,0.11780725824,21.410192741761566,0.46163271059323063,0.8103731693322545,1.099999999999966,59970.30964594941,59991.71983869118
QQQ,2024-04-23 00:00:00-04:00,long,2024-04-23 09:46:00-04:00,417.987128,2024-04-23 10:45:00-04:00,418.74243600000005,time,35,416.16499999999996,421.631384,1.8221280000000206,60,26.435780000002467,0.35000000000000003,0.11724788208,25.968532117922464,0.40719316124446914,1.0340615413085938,1.5300000000000296,59991.71983869118,60017.6883708091
NVDA,2024-04-23 00:00:00-04:00,long,2024-04-23 09:46:00-04:00,81.202468,2024-04-23 09:50:00-04:00,80.602746,stop,184,80.63499999999999,82.337404,0.5674680000000052,5,-110.34884799999998,1.84,0.11864724211199999,-112.30749524211198,-1.0755969005617838,1.0214776442735716,1.0100000000000051,60017.6883708091,59905.38087556699
META,2024-04-23 00:00:00-04:00,long,2024-04-23 09:48:00-04:00,490.39608,2024-04-23 09:50:00-04:00,487.37997000000007,stop,30,487.57500000000005,496.03823999999986,2.821079999999938,3,-90.48329999999737,0.3,0.11697119280000001,-90.90027119279736,-1.0740599485870583,1.017933154547461,4.689999999999998,59905.38087556699,59814.48060437419
AMZN,2024-04-23 00:00:00-04:00,short,2024-04-23 09:51:00-04:00,176.189496,2024-04-23 10:07:00-04:00,177.67103999999998,stop,84,177.6,173.36848799999999,1.410504000000003,17,-124.44969599999877,0.84,0.11839934131199999,-125.40809534131077,-1.0584539398456028,0.8454314565393743,1.8199999999999932,59814.48060437419,59689.07250903288
QQQ,2024-04-24 00:00:00-04:00,long,2024-04-24 09:51:00-04:00,424.589768,2024-04-24 09:55:00-04:00,423.35559,stop,35,423.525,426.719304,1.064768000000015,5,-43.1962299999995,0.35000000000000003,0.11853956519999999,-43.66476956519951,-1.1716776281029937,1.0467864174359085,1.7700000000000387,59689.07250903288,59645.40773946768
NVDA,2024-04-24 00:00:00-04:00,short,2024-04-24 09:54:00-04:00,82.626936,2024-04-24 10:53:00-04:00,82.743084,time,180,83.41,81.06080800000001,0.783063999999996,60,-20.906639999999186,1.8,0.11898278783999999,-22.825622787839187,-0.16193952919301122,0.8536873877736361,1.0600000000000023,59645.40773946768,59622.58211667984
META,2024-04-24 00:00:00-04:00,short,2024-04-24 09:56:00-04:00,494.632068,2024-04-24 10:55:00-04:00,491.89667999999995,time,30,501.20500000000004,481.48620399999993,6.572932000000037,60,82.06164000000172,0.3,0.11871169632,81.64292830368171,0.4140360714907809,1.8830077087927035,9.79000000000002,59622.58211667984,59704.22504498353
AMZN,2024-04-24 00:00:00-04:00,short,2024-04-24 09:57:00-04:00,178.518564,2024-04-24 10:56:00-04:00,177.676042,time,83,179.5265,176.502692,1.0079360000000008,60,69.9293260000002,0.8300000000000001,0.11853632649599999,68.9807896735042,0.8245502209346642,0.8211854451187013,1.5930000000000177,59704.22504498353,59773.205834657034
SPY,2024-04-24 00:00:00-04:00,short,2024-04-24 10:38:00-04:00,492.392964,2024-04-24 11:37:00-04:00,491.78663599999993,time,30,493.28499999999997,490.6088920000001,0.8920359999999619,60,18.189840000002278,0.3,0.11817431136,17.771665688642276,0.664086265899696,1.0356082485000293,1.329999999999984,59773.205834657034,59790.977500345674
NVDA,2024-04-25 00:00:00-04:00,long,2024-04-25 09:46:00-04:00,81.002388,2024-04-25 10:45:00-04:00,81.36744000000002,time,184,79.475,84.057164,1.527388000000002,60,67.16956800000366,1.84,0.11977287168000002,65.20979512832366,0.23203080060863346,1.011272991388705,2.769999999999996,59790.977500345674,59856.187295473996
QQQ,2024-04-25 00:00:00-04:00,long,2024-04-25 09:47:00-04:00,415.00593599999996,2024-04-25 09:56:00-04:00,413.794416,stop,36,413.96,417.09780799999993,1.0459359999999833,10,-43.614719999998215,0.36,0.119172791808,-44.09389279180621,-1.1710375733581881,1.750745806037906,1.6399999999999864,59856.187295473996,59812.09340268219
META,2024-04-25 00:00:00-04:00,long,2024-04-25 09:47:00-04:00,424.509736,2024-04-25 10:23:00-04:00,438.94356031679996,target,35,417.205,439.11920799999996,7.304735999999991,37,505.18385108799947,0.35000000000000003,0.12290419688870398,504.7109468911107,1.9741045765812024,7.510113396295201,11.75,59812.09340268219,60316.8043495733
AMZN,2024-04-25 00:00:00-04:00,long,2024-04-25 09:51:00-04:00,171.288488,2024-04-25 10:50:00-04:00,171.01876512,time,88,168.665,176.53546400000002,2.623488000000009,60,-23.735613439999042,0.88,0.12039721064448002,-24.73601065064352,-0.10714401213992522,3.1657908658823346,4.689999999999998,60316.8043495733,60292.068338922654
SPY,2024-04-25 00:00:00-04:00,short,2024-04-25 09:53:00-04:00,484.91595600000005,2024-04-25 10:11:00-04:00,485.909286,stop,31,485.71500000000003,483.3178680000001,0.7990439999999808,19,-30.793229999998687,0.31,0.120259157088,-31.223489157086686,-1.260517978544338,1.4945701494333627,0.9699999999999704,60292.068338922654,60260.84484976557
NVDA,2024-04-26 00:00:00-04:00,long,2024-04-26 09:50:00-04:00,84.49378399999999,2024-04-26 10:09:00-04:00,85.9269674592,target,178,83.75999999999999,85.96135199999999,0.733784,20,255.10665573760164,1.78,0.1223600016619008,253.20429573593975,1.9385759889290795,0.9089793092465724,1.0400000000000063,60260.84484976557,60514.04914550151
SPY,2024-04-26 00:00:00-04:00,long,2024-04-26 09:51:00-04:00,494.64777999999995,2024-04-26 10:50:00-04:00,494.722032,time,30,493.255,497.4333399999999,1.3927799999999593,60,2.227560000001745,0.3,0.11873328768000001,1.8088267123217447,0.04329055826768041,1.0383278628671995,1.7300000000000182,60514.04914550151,60515.85797221383
QQQ,2024-04-26 00:00:00-04:00,long,2024-04-26 09:51:00-04:00,424.74983199999997,2024-04-26 10:50:00-04:00,425.47974,time,35,422.975,428.29949599999986,1.7748319999999467,60,25.54678000000081,0.35000000000000003,0.1191343272,25.077645672800806,0.4037025262560313,1.6621240135125712,2.3100000000000023,60515.85797221383,60540.93561788663
AMZN,2024-04-26 00:00:00-04:00,short,2024-04-26 09:53:00-04:00,176.16950400000002,2024-04-26 09:55:00-04:00,177.19584999999998,stop,85,177.125,174.25851200000005,0.9554959999999824,3,-87.2394099999967,0.85,0.11979526272,-88.2092052627167,-1.0860907382469212,0.9805248505461398,1.8100000000000023,60540.93561788663,60452.72641262391
META,2024-04-26 00:00:00-04:00,long,2024-04-26 09:58:00-04:00,442.166796,2024-04-26 10:06:00-04:00,437.17506000000003,stop,34,437.35,451.8003879999999,4.816795999999954,9,-169.71902399999817,0.34,0.11891161632,-170.17793561631817,-1.0391209012131704,1.825600958439375,7.3799999999999955,60452.72641262391,60282.54847700759
NVDA,2024-04-30 00:00:00-04:00,long,2024-04-30 09:58:00-04:00,88.265292,2024-04-30 10:29:00-04:00,87.435012,stop,170,87.47,89.85587600000001,0.7952920000000034,32,-141.14760000000032,1.7,0.11891161632,-142.9665116163203,-1.0574474282351616,0.7670209896551913,1.0999999999999943,60282.54847700759,60139.58196539127
QQQ,2024-04-30 00:00:00-04:00,short,2024-04-30 10:31:00-04:00,425.50972800000005,2024-04-30 10:41:00-04:00,426.61057600000004,stop,35,426.44000000000005,423.64918400000005,0.9302720000000022,11,-38.52967999999947,0.35000000000000003,0.11914272384000002,-38.998822723839474,-1.1977701982043771,0.49321794251029605,1.4399999999999977,60139.58196539127,60100.58314266743
SPY,2024-04-30 00:00:00-04:00,short,2024-04-30 10:36:00-04:00,494.622072,2024-04-30 10:42:00-04:00,495.668188,stop,30,495.47,492.92621599999995,0.8479280000000244,7,-31.38347999999951,0.3,0.11870929727999999,-31.802189297279508,-1.2501922056777852,0.5629345737419814,1.2800000000000296,60100.58314266743,60068.780953370144
META,2024-04-30 00:00:00-04:00,long,2024-04-30 10:39:00-04:00,433.05315199999995,2024-04-30 11:38:00-04:00,433.72643999999997,time,34,429.6,439.9594559999998,3.453151999999932,60,22.891792000000464,0.34,0.11797359167999999,22.433818408320466,0.1910770763870304,0.6258653007512319,5.859999999999957,60068.780953370144,60091.21477177846
SPY,2024-05-01 00:00:00-04:00,short,2024-05-01 09:48:00-04:00,487.514916,2024-05-01 10:47:00-04:00,488.12517199999996,time,30,488.185,486.1747480000001,0.6700839999999744,60,-18.307679999998072,0.3,0.11700357984,-18.72468357983807,-0.9314595175052077,0.7001556871628654,0.8899999999999864,60091.21477177846,60072.490088198625
QQQ,2024-05-01 00:00:00-04:00,short,2024-05-01 09:57:00-04:00,417.01312800000005,2024-05-01 10:00:00-04:00,418.037148,stop,36,417.87,415.29938400000015,0.856871999999953,4,-36.864719999998215,0.36,0.12009978086400001,-37.34481978086222,-1.2106313487008646,0.8599602633899942,1.1800000000000068,60072.490088198625,60035.145268417764
META,2024-05-01 00:00:00-04:00,long,2024-05-01 09:59:00-04:00,429.681804,2024-05-01 10:58:00-04:00,432.72684,time,34,426.525,435.99541200000004,3.1568040000000224,60,103.53122399999938,0.34,0.11770170047999999,103.07352229951938,0.960330190052965,0.534656043069602,5.3700000000000045,60035.145268417764,60138.218790717285
NVDA,2024-05-01 00:00:00-04:00,short,2024-05-01 10:01:00-04:00,83.83645200000001,2024-05-01 11:00:00-04:00,83.85352799999998,time,179,84.705,82.09935600000003,0.8685479999999899,60,-3.0566039999954455,1.79,0.120053799264,-4.966657799259446,-0.03194606586622142,0.808827836574009,1.4099999999999966,60138.218790717285,60133.25213291802
SPY,2024-05-02 00:00:00-04:00,short,2024-05-02 09:48:00-04:00,488.75442,2024-05-02 10:47:00-04:00,488.51532799999995,time,30,490.26,485.74325999999996,1.505580000000009,60,7.172760000000835,0.3,0.11730106079999998,6.755458939200835,0.14956492822701317,1.1026781585292555,2.2799999999999727,60133.25213291802,60140.007591857226
QQQ,2024-05-02 00:00:00-04:00,short,2024-05-02 09:49:00-04:00,418.19265600000006,2024-05-02 10:48:00-04:00,418.05715599999996,time,35,419.665,415.2479680000001,1.4723439999999641,60,4.742500000003247,0.35000000000000003,0.11709394368,4.275406056323248,0.08296597721191228,1.058478126259556,2.009999999999991,60140.007591857226,60144.28299791355
NVDA,2024-05-02 00:00:00-04:00,short,2024-05-02 09:50:00-04:00,83.876436,2024-05-02 10:49:00-04:00,84.363732,time,179,84.735,82.159308,0.8585640000000012,60,-87.22598400000011,1.79,0.12011105635199999,-89.13609505635212,-0.5799998736122176,1.001468740005099,1.5500000000000114,60144.28299791355,60055.146902857196
META,2024-05-02 00:00:00-04:00,short,2024-05-02 10:09:00-04:00,430.347792,2024-05-02 10:23:00-04:00,433.468318,stop,34,433.295,424.45337600000005,2.947207999999989,15,-106.09788399999945,0.34,0.11705459942400001,-106.55493859942345,-1.0633687145040307,0.9563552796893662,5.009999999999991,60055.146902857196,59948.59196425777
QQQ,2024-05-03 00:00:00-04:00,long,2024-05-03 09:46:00-04:00,430.161996,2024-05-03 10:03:00-04:00,428.80341000000004,stop,34,428.975,432.5359879999999,1.186995999999965,18,-46.19192399999815,0.34,0.11663452752000002,-46.648558527518155,-1.1558728313153424,1.381147073164684,1.329999999999984,59948.59196425777,59901.94340573026
AMZN,2024-05-03 00:00:00-04:00,long,2024-05-03 09:46:00-04:00,187.194848,2024-05-03 09:51:00-04:00,186.185496,stop,79,186.26,189.06454400000004,0.9348480000000166,6,-79.73880800000055,0.79,0.117669233472,-80.64647723347255,-1.0919865945779301,0.9726830408370195,1.6800000000000068,59901.94340573026,59821.296928496784
SPY,2024-05-03 00:00:00-04:00,long,2024-05-03 09:47:00-04:00,498.22921199999996,2024-05-03 10:00:00-04:00,496.866174,stop,30,497.065,500.5576359999999,1.1642119999999636,14,-40.89113999999881,0.3,0.11924788176,-41.310387881758814,-1.1827853770550412,1.3982172616204729,1.7300000000000182,59821.296928496784,59779.98654061503
NVDA,2024-05-03 00:00:00-04:00,long,2024-05-03 09:49:00-04:00,88.17525599999999,2024-05-03 10:20:00-04:00,87.375036,stop,169,87.41,89.70576799999998,0.7652559999999937,32,-135.2371799999993,1.69,0.11813104867199999,-137.04531104867132,-1.0596702283784807,0.8116997815501227,1.0400000000000063,59779.98654061503,59642.94122956636
META,2024-05-03 00:00:00-04:00,long,2024-05-03 09:51:00-04:00,446.038344,2024-05-03 10:50:00-04:00,448.67046000000005,time,33,442.71500000000003,452.6850319999999,3.323343999999963,60,86.85982800000176,0.33,0.11844900144,86.41137899856176,0.7879192272362061,0.9255365733916935,4.53000000000003,59642.94122956636,59729.35260856492
SPY,2024-05-06 00:00:00-04:00,long,2024-05-06 09:49:00-04:00,500.97030799999993,2024-05-06 10:48:00-04:00,500.61967200000004,time,29,500.26,502.3909239999998,0.7103079999999409,60,-10.168443999996953,0.29,0.116143763904,-10.574587763900952,-0.5133561178755206,0.8704733042751129,0.9399999999999977,59729.35260856492,59718.77802080102
NVDA,2024-05-06 00:00:00-04:00,long,2024-05-06 09:49:00-04:00,90.676256,2024-05-06 10:48:00-04:00,91.303464,time,164,89.71000000000001,92.60876799999997,0.9662559999999871,60,102.86211200000167,1.6400000000000001,0.11979014476800001,101.10232185523367,0.638006462353681,0.9954585338014867,1.6199999999999903,59718.77802080102,59819.88034265626
QQQ,2024-05-06 00:00:00-04:00,long,2024-05-06 09:52:00-04:00,432.903092,2024-05-06 10:51:00-04:00,432.546912,time,34,432.005,434.69927600000005,0.8980920000000197,60,-12.110119999999824,0.34,0.117652760064,-12.567772760063825,-0.41158408636975585,0.667452719339011,1.4099999999999682,59819.88034265626,59807.312569896196
AMZN,2024-05-06 00:00:00-04:00,long,2024-05-06 10:52:00-04:00,186.55459199999999,2024-05-06 11:51:00-04:00,186.71558388,time,80,185.6345,188.39477599999995,0.9200919999999826,60,12.87935040000093,0.8,0.11949797368319999,11.95985242631773,0.1624817467481235,0.7509213813618804,1.6689999999999827,59807.312569896196,59819.272422322516
AMZN,2024-05-07 00:00:00-04:00,long,2024-05-07 09:48:00-04:00,189.37021779999998,2024-05-07 09:49:00-04:00,188.69449200000003,stop,78,188.77,190.5706533999999,0.6002177999999674,2,-52.70661239999629,0.78,0.11774536300800001,-53.60435776300429,-1.144976633375401,0.7136379623183446,1.0,59819.272422322516,59765.66806455951
NVDA,2024-05-07 00:00:00-04:00,short,2024-05-07 09:50:00-04:00,90.19390800000001,2024-05-07 10:49:00-04:00,89.80590799999999,time,165,91.065,88.45172400000003,0.8710919999999902,60,64.02000000000321,1.6500000000000001,0.11905595856000001,62.25094404144321,0.43310976192643685,0.9826232683406338,1.1099999999999994,59765.66806455951,59827.919008600955
META,2024-05-07 00:00:00-04:00,short,2024-05-07 09:50:00-04:00,458.576496,2024-05-07 10:49:00-04:00,462.004728,stop,32,461.82,452.0894880000001,3.243503999999973,60,-109.70342399999936,0.32,0.117395582976,-110.14081958297535,-1.061167370833521,0.6165547527868726,5.460000000000036,59827.919008600955,59717.77818901798
SPY,2024-05-07 00:00:00-04:00,short,2024-05-07 09:51:00-04:00,503.48852400000004,2024-05-07 10:14:00-04:00,504.21160399999997,stop,29,504.01,502.44557200000014,0.5214759999999501,24,-20.969319999997822,0.29,0.116809337568,-21.37612933756582,-1.413503034064838,0.6775406939461015,0.5799999999999841,59717.77818901798,59696.40205968042
QQQ,2024-05-07 00:00:00-04:00,short,2024-05-07 09:58:00-04:00,434.826,2024-05-07 10:14:00-04:00,435.74422799999996,stop,34,435.57,433.3380000000001,0.7439999999999714,17,-31.21975199999804,0.34,0.118272672,-31.67802467199804,-1.25229382795696,0.5903774485165264,0.8999999999999773,59696.40205968042,59664.72403500842
SPY,2024-05-08 00:00:00-04:00,long,2024-05-08 09:46:00-04:00,502.570948,2024-05-08 10:45:00-04:00,503.318592,time,29,501.975,503.7628439999999,0.5959479999999644,60,21.68167600000106,0.29,0.116769913344,21.27490608665706,1.2310091673503065,0.5970378460760796,0.7700000000000387,59664.72403500842,59685.99894109507
QQQ,2024-05-08 00:00:00-04:00,long,2024-05-08 09:46:00-04:00,433.683404,2024-05-08 10:26:00-04:00,435.09610391520005,target,34,432.89,435.270212,0.7934040000000095,41,48.03179711680173,0.34,0.11834614026493441,47.57345097653679,1.7635645224484782,0.5243815787789075,1.1399999999999864,59685.99894109507,59733.57239207161
META,2024-05-08 00:00:00-04:00,long,2024-05-08 09:46:00-04:00,468.297244,2024-05-08 10:45:00-04:00,470.67165600000004,time,31,463.75,477.39173199999993,4.547243999999978,60,73.60677200000197,0.31,0.116726570688,73.18004542931396,0.519137883683408,0.5875255745276591,8.580000000000041,59733.57239207161,59806.75243750092
AMZN,2024-05-08 00:00:00-04:00,short,2024-05-08 09:46:00-04:00,186.995172,2024-05-08 10:28:00-04:00,187.795088,stop,79,187.72,185.545516,0.7248280000000022,43,-63.19336399999969,0.79,0.11818094870399999,-64.10154494870369,-1.1194544931707848,0.5784139634611015,1.0600000000000023,59806.75243750092,59742.65089255222
NVDA,2024-05-08 00:00:00-04:00,long,2024-05-08 09:49:00-04:00,90.476176,2024-05-08 10:48:00-04:00,90.86364,time,165,89.79499999999999,91.83852800000001,0.6811760000000078,60,63.9315600000014,1.6500000000000001,0.1199400048,62.1616199952014,0.5530686502166903,0.6837032509827958,1.0499999999999972,59742.65089255222,59804.812512547425
NVDA,2024-05-09 00:00:00-04:00,short,2024-05-09 09:46:00-04:00,88.724496,2024-05-09 10:45:00-04:00,88.68546,time,168,89.9,86.373488,1.1755040000000037,60,6.558047999999303,1.68,0.119245722624,4.758802277375303,0.02409707158120752,0.9012397687158763,2.019999999999996,59804.812512547425,59809.5713148248
AMZN,2024-05-09 00:00:00-04:00,short,2024-05-09 09:46:00-04:00,188.07474000000002,2024-05-09 10:35:00-04:00,189.395728,stop,79,189.32,185.58422000000007,1.2452599999999734,50,-104.35805199999774,0.79,0.11886323568000001,-105.26691523567774,-1.0700517144371455,1.0044726237110142,2.240000000000009,59809.5713148248,59704.30439958913
QQQ,2024-05-09 00:00:00-04:00,short,2024-05-09 09:48:00-04:00,433.346592,2024-05-09 10:01:00-04:00,434.70881399999996,stop,34,434.53499999999997,430.969776,1.1884079999999813,14,-46.315547999999126,0.34,0.117870273024,-46.77341827302313,-1.1575896264043966,0.5013035406328349,1.910000000000025,59704.30439958913,59657.53098131611
SPY,2024-05-09 00:00:00-04:00,long,2024-05-09 10:03:00-04:00,504.411684,2024-05-09 11:02:00-04:00,505.507716,time,29,503.64,505.95505199999997,0.7716839999999934,60,31.78492800000106,0.29,0.117277790112,31.37765020988906,1.4021127019246815,0.6136169893258546,1.0600000000000023,59657.53098131611,59688.908631526
META,2024-05-09 00:00:00-04:00,long,2024-05-09 10:39:00-04:00,470.057948,2024-05-09 11:38:00-04:00,470.62167600000004,time,31,466.905,476.3638440000001,3.1529480000000376,60,17.475568000000806,0.31,0.116714175648,17.048853824352808,0.17442819437301835,0.5175953953184803,5.7099999999999795,59688.908631526,59705.95748535035
NVDA,2024-05-10 00:00:00-04:00,long,2024-05-10 09:46:00-04:00,90.93636000000001,2024-05-10 10:07:00-04:00,90.22389600000001,stop,164,90.26,92.28908000000001,0.6763600000000025,22,-116.84409599999952,1.6400000000000001,0.11837375155200001,-118.60246975155152,-1.0692320527056514,0.9893369929379939,1.0600000000000023,59705.95748535035,59587.3550155988
SPY,2024-05-10 00:00:00-04:00,long,2024-05-10 09:49:00-04:00,508.95349999999996,2024-05-10 10:00:00-04:00,507.97672800000004,stop,29,508.18,510.5004999999999,0.7734999999999559,12,-28.32638799999785,0.29,0.117850600896,-28.734238600893846,-1.2809771348726338,0.8666992692847811,1.080000000000041,59587.3550155988,59558.6207769979
QQQ,2024-05-10 00:00:00-04:00,long,2024-05-10 09:49:00-04:00,438.95551199999994,2024-05-10 10:01:00-04:00,437.54491200000007,stop,33,437.72,441.42653599999977,1.2355119999999147,13,-46.549799999995855,0.33,0.115511856768,-46.995311856763855,-1.152639844288014,0.7094087543795946,1.7399999999999523,59558.6207769979,59511.62546514114
AMZN,2024-05-10 00:00:00-04:00,long,2024-05-10 09:49:00-04:00,189.88762468,2024-05-10 10:02:00-04:00,189.06439398,stop,78,189.14005,191.38277403999996,0.7475746799999854,14,-64.2119945999986,0.78,0.11797618184351999,-65.10997078184212,-1.1166017756939526,0.6244621352985531,0.9798999999999864,59511.62546514114,59446.51549435929
META,2024-05-10 00:00:00-04:00,short,2024-05-10 10:02:00-04:00,470.8116,2024-05-10 10:28:00-04:00,467.9419019199999,target,31,472.34000000000003,467.75479999999993,1.5284000000000333,27,88.96064048000284,0.31,0.1167612768,88.53387920320283,1.8685760188432539,0.3805455368452549,2.680000000000007,59446.51549435929,59535.0493735625
QQQ,2024-05-13 00:00:00-04:00,short,2024-05-13 09:46:00-04:00,436.915164,2024-05-13 10:17:00-04:00,438.130182,stop,34,437.955,434.83549200000004,1.0398359999999798,32,-41.31061199999954,0.34,0.118840924608,-41.76945292460754,-1.1814491143911254,0.5793733500707912,1.6499999999999773,59535.0493735625,59493.27992063789
NVDA,2024-05-13 00:00:00-04:00,short,2024-05-13 09:46:00-04:00,88.844448,2024-05-13 10:45:00-04:00,89.63583999999999,time,167,89.87,86.79334399999999,1.0255520000000047,60,-132.16246399999795,1.67,0.118696182528,-133.95116018252594,-0.7821180745432548,0.7589472221114698,1.7199999999999989,59493.27992063789,59359.32876045536
META,2024-05-13 00:00:00-04:00,short,2024-05-13 09:46:00-04:00,461.06550000000004,2024-05-13 10:20:00-04:00,466.08635999999996,stop,32,465.9,451.3965000000002,4.8344999999999345,35,-160.66751999999724,0.32,0.11803276800000001,-161.10555276799724,-1.041379361671317,0.7246041888575554,7.660000000000025,59359.32876045536,59198.22320768736
AMZN,2024-05-13 00:00:00-04:00,short,2024-05-13 10:33:00-04:00,186.555348,2024-05-13 11:32:00-04:00,185.914336,time,79,187.4828,184.70044400000003,0.9274519999999882,60,50.6399480000014,0.79,0.117902979936,49.7320450200654,0.6787624127351343,0.4487229702303179,1.6544000000000096,59198.22320768736,59247.95525270743
SPY,2024-05-13 00:00:00-04:00,short,2024-05-13 10:56:00-04:00,507.316992,2024-05-13 11:55:00-04:00,507.582952,time,29,508.22,505.510976,0.9030079999999998,60,-7.71283999999855,0.29,0.117697542144,-8.12053754214255,-0.31009529919552214,0.7873770828941693,1.400000000000034,59247.95525270743,59239.834715165285
QQQ,2024-05-14 00:00:00-04:00,long,2024-05-14 09:46:00-04:00,438.68540399999995,2024-05-14 09:59:00-04:00,437.619882,stop,33,437.795,440.4662119999998,0.8904039999999327,14,-35.1622259999977,0.33,0.115531648848,-35.6077576488457,-1.2118352557445966,0.9922122949793635,1.25,59239.834715165285,59204.22695751644
SPY,2024-05-14 00:00:00-04:00,long,2024-05-14 10:09:00-04:00,508.193196,2024-05-14 10:17:00-04:00,507.35697600000003,stop,29,507.56,509.459588,0.6331959999999981,9,-24.250379999999097,0.29,0.117706818432,-24.658086818431098,-1.3428367453489465,0.87644098320565,0.7799999999999727,59204.22695751644,59179.56887069801
META,2024-05-14 00:00:00-04:00,long,2024-05-14 10:09:00-04:00,461.654588,2024-05-14 11:02:00-04:00,467.1168424943999,target,32,458.83000000000004,467.3037639999999,2.824587999999949,54,174.79214382079772,0.32,0.11958191167856637,174.35256190911915,1.9289601030876262,0.6447322597450419,4.5400000000000205,59179.56887069801,59353.92143260712
NVDA,2024-05-14 00:00:00-04:00,long,2024-05-14 10:23:00-04:00,90.18606,2024-05-14 11:22:00-04:00,90.533772,time,164,89.44,91.67818,0.74606,60,57.02476800000022,1.6400000000000001,0.11878030886399998,55.265987691136225,0.4516898504463467,0.777623640166608,1.3199999999999932,59353.92143260712,59409.18742029826
QQQ,2024-05-15 00:00:00-04:00,short,2024-05-15 09:47:00-04:00,442.452948,2024-05-15 10:05:00-04:00,443.317256,stop,33,443.14,441.078844,0.6870519999999942,19,-28.522163999999805,0.33,0.11680757827199999,-28.968971578271802,-1.277701867666496,0.8951743413860774,1.0,59409.18742029826,59380.218448719985
AMZN,2024-05-15 00:00:00-04:00,short,2024-05-15 09:47:00-04:00,184.08633600000002,2024-05-15 10:46:00-04:00,184.043588,time,80,185.56465,181.12970800000005,1.4783139999999833,60,3.419840000001386,0.8,0.11781525504000001,2.5020247449613864,0.021156066513621386,1.6494385862822931,2.3093000000000075,59380.218448719985,59382.72047346495
META,2024-05-15 00:00:00-04:00,short,2024-05-15 09:50:00-04:00,469.092288,2024-05-15 10:18:00-04:00,471.428496,stop,31,471.24,464.79686399999997,2.1477120000000127,29,-72.42244799999997,0.31,0.116334887424,-72.84878288742398,-1.0941693943619932,0.49162456174539537,4.019999999999982,59382.72047346495,59309.87169057753
SPY,2024-05-15 00:00:00-04:00,short,2024-05-15 09:51:00-04:00,511.39536000000004,2024-05-15 10:05:00-04:00,512.6149640000001,stop,28,512.4100000000001,509.36607999999995,1.0146400000000426,15,-34.1489120000017,0.28,0.11455256064000001,-34.5434645606417,-1.2158944678703865,1.0238518431268377,1.0600000000000591,59309.87169057753,59275.328226016885
NVDA,2024-05-15 00:00:00-04:00,long,2024-05-15 10:13:00-04:00,93.13723999999999,2024-05-15 11:12:00-04:00,94.142328,time,159,92.255,94.90171999999998,0.8822399999999959,60,159.80899200000238,1.59,0.11974904121600001,158.09924295878636,1.127057106202416,1.1217284546354163,1.6299999999999955,59275.328226016885,59433.42746897567
NVDA,2024-05-16 00:00:00-04:00,long,2024-05-16 09:47:00-04:00,95.47817599999999,2024-05-16 10:05:00-04:00,94.78706999999999,stop,155,94.82499999999999,96.784528,0.653176000000002,19,-107.12143000000076,1.55,0.11753596679999997,-108.78896596680076,-1.0745408535524923,0.9211783455192005,1.1700000000000017,59433.42746897567,59324.63850300887
QQQ,2024-05-16 00:00:00-04:00,long,2024-05-16 09:48:00-04:00,448.00913199999997,2024-05-16 10:07:00-04:00,447.2860140000001,stop,33,447.46500000000003,449.09739599999983,0.5441319999999337,20,-23.86289399999623,0.33,0.11808350769600001,-24.31097750769223,-1.3538925997955928,0.736603306332229,0.6899999999999977,59324.63850300887,59300.327525501176
SPY,2024-05-16 00:00:00-04:00,short,2024-05-16 10:08:00-04:00,515.5337040000001,2024-05-16 10:09:00-04:00,516.35646,stop,28,516.15,514.3011120000002,0.6162959999999202,2,-23.037167999997564,0.28,0.11547954969600001,-23.432647549693566,-1.3579193595804961,0.610413935337837,0.4600000000000364,59300.327525501176,59276.89487795148
SPY,2024-05-17 00:00:00-04:00,short,2024-05-17 09:46:00-04:00,514.364172,2024-05-17 10:00:00-04:00,515.135972,stop,28,514.9300000000001,513.232516,0.5658280000000104,15,-21.610399999999572,0.28,0.11521757452800001,-22.005617574527573,-1.3889643378835446,0.7509914575681558,0.6999999999999318,59276.89487795148,59254.88926037696
AMZN,2024-05-17 00:00:00-04:00,long,2024-05-17 09:48:00-04:00,184.9329436,2024-05-17 10:47:00-04:00,184.781058,time,80,184.08995,186.6189308,0.8429935999999998,60,-12.15084799999886,0.8,0.11825987712,-13.06910787711886,-0.19379014083142007,0.7484240634498371,1.4799000000000149,59254.88926037696,59241.82015249984
QQQ,2024-05-17 00:00:00-04:00,short,2024-05-17 09:50:00-04:00,446.181456,2024-05-17 10:03:00-04:00,446.90369,stop,33,446.725,445.09436800000003,0.5435439999999971,14,-23.833721999998602,0.33,0.117791904384,-24.2815139043826,-1.3537146057135419,0.6178071807649254,0.6899999999999977,59241.82015249984,59217.538638595455
NVDA,2024-05-17 00:00:00-04:00,short,2024-05-17 09:55:00-04:00,93.442608,2024-05-17 10:54:00-04:00,93.85752799999999,time,158,94.06,92.20782400000002,0.6173919999999953,60,-65.55735999999698,1.58,0.118111456512,-67.25547145650897,-0.6894607329929512,0.7037362478283112,1.039999999999992,59217.538638595455,59150.28316713894
META,2024-05-17 00:00:00-04:00,long,2024-05-17 10:41:00-04:00,468.357268,2024-05-17 10:58:00-04:00,466.41336000000007,stop,31,466.6,471.8718039999999,1.7572679999999536,18,-60.26114799999715,0.31,0.11567051328000001,-60.68681851327715,-1.1140243303127126,0.7714307383751764,2.920000000000016,59150.28316713894,59089.596348625666
SPY,2024-05-20 00:00:00-04:00,long,2024-05-20 09:46:00-04:00,516.536532,2024-05-20 10:45:00-04:00,517.083084,time,28,515.925,517.759596,0.6115320000000111,60,15.303456000000551,0.28,0.115826610816,14.907629389184551,0.8706254706671279,0.5120547814949713,0.7699999999999818,59089.596348625666,59104.50397801485
QQQ,2024-05-20 00:00:00-04:00,long,2024-05-20 09:46:00-04:00,448.389284,2024-05-20 10:45:00-04:00,449.07030000000003,time,32,447.28999999999996,450.587852,1.0992840000000115,60,21.792512000001807,0.32,0.11496199680000001,21.357550003201805,0.6071437750390704,0.716118734068601,1.8000000000000114,59104.50397801485,59125.86152801805
NVDA,2024-05-20 00:00:00-04:00,long,2024-05-20 09:55:00-04:00,94.93796,2024-05-20 10:54:00-04:00,94.63213200000001,time,155,94.03,96.75388000000001,0.9079600000000028,60,-47.40333999999862,1.55,0.11734384368000002,-49.070683843678616,-0.3486773173443655,0.955952193665096,1.5,59125.86152801805,59076.79084417437
QQQ,2024-05-21 00:00:00-04:00,long,2024-05-21 09:54:00-04:00,448.52934,2024-05-21 10:53:00-04:00,448.8204,time,32,447.86,449.86801999999994,0.669339999999977,60,9.313920000000508,0.32,0.1148980224,8.879021977600507,0.4145418424119661,0.5716149658211491,0.8600000000000136,59076.79084417437,59085.66986615197
SPY,2024-05-21 00:00:00-04:00,long,2024-05-21 10:03:00-04:00,516.036332,2024-05-21 11:02:00-04:00,516.203436,time,28,515.46,517.188996,0.5763319999999794,60,4.678911999999855,0.28,0.11562956966400001,4.283282430335855,0.2654275183609452,0.48758666218161595,0.6200000000000045,59085.66986615197,59089.9531485823
NVDA,2024-05-21 00:00:00-04:00,long,2024-05-21 10:34:00-04:00,94.317712,2024-05-21 11:33:00-04:00,94.652124,time,156,93.65,95.65313599999999,0.6677119999999945,60,52.16827200000006,1.56,0.118125850752,50.490146149248055,0.48472213021183236,0.9658037935427267,1.019999999999996,59089.9531485823,59140.44329473155
SPY,2024-05-22 00:00:00-04:00,long,2024-05-22 09:52:00-04:00,517.376868,2024-05-22 10:44:00-04:00,516.6782460000001,stop,28,516.885,518.3606039999999,0.491867999999954,53,-19.561415999996825,0.28,0.115735927104,-19.957151927100828,-1.449078667382211,0.44781108900845135,0.4500000000000455,59140.44329473155,59120.48614280445
QQQ,2024-05-22 00:00:00-04:00,long,2024-05-22 09:53:00-04:00,451.290444,2024-05-22 10:07:00-04:00,450.44475,stop,32,450.625,452.62133199999994,0.6654439999999795,15,-27.062207999999373,0.32,0.11531385599999999,-27.497521855999373,-1.291314607991066,0.5572215585544203,0.8899999999999864,59120.48614280445,59092.988620948454
AMZN,2024-05-22 00:00:00-04:00,short,2024-05-22 10:07:00-04:00,183.691494,2024-05-22 11:06:00-04:00,184.24867,time,80,184.515,182.04448200000004,0.8235059999999805,60,-44.57407999999987,0.8,0.11756255616,-45.49164255615987,-0.690517776375657,0.7658293489800058,1.4099999999999966,59092.988620948454,59047.49697839229
META,2024-05-22 00:00:00-04:00,long,2024-05-22 10:17:00-04:00,467.73702,2024-05-22 11:16:00-04:00,468.8124,time,31,465.605,472.0010599999999,2.1320199999999545,60,33.336780000001625,0.31,0.1162654752,32.91051452480162,0.49794537612221035,0.60126338046937,3.670000000000016,59047.49697839229,59080.4074929171
META,2024-05-23 00:00:00-04:00,short,2024-05-23 09:47:00-04:00,465.61368000000004,2024-05-23 10:46:00-04:00,465.446104,time,31,468.365,460.1110400000001,2.7513199999999642,60,5.194856000001664,0.31,0.11547219264,4.769383807361664,0.0559190099879533,0.5200683484115071,4.730000000000018,59080.4074929171,59085.17687672446
SPY,2024-05-23 00:00:00-04:00,short,2024-05-23 09:48:00-04:00,516.9131520000001,2024-05-23 10:47:00-04:00,516.486512,time,28,518.2049999999999,514.3294560000004,1.2918479999998453,60,11.945920000003753,0.28,0.11578854604800001,11.550131453955753,0.31931364586559985,1.151252734884748,1.669999999999959,59085.17687672446,59096.727008178415
QQQ,2024-05-23 00:00:00-04:00,short,2024-05-23 09:49:00-04:00,452.908764,2024-05-23 10:48:00-04:00,452.560952,time,32,454.22,450.286292,1.311236000000008,60,11.129984000001059,0.32,0.115944643584,10.69403935641706,0.2548654322242762,1.480639315656944,1.7199999999999704,59096.727008178415,59107.42104753483
AMZN,2024-05-23 00:00:00-04:00,short,2024-05-23 09:51:00-04:00,182.49707196,2024-05-23 10:50:00-04:00,183.15343208,time,80,183.71499999999997,180.06121588000005,1.2179280399999755,60,-52.50880959999904,0.8,0.11679812605439999,-53.425607726053435,-0.5483247569993391,0.67578595311634,2.0900000000000034,59107.42104753483,59053.99543980878
NVDA,2024-05-23 00:00:00-04:00,long,2024-05-23 10:30:00-04:00,104.081616,2024-05-23 11:29:00-04:00,104.368236,time,141,102.67500000000001,106.89484799999997,1.4066159999999854,60,40.41341999999989,1.41,0.11772737020799999,38.88569262979189,0.19606278764922486,2.9748690831739815,2.6700000000000017,59053.99543980878,59092.88113243857
QQQ,2024-05-24 00:00:00-04:00,long,2024-05-24 09:46:00-04:00,450.50012799999996,2024-05-24 09:48:00-04:00,449.5201200000001,stop,32,449.70000000000005,452.1003839999998,0.8001279999999156,3,-31.360255999996298,0.32,0.11507715072000002,-31.7953331507163,-1.2418065121580413,0.570234769085683,1.0400000000000205,59092.88113243857,59061.08579928785
NVDA,2024-05-24 00:00:00-04:00,long,2024-05-24 09:47:00-04:00,104.521792,2024-05-24 09:53:00-04:00,103.58355,stop,141,103.625,106.31537600000001,0.8967920000000049,7,-132.29212200000035,1.41,0.11684224439999999,-133.81896424440035,-1.0582951993327296,1.1956979548424786,1.6100000000000136,59061.08579928785,58927.266835043454
SPY,2024-05-24 00:00:00-04:00,short,2024-05-24 09:51:00-04:00,513.014712,2024-05-24 10:00:00-04:00,514.010522,stop,28,513.8050000000001,511.43413599999997,0.7902880000000323,10,-27.882680000000164,0.28,0.114915295488,-28.277595295488165,-1.2779064311946589,1.0166576811218537,0.7900000000000773,58927.266835043454,58898.98923974796
META,2024-05-24 00:00:00-04:00,long,2024-05-24 09:57:00-04:00,465.52613599999995,2024-05-24 10:05:00-04:00,468.4609486367998,target,31,463.96500000000003,468.6484079999998,1.5611359999999195,9,90.97919174079527,0.31,0.11617831526192635,90.55301342553335,1.8711149760244488,0.42529541692792366,2.4699999999999704,58898.98923974796,58989.542253173495
AMZN,2024-05-24 00:00:00-04:00,short,2024-05-24 10:49:00-04:00,181.03755600000002,2024-05-24 11:07:00-04:00,181.845209,stop,81,181.7725,179.56766800000005,0.7349439999999845,19,-65.419892999999,0.81,0.11731233628800002,-66.347205336287,-1.1145084529542455,0.47062882596947375,1.3249999999999886,58989.542253173495,58923.19504783721
SPY,2024-05-28 00:00:00-04:00,short,2024-05-28 09:46:00-04:00,515.483724,2024-05-28 10:45:00-04:00,516.0163239999999,time,28,516.255,513.9411720000002,0.7712759999999435,60,-14.912799999996878,0.28,0.115468354176,-15.308268354172878,-0.7088563235364883,0.7250619751022491,0.5899999999999181,58923.19504783721,58907.88677948304
QQQ,2024-05-28 00:00:00-04:00,short,2024-05-28 09:46:00-04:00,451.93915200000004,2024-05-28 10:30:00-04:00,453.43129999999996,stop,32,453.25,449.3174560000001,1.3108479999999645,45,-47.748735999997734,0.32,0.11569642291200001,-48.18443242290974,-1.1486942141392213,0.6665766422707693,1.6399999999999864,58907.88677948304,58859.70234706013
META,2024-05-28 00:00:00-04:00,short,2024-05-28 09:47:00-04:00,471.151464,2024-05-28 10:46:00-04:00,473.409288,time,31,474.92,463.6143919999999,3.76853600000004,60,-69.99254400000086,0.31,0.11684556307199999,-70.41938956307287,-0.6027786948862911,0.8956949936160659,4.519999999999982,58859.70234706013,58789.28295749705
AMZN,2024-05-28 00:00:00-04:00,long,2024-05-28 10:24:00-04:00,181.467558,2024-05-28 11:23:00-04:00,181.24567272,time,80,180.425,183.55267399999997,1.0425579999999854,60,-17.750822400000743,0.8,0.1159972305408,-18.666819630541543,-0.22381032554713748,0.7927480716391763,1.8700000000000045,58789.28295749705,58770.61613786651
NVDA,2024-05-28 00:00:00-04:00,long,2024-05-28 10:51:00-04:00,111.86472799999999,2024-05-28 11:50:00-04:00,111.935208,time,131,110.75,114.09418399999996,1.1147279999999853,60,9.23288000000231,1.31,0.117308097984,7.80557190201831,0.05345206932634546,1.6795825906100637,2.1200000000000045,58770.61613786651,58778.42170976853
SPY,2024-05-29 00:00:00-04:00,long,2024-05-29 09:51:00-04:00,512.444896,2024-05-29 10:50:00-04:00,512.874768,time,28,511.89,513.5546879999999,0.5548959999999852,60,12.036416000001282,0.28,0.114883948032,11.641532051969282,0.7492737411263676,0.9180714969068284,0.5799999999999272,58778.42170976853,58790.0632418205
QQQ,2024-05-29 00:00:00-04:00,long,2024-05-29 09:51:00-04:00,451.850668,2024-05-29 10:50:00-04:00,452.199048,time,32,450.585,454.382004,1.2656680000000051,60,11.148160000000644,0.32,0.115762956288,10.712397043712643,0.2644946444217747,0.836026218997534,1.3700000000000045,58790.0632418205,58800.77563886421
META,2024-05-29 00:00:00-04:00,long,2024-05-29 09:51:00-04:00,475.53013599999997,2024-05-29 10:50:00-04:00,474.55010400000003,time,30,472.83,480.93040799999994,2.7001359999999863,60,-29.400959999998122,0.3,0.11389202496,-29.81485202495812,-0.3680660532772951,0.5574395345030803,4.0,58800.77563886421,58770.96078683925
AMZN,2024-05-29 00:00:00-04:00,long,2024-05-29 09:51:00-04:00,182.96315599999997,2024-05-29 10:50:00-04:00,182.886816,time,80,182.215,184.4594679999999,0.7481559999999661,60,-6.1071999999967375,0.8,0.11704756224,-7.024247562236737,-0.1173593402017269,0.875754539736832,1.329999999999984,58770.96078683925,58763.93653927701
NVDA,2024-05-29 00:00:00-04:00,long,2024-05-29 10:18:00-04:00,113.48537599999999,2024-05-29 11:17:00-04:00,113.414616,time,129,112.005,116.44612799999997,1.4803759999999926,60,-9.128039999999075,1.29,0.11704388371199999,-10.535083883711074,-0.05516660424648416,1.4270916454921723,2.5900000000000034,58763.93653927701,58753.4014553933
SPY,2024-05-30 00:00:00-04:00,short,2024-05-30 10:12:00-04:00,509.825988,2024-05-30 11:11:00-04:00,509.823848,time,28,510.655,508.16796400000004,0.8290119999999774,60,0.05991999999992004,0.28,0.114201021312,-0.33428102131208,-0.014401007348510252,0.8329584760291655,1.0500000000000114,58753.4014553933,58753.06717437199
AMZN,2024-05-30 00:00:00-04:00,short,2024-05-30 10:12:00-04:00,179.75307,2024-05-30 11:11:00-04:00,179.89192799999998,time,81,180.75,177.75921000000002,0.9969299999999919,60,-11.24749799999762,0.81,0.11647998936000001,-12.17397798935762,-0.1507588542424963,0.5998875788870444,1.1999999999999886,58753.06717437199,58740.89319638263
QQQ,2024-05-30 00:00:00-04:00,short,2024-05-30 10:14:00-04:00,448.23063600000006,2024-05-30 11:13:00-04:00,447.408892,time,32,449.34000000000003,446.0119080000001,1.109363999999971,60,26.29580800000258,0.32,0.11474704281600001,25.86106095718658,0.7284878136590892,0.786348693481477,1.7199999999999704,58740.89319638263,58766.75425733982
NVDA,2024-05-30 00:00:00-04:00,short,2024-05-30 10:34:00-04:00,113.484588,2024-05-30 11:33:00-04:00,113.2953,time,129,114.72,111.01376400000001,1.2354119999999966,60,24.418152000000617,1.29,0.117116094816,23.011035905184617,0.14438917810091312,1.02635660104822,1.8000000000000114,58766.75425733982,58789.765293245
META,2024-05-31 00:00:00-04:00,short,2024-05-31 09:46:00-04:00,461.595288,2024-05-31 10:15:00-04:00,457.3787423456,target,31,463.79499999999996,457.19586400000003,2.199711999999977,30,130.71291528639892,0.31,0.11447563142399998,130.28843965497492,1.9106377980826625,0.5510376997859618,3.4699999999999704,58789.765293245,58920.05373289998
QQQ,2024-05-31 00:00:00-04:00,short,2024-05-31 09:51:00-04:00,445.31180400000005,2024-05-31 10:17:00-04:00,443.3126661648002,target,33,446.4,443.1354120000002,1.0881959999999253,27,65.9715485615954,0.33,0.11756231625600001,65.5239862453394,1.8246486301805895,0.680814197195257,1.339999999999975,58920.05373289998,58985.577719145316
AMZN,2024-05-31 00:00:00-04:00,short,2024-05-31 09:52:00-04:00,177.159108,2024-05-31 10:26:00-04:00,175.10563824960002,target,83,178.22084999999998,175.03562400000004,1.061741999999981,35,170.43798928319865,0.8300000000000001,0.117633647712,169.49035563548662,1.9233038511578329,0.7946698974849647,1.9783000000000186,58985.577719145316,59155.0680747808
SPY,2024-05-31 00:00:00-04:00,short,2024-05-31 09:53:00-04:00,509.366172,2024-05-31 10:24:00-04:00,507.7115194064001,target,29,510.29499999999996,507.5085160000001,0.9288279999999531,32,47.984925214397265,0.29,0.118172951904,47.576752262493265,1.766287907151796,0.820102360920618,1.410000000000025,59155.0680747808,59202.644827043296
NVDA,2024-05-31 00:00:00-04:00,short,2024-05-31 10:16:00-04:00,110.475792,2024-05-31 10:34:00-04:00,108.39071495040001,target,133,111.53999999999999,108.34737600000001,1.0642079999999936,19,277.31524759679843,1.33,0.117546242688,275.86770135411047,1.9490487228662072,0.9401711493924281,1.9599999999999937,59202.644827043296,59478.512528397405
META,2024-06-03 00:00:00-04:00,long,2024-06-03 09:46:00-04:00,471.82865599999997,2024-06-03 10:45:00-04:00,471.041508,time,31,467.81,479.8659679999999,4.0186559999999645,60,-24.4015879999983,0.31,0.116818293984,-24.828406293982297,-0.19929954991518362,0.9606801142542,6.2999999999999545,59478.512528397405,59453.68412210342
AMZN,2024-06-03 00:00:00-04:00,long,2024-06-03 09:46:00-04:00,178.67144,2024-06-03 09:50:00-04:00,177.61392600000002,stop,83,177.685,180.64431999999996,0.9864399999999875,5,-87.77366199999744,0.8300000000000001,0.117935646864,-88.72159764686144,-1.083628919557178,1.0164100139716024,1.5900000000000034,59453.68412210342,59364.96252445656
QQQ,2024-06-03 00:00:00-04:00,long,2024-06-03 09:47:00-04:00,450.16999599999997,2024-06-03 09:50:00-04:00,449.19025200000004,stop,32,449.37,451.7699879999999,0.7999959999999646,4,-31.351807999997618,0.32,0.114992704512,-31.78680070450962,-1.2416781109105164,1.124102714987943,1.2200000000000273,59364.96252445656,59333.17572375205
SPY,2024-06-03 00:00:00-04:00,short,2024-06-03 09:51:00-04:00,514.384164,2024-06-03 10:00:00-04:00,515.1609819999999,stop,28,514.9549999999999,513.2424920000003,0.570835999999872,10,-21.75090399999499,0.28,0.115222052736,-22.14612605273099,-1.3855697140895082,1.2692945326247271,0.57000000000005,59333.17572375205,59311.02959769932
NVDA,2024-06-03 00:00:00-04:00,short,2024-06-03 09:53:00-04:00,112.88482800000001,2024-06-03 09:54:00-04:00,113.61042599999999,stop,131,113.565,111.52448400000004,0.6801719999999847,2,-95.05333799999694,1.31,0.11830329974400002,-96.48164129974094,-1.0828159327699365,0.9947000795572977,1.25,59311.02959769932,59214.54795639958
NVDA,2024-06-04 00:00:00-04:00,short,2024-06-04 09:57:00-04:00,114.26427600000001,2024-06-04 10:56:00-04:00,114.515788,time,129,115.13,112.53282800000004,0.865723999999986,60,-32.44504799999885,1.29,0.117920732832,-33.852968732830846,-0.3031290737093985,0.9476531107605959,1.5799999999999983,59214.54795639958,59180.69498766675
SPY,2024-06-04 00:00:00-04:00,long,2024-06-04 10:01:00-04:00,513.4753079999999,2024-06-04 10:06:00-04:00,512.225028,stop,28,512.43,515.5659239999999,1.0453079999999773,6,-35.007839999999305,0.28,0.114738406272,-35.4025784062713,-1.2095744031653854,0.5932879418080488,0.9799999999999613,59180.69498766675,59145.29240926048
QQQ,2024-06-04 00:00:00-04:00,long,2024-06-04 10:02:00-04:00,448.119176,2024-06-04 10:05:00-04:00,446.73623399999997,stop,32,446.91499999999996,450.527528,1.2041760000000181,4,-44.25414400000045,0.32,0.114364475904,-44.68850847590445,-1.1597273902419523,0.7866823168140843,1.650000000000034,59145.29240926048,59100.603900784576
AMZN,2024-06-04 00:00:00-04:00,long,2024-06-04 10:02:00-04:00,178.62131996,2024-06-04 10:13:00-04:00,177.389016,stop,82,177.45999999999998,180.94395988000002,1.1613199600000144,12,-101.04892471999966,0.8200000000000001,0.11636719449599998,-101.98529191449565,-1.0709564245567436,0.6635722464376326,2.039999999999992,59100.603900784576,58998.61860887008
META,2024-06-04 00:00:00-04:00,short,2024-06-04 10:13:00-04:00,470.29180800000006,2024-06-04 11:12:00-04:00,470.658188,time,31,472.96500000000003,464.9454240000001,2.673191999999972,60,-11.357779999998002,0.31,0.11663236838400001,-11.784412368382002,-0.14220539881308172,0.49397936552004745,4.150000000000034,58998.61860887008,58986.834196501695
META,2024-06-05 00:00:00-04:00,long,2024-06-05 09:46:00-04:00,488.115168,2024-06-05 10:00:00-04:00,483.351582,stop,30,483.54499999999996,497.25550400000003,4.570168000000024,15,-142.90757999999926,0.3,0.11600437967999999,-143.32358437967926,-1.045356059701952,1.6507518950487228,6.670000000000016,58986.834196501695,58843.510612122016
NVDA,2024-06-05 00:00:00-04:00,long,2024-06-05 09:48:00-04:00,118.587416,2024-06-05 10:47:00-04:00,119.57215200000002,time,124,117.85,120.06224800000003,0.7374160000000103,60,122.10726400000152,1.24,0.118615574784,120.74864842521752,1.3205292843984924,0.9264727262509542,1.1600000000000108,58843.510612122016,58964.25926054723
SPY,2024-06-05 00:00:00-04:00,short,2024-06-05 09:51:00-04:00,515.49372,2024-06-05 10:26:00-04:00,516.596556,stop,28,516.39,513.7011600000002,0.8962799999999334,36,-30.87940799999751,0.28,0.11547059328,-31.274878593277514,-1.2462176437720291,1.0544953325419708,0.9200000000000728,58964.25926054723,58932.98438195395
QQQ,2024-06-05 00:00:00-04:00,long,2024-06-05 09:53:00-04:00,452.901088,2024-06-05 10:00:00-04:00,451.959144,stop,32,452.14,454.4232640000001,0.7610880000000293,8,-30.14220800000112,0.32,0.11570154086399999,-30.577909540865118,-1.255517986293304,0.8157616892648544,0.9200000000000159,58932.98438195395,58902.40647241309
AMZN,2024-06-05 00:00:00-04:00,long,2024-06-05 10:27:00-04:00,180.317098,2024-06-05 11:26:00-04:00,180.69779196000002,time,81,179.47,182.01129399999996,0.8470979999999884,60,30.836210760002473,0.81,0.11709216919008,29.909118590812394,0.4358980633461012,0.7397946978158176,1.4399999999999977,58902.40647241309,58932.3155910039
QQQ,2024-06-06 00:00:00-04:00,short,2024-06-06 09:47:00-04:00,457.756824,2024-06-06 10:36:00-04:00,458.818454,stop,32,458.635,456.000472,0.8781759999999963,50,-33.97215999999935,0.32,0.117185746944,-34.40934574694335,-1.224460762525945,0.7078302954758805,0.7100000000000364,58932.3155910039,58897.906245256956
NVDA,2024-06-06 00:00:00-04:00,short,2024-06-06 09:47:00-04:00,122.990784,2024-06-06 09:54:00-04:00,120.5305449408,target,119,124.245,120.482352,1.2542159999999996,8,292.7684480448007,1.19,0.117087226368,291.4613608184327,1.952817642996108,1.4911161098923633,2.25,58897.906245256956,59189.367606075386
SPY,2024-06-06 00:00:00-04:00,short,2024-06-06 09:59:00-04:00,520.1718480000001,2024-06-06 10:23:00-04:00,521.173386,stop,28,520.965,518.5855440000001,0.7931519999999637,25,-28.043063999999504,0.28,0.11651849395200001,-28.439582493951505,-1.280586034939115,1.0025107176533854,0.7300000000000182,59189.367606075386,59160.92802358144
META,2024-06-06 00:00:00-04:00,long,2024-06-06 10:03:00-04:00,492.977112,2024-06-06 10:24:00-04:00,497.5722274656,target,30,490.58,497.77133599999996,2.397111999999993,22,137.85346396800094,0.3,0.119417334591744,137.4340466334092,1.911105900675613,0.8037761557077069,3.8799999999999955,59160.92802358144,59298.36207021485
AMZN,2024-06-06 00:00:00-04:00,long,2024-06-06 10:25:00-04:00,182.85681348,2024-06-06 11:24:00-04:00,183.696492,time,81,182.115,184.34044043999998,0.7418134799999905,60,68.01396012000055,0.81,0.119035326816,67.08492479318454,1.1164652171918166,0.6628464106464851,1.25,59298.36207021485,59365.44699500803
SPY,2024-06-07 00:00:00-04:00,long,2024-06-07 09:50:00-04:00,520.027928,2024-06-07 10:40:00-04:00,521.5750704864,target,28,519.15,521.783784,0.8779279999999972,51,43.31998961920135,0.28,0.1168328157889536,42.9231568034124,1.7461225588387226,0.7129923429835494,1.259999999999991,59365.44699500803,59408.37015181145
QQQ,2024-06-07 00:00:00-04:00,long,2024-06-07 09:51:00-04:00,457.63298,2024-06-07 10:48:00-04:00,458.925296424,target,32,456.895,459.10893999999996,0.7379799999999932,58,41.35412556800111,0.32,0.117484875884544,40.916640692116566,1.7326282848161936,0.589645722621382,1.150000000000034,59408.37015181145,59449.28679250356
AMZN,2024-06-07 00:00:00-04:00,long,2024-06-07 10:35:00-04:00,185.24406799999997,2024-06-07 11:34:00-04:00,185.77066200000002,time,80,184.215,187.3022039999999,1.0290679999999668,60,42.12752000000364,0.8,0.11889322368000001,41.20862677632365,0.5005576256419034,0.674301496036241,1.7099999999999795,59449.28679250356,59490.49541927988
META,2024-06-07 00:00:00-04:00,long,2024-06-07 10:40:00-04:00,493.067148,2024-06-07 11:39:00-04:00,492.592884,time,30,489.265,500.67144399999995,3.8021479999999883,60,-14.227919999998448,0.3,0.11822229216,-14.64614229215845,-0.1284023512687959,0.5231777400732345,5.689999999999998,59490.49541927988,59475.84927698773
SPY,2024-06-10 00:00:00-04:00,short,2024-06-10 09:47:00-04:00,518.39256,2024-06-10 09:56:00-04:00,519.142574,stop,28,518.935,517.3076800000001,0.5424399999999423,10,-21.00039199999901,0.28,0.11611993343999999,-21.39651193343901,-1.4087477702235196,0.7440355286605257,0.6100000000000136,59475.84927698773,59454.45276505429
NVDA,2024-06-10 00:00:00-04:00,short,2024-06-10 09:47:00-04:00,118.68250800000001,2024-06-10 10:22:00-04:00,120.11302599999999,stop,125,120.065,115.91752400000004,1.382491999999985,36,-178.81474999999725,1.25,0.118682508,-180.18343250799725,-1.0426588074751924,0.5755472270537083,1.9500000000000028,59454.45276505429,59274.26933254629
AMZN,2024-06-10 00:00:00-04:00,long,2024-06-10 09:52:00-04:00,185.10401199999998,2024-06-10 10:51:00-04:00,186.015564,time,80,184.28994999999998,186.732136,0.814062000000007,60,72.9241600000023,0.8,0.11904996096,72.00511003904231,1.105645362992034,0.594652824171677,0.9998999999999967,59274.26933254629,59346.27444258533
QQQ,2024-06-10 00:00:00-04:00,long,2024-06-10 10:23:00-04:00,457.412892,2024-06-10 11:22:00-04:00,458.17665600000004,time,32,456.575,459.088676,0.8378920000000107,60,24.440448000001197,0.32,0.117293223936,24.003154776065198,0.8952210866699143,0.5801880559114235,1.1100000000000136,59346.27444258533,59370.2775973614
META,2024-06-10 00:00:00-04:00,long,2024-06-10 10:57:00-04:00,493.4773119999999,2024-06-10 11:43:00-04:00,497.4028952255999,target,30,491.41499999999996,497.60193599999985,2.062311999999963,47,117.76749676799852,0.3,0.11937669485414397,117.34812007314439,1.8967081617321804,0.6026103970899305,3.569999999999993,59370.2775973614,59487.625717434545
SPY,2024-06-11 00:00:00-04:00,short,2024-06-11 09:46:00-04:00,518.8423799999999,2024-06-11 10:24:00-04:00,519.772826,stop,28,519.565,517.3971399999997,0.7226200000001199,39,-26.052488000002086,0.28,0.11622069311999998,-26.448708693122086,-1.30718322083518,0.7437477553701454,0.9699999999999136,59487.625717434545,59461.177008741426
AMZN,2024-06-11 00:00:00-04:00,short,2024-06-11 09:46:00-04:00,186.17569992000003,2024-06-11 10:45:00-04:00,186.39452799999998,time,79,187.16000000000003,184.20709976000003,0.984300079999997,60,-17.287418319996192,0.79,0.11766304234944001,-18.195081362345633,-0.2339911275830766,0.6107260409551148,1.2199999999999989,59461.177008741426,59442.98192737908
QQQ,2024-06-11 00:00:00-04:00,short,2024-06-11 09:48:00-04:00,456.797208,2024-06-11 10:11:00-04:00,458.4333,stop,32,458.25,453.89162400000004,1.452791999999988,24,-52.354943999998795,0.32,0.116940085248,-52.79188408524679,-1.1355695637530876,0.6200525785790177,1.0,59442.98192737908,59390.190043293835
NVDA,2024-06-11 00:00:00-04:00,short,2024-06-11 09:55:00-04:00,120.561756,2024-06-11 09:58:00-04:00,121.80370199999999,stop,123,121.755,118.17526800000002,1.1932439999999929,4,-152.7593579999981,1.23,0.118632767904,-154.10799076790207,-1.0500035986336338,0.4736997903532004,1.8299999999999983,59390.190043293835,59236.08205252593
META,2024-06-11 00:00:00-04:00,short,2024-06-11 09:55:00-04:00,494.52211200000005,2024-06-11 10:01:00-04:00,497.79904,stop,29,497.6,488.3663360000001,3.077887999999973,7,-95.0309119999983,0.29,0.114729129984,-95.4356411299823,-1.0692020557265145,0.6046836952445255,4.259999999999991,59236.08205252593,59140.64641139595
QQQ,2024-06-12 00:00:00-04:00,long,2024-06-12 09:46:00-04:00,468.507328,2024-06-12 10:45:00-04:00,468.632472,time,31,466.95000000000005,471.6219839999998,1.5573279999999272,60,3.8794640000010645,0.31,0.116220853056,3.4532431469450646,0.07152953021074529,1.3382986670393033,2.579999999999984,59140.64641139595,59144.09965454289
NVDA,2024-06-12 00:00:00-04:00,long,2024-06-12 09:46:00-04:00,124.48977599999999,2024-06-12 10:45:00-04:00,125.839644,time,118,123.34,126.78932799999997,1.1497759999999886,60,159.28442400000176,1.18,0.118792623936,157.98563137606575,1.1644540178678526,0.6278842852572598,1.9399999999999977,59144.09965454289,59302.08528591896
SPY,2024-06-12 00:00:00-04:00,long,2024-06-12 09:48:00-04:00,528.721404,2024-06-12 10:47:00-04:00,528.918348,time,28,527.685,530.7942120000001,1.0364040000000614,60,5.514432000000852,0.28,0.118477709952,5.115954290048852,0.17629481670856115,1.5286285986378543,1.42999999999995,59302.08528591896,59307.20124020901
META,2024-06-12 00:00:00-04:00,short,2024-06-12 09:53:00-04:00,502.728828,2024-06-12 10:52:00-04:00,502.08075199999996,time,29,506.92999999999995,494.32648400000016,4.201171999999929,60,18.79420400000174,0.29,0.116633088096,18.387570911905744,0.15092316367339184,1.3603963495960583,6.300000000000011,59307.20124020901,59325.58881112092
AMZN,2024-06-12 00:00:00-04:00,long,2024-06-12 10:34:00-04:00,188.38442364,2024-06-12 11:33:00-04:00,187.914804,time,78,187.095,190.96327091999999,1.2894236399999954,60,-36.630331919999264,0.78,0.117258837696,-37.527590757695265,-0.37313024479060447,1.1044207932252572,2.3100000000000023,59325.58881112092,59288.061220363226
SPY,2024-06-13 00:00:00-04:00,short,2024-06-13 09:47:00-04:00,527.698836,2024-06-13 10:46:00-04:00,526.970704,time,28,528.495,526.1065080000001,0.7961639999999761,60,20.38769600000205,0.28,0.118204539264,19.98949146073805,0.8966876288203117,0.9854831938397349,0.8099999999999454,59288.061220363226,59308.05071182396
AMZN,2024-06-13 00:00:00-04:00,long,2024-06-13 09:48:00-04:00,186.654632,2024-06-13 10:35:00-04:00,185.735676,stop,79,185.81,188.34389599999997,0.8446319999999901,48,-72.59752399999843,0.79,0.117384947232,-73.50490894723043,-1.1015944049100568,0.7840464760424147,1.1399999999999864,59308.05071182396,59234.54580287673
META,2024-06-13 00:00:00-04:00,long,2024-06-13 09:55:00-04:00,504.261624,2024-06-13 10:08:00-04:00,501.979128,stop,29,502.18,508.42487199999994,2.0816239999999766,14,-66.19238399999944,0.29,0.11645915769599999,-66.59884315769544,-1.1032308587064745,0.7811563470995446,3.5399999999999636,59234.54580287673,59167.94695971903
QQQ,2024-06-13 00:00:00-04:00,short,2024-06-13 10:11:00-04:00,471.23143200000004,2024-06-13 11:10:00-04:00,471.08835999999997,time,31,472.125,469.4442960000001,0.8935679999999593,60,4.4352320000023155,0.31,0.116865395136,4.008366604866316,0.14470319947008017,1.2032354712114204,1.0900000000000318,59167.94695971903,59171.9553263239
NVDA,2024-06-13 00:00:00-04:00,short,2024-06-13 10:21:00-04:00,127.75887600000001,2024-06-13 10:39:00-04:00,128.791496,stop,115,128.74,125.79662800000003,0.9811239999999941,19,-118.75129999999771,1.1500000000000001,0.11753816592,-120.01883816591771,-1.0637208660760378,0.6491011827407289,1.5799999999999983,59171.9553263239,59051.93648815798
QQQ,2024-06-14 00:00:00-04:00,long,2024-06-14 09:46:00-04:00,471.78864,2024-06-14 10:38:00-04:00,470.72663400000005,stop,31,470.915,473.5359199999999,0.8736399999999662,53,-32.922185999998135,0.31,0.116740205232,-33.348926205230136,-1.2313673974085224,0.7655766446950908,1.1100000000000136,59051.93648815798,59018.58756195275
META,2024-06-14 00:00:00-04:00,long,2024-06-14 09:46:00-04:00,502.08075199999996,2024-06-14 10:32:00-04:00,499.64506200000005,stop,29,499.845,506.55225599999983,2.235751999999934,47,-70.63500999999735,0.29,0.11591765438400001,-71.04092765438136,-1.0956882339794312,0.5493273521925901,3.150000000000034,59018.58756195275,58947.54663429837
AMZN,2024-06-14 00:00:00-04:00,long,2024-06-14 09:49:00-04:00,183.26947848,2024-06-14 10:37:00-04:00,182.66190600000002,stop,80,182.735,184.33843543999998,0.53447847999999,49,-48.605798399999,0.8,0.11690361984000001,-49.522702019839,-1.1582014962473308,0.6069836657555348,0.8300000000000125,58947.54663429837,58898.023932278535
NVDA,2024-06-14 00:00:00-04:00,long,2024-06-14 09:52:00-04:00,130.072008,2024-06-14 10:24:00-04:00,132.06317759040002,target,113,129.05,132.116024,1.0220079999999996,33,225.00216371520062,1.1300000000000001,0.1193851125417216,223.7527786026589,1.937473175336478,0.48367367377318654,1.8799999999999955,58898.023932278535,59121.7767108812
SPY,2024-06-14 00:00:00-04:00,short,2024-06-14 10:04:00-04:00,526.069488,2024-06-14 10:21:00-04:00,527.120764,stop,28,526.9100000000001,524.3884639999998,0.8405120000001034,18,-29.435728000000836,0.28,0.11783956531199999,-29.833567565312837,-1.2676613253634674,0.8153975429343282,0.9399999999999409,59121.7767108812,59091.94314331588
SPY,2024-06-17 00:00:00-04:00,long,2024-06-17 09:46:00-04:00,528.321244,2024-06-17 09:48:00-04:00,527.5538940000001,stop,27,527.7650000000001,529.4337319999997,0.5562439999998787,3,-20.718449999995983,0.27,0.11395164110400002,-21.10240164109998,-1.4050855940055471,0.7015542901252617,0.6299999999999955,59091.94314331588,59070.84074167478
QQQ,2024-06-17 00:00:00-04:00,short,2024-06-17 09:48:00-04:00,472.730832,2024-06-17 09:58:00-04:00,473.72941599999996,stop,31,473.53999999999996,471.11249600000014,0.8091679999999428,11,-30.95610399999805,0.31,0.11723724633600001,-31.383341246334048,-1.2511194790896434,0.9326322460488462,1.099999999999966,59070.84074167478,59039.457400428444
NVDA,2024-06-17 00:00:00-04:00,short,2024-06-17 09:48:00-04:00,131.15751600000002,2024-06-17 10:47:00-04:00,130.66224400000002,time,112,132.785,127.90254800000005,1.6274839999999813,60,55.47046399999999,1.12,0.11751713433600001,54.232946865664,0.29752841801947394,0.6618045670775224,1.4499999999999886,59039.457400428444,59093.690347294105
AMZN,2024-06-17 00:00:00-04:00,long,2024-06-17 10:35:00-04:00,183.15853411999998,2024-06-17 10:53:00-04:00,182.09193408000002,stop,80,182.1648,185.14600235999993,0.9937341199999707,19,-85.32800319999751,0.8,0.1165388378112,-86.24454203780871,-1.0848543426008566,0.9741809719416191,1.6303999999999803,59093.690347294105,59007.4458052563
QQQ,2024-06-18 00:00:00-04:00,short,2024-06-18 09:50:00-04:00,478.638468,2024-06-18 09:57:00-04:00,479.62177199999996,stop,30,479.43,477.05540399999995,0.7915320000000179,8,-29.499119999999266,0.3,0.11487323231999999,-29.913993232319267,-1.2597508473996668,1.121704004199466,0.8999999999999773,59007.4458052563,58977.53181202398
NVDA,2024-06-18 00:00:00-04:00,long,2024-06-18 09:51:00-04:00,132.20286,2024-06-18 10:50:00-04:00,133.006776,time,111,131.25,134.10857999999996,0.9528599999999869,60,89.23467600000168,1.11,0.11811001708800001,88.00656598291368,0.8320760088491762,0.46534102198631544,1.5600000000000023,58977.53181202398,59065.538378006895
AMZN,2024-06-18 00:00:00-04:00,short,2024-06-18 09:52:00-04:00,182.332038,2024-06-18 10:06:00-04:00,183.283284,stop,80,183.21,180.57611400000002,0.8779619999999966,15,-76.09967999999981,0.8,0.11669250432,-77.0163725043198,-1.0965220092714734,0.909709241658285,1.1800000000000068,59065.538378006895,58988.52200550258
META,2024-06-18 00:00:00-04:00,short,2024-06-18 10:45:00-04:00,498.40056000000004,2024-06-18 11:44:00-04:00,497.09875999999997,time,29,500.93,493.3416800000001,2.5294399999999655,60,37.75220000000206,0.29,0.11562892992,37.346571070082064,0.5091296079448766,0.6301606770395026,3.3999999999999773,58988.52200550258,59025.86857657266
SPY,2024-06-18 00:00:00-04:00,short,2024-06-18 10:57:00-04:00,532.476924,2024-06-18 11:49:00-04:00,533.468302,stop,27,533.255,530.9207720000002,0.7780759999999418,53,-26.767205999998396,0.27,0.115015015584,-27.152221015582395,-1.2924673365995298,0.785429662177006,1.0899999999999181,59025.86857657266,58998.71635555708
SPY,2024-06-20 00:00:00-04:00,long,2024-06-20 09:46:00-04:00,535.744212,2024-06-20 10:08:00-04:00,534.716028,stop,27,534.9300000000001,537.3726359999997,0.814211999999884,23,-27.760967999997206,0.27,0.11549866204800001,-28.146466662045206,-1.2803320612126141,0.9283444530589665,1.1200000000000045,58998.71635555708,58970.569888895036
NVDA,2024-06-20 00:00:00-04:00,short,2024-06-20 10:09:00-04:00,138.02476800000002,2024-06-20 11:08:00-04:00,139.265684,time,106,139.445,135.18430400000008,1.4202319999999702,60,-131.53709599999684,1.06,0.11704500326400001,-132.71414100326083,-0.8815603353142278,1.026241808140905,2.1699999999999875,58970.569888895036,58837.85574789177
QQQ,2024-06-20 00:00:00-04:00,short,2024-06-20 10:10:00-04:00,479.12827200000004,2024-06-20 11:08:00-04:00,480.412088,stop,30,480.22,476.94481600000006,1.0917279999999892,59,-38.51447999999834,0.3,0.11499078528000001,-38.92947078527834,-1.188619350402259,0.9446908385459978,1.5,58837.85574789177,58798.9262771065
META,2024-06-20 00:00:00-04:00,short,2024-06-20 10:22:00-04:00,496.02151200000003,2024-06-20 10:38:00-04:00,498.419288,stop,29,498.22,491.62453600000003,2.1984879999999976,17,-69.53550399999898,0.29,0.11507699078400001,-69.94058099078299,-1.0970012900211272,0.9120874817788399,3.819999999999993,58798.9262771065,58728.98569611571
AMZN,2024-06-20 00:00:00-04:00,long,2024-06-20 10:45:00-04:00,185.83930599999997,2024-06-20 11:44:00-04:00,185.405808,time,79,184.1744,189.1691179999999,1.6649059999999736,60,-34.246341999996645,0.79,0.117176470656,-35.15351847065264,-0.2672710930610885,1.6983061509796473,2.9088000000000136,58728.98569611571,58693.83217764506
SPY,2024-06-21 00:00:00-04:00,short,2024-06-21 09:46:00-04:00,530.68764,2024-06-21 10:00:00-04:00,531.8726640000001,stop,27,531.6600000000001,528.7429199999998,0.9723600000000943,15,-31.99564800000303,0.27,0.11462853023999998,-32.38027653024303,-1.2333595593401578,1.2097288861283446,1.1599999999999682,58693.83217764506,58661.451901114815
QQQ,2024-06-21 00:00:00-04:00,short,2024-06-21 09:46:00-04:00,474.16026000000005,2024-06-21 10:15:00-04:00,475.22501399999993,stop,30,475.03499999999997,472.4107800000002,0.8747399999999175,30,-31.942619999996396,0.3,0.11379846240000001,-32.35641846239639,-1.2329918399524218,1.1979404681757295,1.329999999999984,58661.451901114815,58629.09548265242
META,2024-06-21 00:00:00-04:00,short,2024-06-21 09:49:00-04:00,495.881568,2024-06-21 10:48:00-04:00,494.31764799999996,time,29,498.155,491.3347040000001,2.273431999999957,60,45.35368000000153,0.29,0.115044523776,44.94863547622553,0.6817678942920141,3.8052917581472814,3.8699999999999477,58629.09548265242,58674.044118128644
AMZN,2024-06-21 00:00:00-04:00,long,2024-06-21 09:49:00-04:00,187.97516,2024-06-21 09:50:00-04:00,187.27510998000002,stop,78,187.35005,189.22537999999994,0.6251099999999781,2,-54.603901559997155,0.78,0.11685966862752001,-55.500761228624675,-1.1382768166879884,3.998532416769026,0.9998999999999967,58674.044118128644,58618.543356900016
NVDA,2024-06-21 00:00:00-04:00,short,2024-06-21 09:51:00-04:00,124.890024,2024-06-21 10:15:00-04:00,127.09581799999998,stop,117,127.04499999999999,120.58007200000002,2.1549759999999907,25,-258.077897999998,1.17,0.116897062464,-259.364795062462,-1.0286857580743325,1.4210551839628303,3.049999999999997,58618.543356900016,58359.17856183755
META,2024-06-24 00:00:00-04:00,long,2024-06-24 09:46:00-04:00,503.361264,2024-06-24 10:28:00-04:00,499.055298,stop,28,499.255,511.573792,4.10626400000001,43,-120.56704800000034,0.28,0.11178838675199998,-120.95883638675234,-1.0520410870767203,1.9173922620327417,7.069999999999993,58359.17856183755,58238.2197254508
QQQ,2024-06-24 00:00:00-04:00,short,2024-06-24 09:49:00-04:00,472.101084,2024-06-24 09:54:00-04:00,473.499324,stop,30,473.31,469.68325200000004,1.208915999999988,6,-41.94719999999961,0.3,0.11330426016,-42.36050426015961,-1.1680024159428786,0.955355359982844,1.8600000000000136,58238.2197254508,58195.859221190636
NVDA,2024-06-24 00:00:00-04:00,short,2024-06-24 09:49:00-04:00,121.99118400000002,2024-06-24 10:02:00-04:00,123.329312,stop,119,123.28,119.41355200000005,1.2888159999999829,14,-159.23723199999802,1.19,0.11613560716800002,-160.543367607166,-1.0467777630569464,0.7620886140359473,1.960000000000008,58195.859221190636,58035.315853583474
SPY,2024-06-24 00:00:00-04:00,long,2024-06-24 09:52:00-04:00,532.302836,2024-06-24 10:08:00-04:00,533.6449645967999,target,27,531.525,533.8585079999999,0.7778359999999793,17,36.2374721135991,0.27,0.11526731235290878,35.85220480124619,1.7071200575484131,0.8207844120587249,0.7300000000000182,58035.315853583474,58071.16805838472
AMZN,2024-06-24 00:00:00-04:00,long,2024-06-24 10:24:00-04:00,190.7442672,2024-06-24 10:39:00-04:00,189.22428000000002,stop,76,189.3,193.63280159999996,1.4442671999999845,16,-115.51902719999805,0.76,0.11504836224000001,-116.39407556223806,-1.060400038330851,1.3704322572996486,2.3200000000000216,58071.16805838472,57954.77398282248
QQQ,2024-06-25 00:00:00-04:00,long,2024-06-25 09:48:00-04:00,471.68859999999995,2024-06-25 09:55:00-04:00,470.591688,stop,30,470.78,473.5057999999999,0.9085999999999785,8,-32.907359999999244,0.3,0.11294200511999998,-33.32030200511924,-1.222404505287256,1.0301909231782502,1.1800000000000068,57954.77398282248,57921.45368081736
NVDA,2024-06-25 00:00:00-04:00,long,2024-06-25 09:48:00-04:00,121.828712,2024-06-25 10:47:00-04:00,121.641324,time,118,120.32,124.846136,1.5087120000000027,60,-22.11178399999983,1.18,0.11482940985599999,-23.40661340985583,-0.1314771345306448,0.9829782470567887,2.3999999999999915,57921.45368081736,57898.047067407504
META,2024-06-25 00:00:00-04:00,long,2024-06-25 09:48:00-04:00,500.880272,2024-06-25 10:47:00-04:00,506.28740400000004,time,28,496.07,510.500816,4.810271999999998,60,151.3996960000013,0.28,0.113408378496,151.00628762150532,1.121159406530036,0.8004692846763071,7.740000000000009,57898.047067407504,58049.05335502901
SPY,2024-06-25 00:00:00-04:00,short,2024-06-25 09:58:00-04:00,530.457732,2024-06-25 10:04:00-04:00,531.277426,stop,27,531.065,529.2431959999998,0.6072680000000901,7,-22.131738000000723,0.27,0.11457887011199998,-22.51631687011272,-1.3732613308389428,0.8594648372463106,0.7900000000000773,58049.05335502901,58026.5370381589
AMZN,2024-06-25 00:00:00-04:00,long,2024-06-25 10:05:00-04:00,187.49496799999997,2024-06-25 11:04:00-04:00,188.189694,time,77,186.58999999999997,189.30490399999996,0.9049679999999967,60,53.49390200000241,0.77,0.115924851504,52.60797714849841,0.7549664545575465,0.7011887043586942,1.4000000000000057,58026.5370381589,58079.145015307404
QQQ,2024-06-26 00:00:00-04:00,long,2024-06-26 09:46:00-04:00,474.46971199999996,2024-06-26 10:45:00-04:00,475.049904,time,30,473.78,475.84913599999993,0.6897119999999859,60,17.405760000002033,0.3,0.11401197696,16.99174802304203,0.8212001542210072,0.7258827448358742,0.8199999999999932,58079.145015307404,58096.13676333045
SPY,2024-06-26 00:00:00-04:00,long,2024-06-26 09:50:00-04:00,531.682588,2024-06-26 10:49:00-04:00,531.4873200000001,time,27,530.955,533.137764,0.7275879999999688,60,-5.272235999998429,0.27,0.11480126112000001,-5.657037261118429,-0.28796502768043286,0.7851045106778554,0.75,58096.13676333045,58090.47972606933
NVDA,2024-06-26 00:00:00-04:00,long,2024-06-26 09:53:00-04:00,127.21086399999999,2024-06-26 09:59:00-04:00,125.989584,stop,114,126.03999999999999,129.55259199999998,1.1708639999999946,7,-139.2259199999992,1.1400000000000001,0.11490250060799999,-140.4808225006072,-1.0524603341395744,0.6510469592649399,1.8800000000000097,58090.47972606933,57949.998903568725
META,2024-06-26 00:00:00-04:00,long,2024-06-26 09:53:00-04:00,505.73221199999995,2024-06-26 10:52:00-04:00,508.976328,time,28,503.28,510.6366359999999,2.4522119999999745,60,90.83524800000214,0.28,0.11401069747199999,90.44123730253014,1.3171961434721426,0.7327777388389546,3.9399999999999977,57949.998903568725,58040.44014087126
AMZN,2024-06-26 00:00:00-04:00,long,2024-06-26 09:53:00-04:00,187.795088,2024-06-26 10:26:00-04:00,189.3694858944,target,77,186.97,189.44526399999998,0.8250879999999938,34,121.2286378687995,0.77,0.11665160331095038,120.34198626548854,1.8942015136722992,0.8861242702292866,1.420000000000016,58040.44014087126,58160.78212713675
AMZN,2024-06-27 00:00:00-04:00,short,2024-06-27 09:51:00-04:00,194.28585456,2024-06-27 09:57:00-04:00,195.508172,stop,74,195.43,191.99756367999996,1.1441454400000168,7,-90.45149056000088,0.74,0.11501722589951999,-91.3065077859004,-1.0784220988867235,1.8500693837335422,1.4399999999999977,58160.78212713675,58069.47561935085
NVDA,2024-06-27 00:00:00-04:00,short,2024-06-27 09:57:00-04:00,123.59054400000001,2024-06-27 10:12:00-04:00,125.05,stop,117,125.0,120.77163200000003,1.4094559999999916,16,-170.75635199999869,1.17,0.11568074918400001,-172.04203274918268,-1.0432711091030848,0.5832348168840021,2.4000000000000057,58069.47561935085,57897.43358660167
SPY,2024-06-27 00:00:00-04:00,long,2024-06-27 10:15:00-04:00,534.41368,2024-06-27 10:49:00-04:00,533.201634,stop,27,533.415,536.4110400000001,0.9986800000000358,35,-32.72524199999964,0.27,0.11517155294399999,-33.11041355294364,-1.2279324839507577,0.6950135305468493,1.3700000000000045,57897.43358660167,57864.323173048724
QQQ,2024-06-27 00:00:00-04:00,long,2024-06-27 10:15:00-04:00,478.14117999999996,2024-06-27 10:45:00-04:00,476.25442200000003,stop,30,476.445,481.5335399999999,1.6961799999999698,31,-56.60273999999788,0.3,0.11430106128,-57.01704106127788,-1.1204990244997366,1.2117005656697764,2.6100000000000136,57864.323173048724,57807.30613198745
META,2024-06-27 00:00:00-04:00,long,2024-06-27 10:15:00-04:00,518.727408,2024-06-27 10:51:00-04:00,514.184244,stop,27,514.39,527.4022239999999,4.337407999999982,37,-122.6654279999982,0.27,0.111063796704,-123.0464917967022,-1.0506914438189703,1.483430766952944,7.839999999999918,57807.30613198745,57684.25964019074
SPY,2024-06-28 00:00:00-04:00,long,2024-06-28 09:46:00-04:00,535.484108,2024-06-28 10:09:00-04:00,536.9974390704,target,26,534.62,537.212324,0.8641079999999874,24,39.34660783039999,0.26,0.11169546732664319,38.97491236307335,1.734777470972909,1.0104161276317887,1.240000000000009,57684.25964019074,57723.23455255382
QQQ,2024-06-28 00:00:00-04:00,long,2024-06-28 09:46:00-04:00,478.551344,2024-06-28 10:03:00-04:00,480.5517343871999,target,30,477.45500000000004,480.74403199999983,1.096343999999931,18,60.011711615997,0.3,0.11533241625292796,59.59637919974408,1.8119732249411935,0.7537860630396203,1.5699999999999932,57723.23455255382,57782.83093175356
NVDA,2024-06-28 00:00:00-04:00,long,2024-06-28 09:46:00-04:00,125.019988,2024-06-28 10:11:00-04:00,126.9491640144,target,115,124.03,126.99996399999999,0.9899879999999968,26,221.85524165599992,1.1500000000000001,0.11679323089324799,220.58844842510666,1.9375592644434987,0.5102178444461917,1.6200000000000045,57782.83093175356,58003.41938017867
AMZN,2024-06-28 00:00:00-04:00,long,2024-06-28 10:01:00-04:00,197.96915599999997,2024-06-28 10:41:00-04:00,196.80124800000002,stop,73,196.88,200.14746799999992,1.0891559999999743,41,-85.25728399999667,0.73,0.114931928832,-86.10221592882867,-1.0829324816499952,1.449370775058758,1.920000000000016,58003.41938017867,57917.31716424984
META,2024-06-28 00:00:00-04:00,long,2024-06-28 10:09:00-04:00,516.526528,2024-06-28 10:52:00-04:00,513.059694,stop,28,513.265,523.049584,3.2615279999999984,44,-97.07135199999857,0.28,0.114925371456,-97.46627737145457,-1.0672722961605574,0.870735083120283,6.25,57917.31716424984,57819.85088687839
SPY,2024-07-01 00:00:00-04:00,short,2024-07-01 09:46:00-04:00,532.147056,2024-07-01 10:01:00-04:00,533.003116,stop,27,532.79,530.8611680000001,0.6429439999999431,16,-23.113619999998832,0.27,0.11494376409599999,-23.498563764094833,-1.3536438265977033,1.6266755788639116,0.8400000000000318,57819.85088687839,57796.3523231143
QQQ,2024-07-01 00:00:00-04:00,short,2024-07-01 09:46:00-04:00,473.50052400000004,2024-07-01 10:15:00-04:00,471.60013662880004,target,30,474.545,471.4115720000001,1.0444759999999746,30,57.01162113599992,0.3,0.11364012576,56.59798101023992,1.8062639706494388,0.9393031787387597,1.7300000000000182,57796.3523231143,57852.95030412454
META,2024-07-01 00:00:00-04:00,short,2024-07-01 09:46:00-04:00,497.10108,2024-07-01 10:13:00-04:00,490.569389296,target,29,500.46500000000003,490.37324,3.3639200000000073,28,189.4190304160008,0.29,0.11532745056,189.0137029654408,1.9375353442888101,0.9424745590153294,5.46999999999997,57852.95030412454,58041.964007089984
NVDA,2024-07-01 00:00:00-04:00,short,2024-07-01 09:48:00-04:00,119.92201200000001,2024-07-01 10:21:00-04:00,121.83871599999999,stop,120,121.78999999999999,116.18603600000004,1.8679879999999827,34,-230.00447999999778,1.2,0.11512513152,-231.31960513151776,-1.0319463380364324,0.7630185794264495,3.5799999999999983,58041.964007089984,57810.64440195847
AMZN,2024-07-01 00:00:00-04:00,long,2024-07-01 09:49:00-04:00,194.71785599999998,2024-07-01 10:48:00-04:00,194.97198000000003,time,74,193.635,196.88356799999997,1.0828559999999925,60,18.805176000003485,0.74,0.11542341216000002,17.949752587843488,0.22400413735533517,1.0726513306940917,1.6299999999999955,57810.64440195847,57828.594154546314
NVDA,2024-07-02 00:00:00-04:00,long,2024-07-02 09:46:00-04:00,122.94916,2024-07-02 10:03:00-04:00,121.716294,stop,117,121.765,125.31748000000002,1.1841600000000057,18,-144.24532200000016,1.17,0.113926451184,-145.52924845118415,-1.0503983670720132,0.6298859889747961,1.8700000000000045,57828.594154546314,57683.06490609513
QQQ,2024-07-02 00:00:00-04:00,long,2024-07-02 09:47:00-04:00,478.26122799999996,2024-07-02 10:10:00-04:00,476.38437000000005,stop,30,476.57500000000005,481.6336839999998,1.6862279999999146,24,-56.3057399999974,0.3,0.11433224880000001,-56.72007224879739,-1.1212416559089333,1.0195292728111691,2.5500000000000114,57683.06490609513,57626.344833846335
META,2024-07-02 00:00:00-04:00,long,2024-07-02 10:04:00-04:00,500.760224,2024-07-02 10:12:00-04:00,498.02571000000006,stop,28,498.225,505.83067199999994,2.535223999999971,9,-76.56639199999813,0.28,0.11155775904000001,-76.95794975903813,-1.0841244030823172,0.5165885863728444,4.2099999999999795,57626.344833846335,57549.3868840873
AMZN,2024-07-02 00:00:00-04:00,long,2024-07-02 10:09:00-04:00,197.45895199999998,2024-07-02 10:10:00-04:00,196.551348,stop,72,196.63,199.11685599999996,0.8289519999999868,2,-65.34748799999943,0.72,0.11321357644799998,-66.18070157644743,-1.1088415382121122,0.9804901219395157,1.4000000000000057,57549.3868840873,57483.20618251085
SPY,2024-07-02 00:00:00-04:00,long,2024-07-02 10:41:00-04:00,533.293232,2024-07-02 11:40:00-04:00,533.516508,time,26,532.045,535.789696,1.24823200000003,60,5.805176000001438,0.26,0.110971433664,5.4342045663374385,0.16744312590612187,0.9846117842258226,1.990000000000009,57483.20618251085,57488.64038707718
NVDA,2024-07-03 00:00:00-04:00,long,2024-07-03 10:44:00-04:00,123.019188,2024-07-03 10:58:00-04:00,125.11749697440001,target,116,121.945,125.16756400000001,1.0741880000000066,15,243.40384103040145,1.16,0.1161090371922432,242.1277319932092,1.9431496483150106,0.5187073211721991,1.25,57488.64038707718,57730.768119070395
NVDA,2024-07-05 00:00:00-04:00,short,2024-07-05 09:46:00-04:00,125.769672,2024-07-05 10:01:00-04:00,127.47596999999998,stop,114,127.42499999999998,122.45901600000003,1.655327999999983,16,-194.5179719999972,1.1400000000000001,0.114701940864,-195.77267394086118,-1.0374404090162148,0.6992238657941413,2.4299999999999926,57730.768119070395,57534.995445129534
SPY,2024-07-05 00:00:00-04:00,short,2024-07-05 09:47:00-04:00,538.524504,2024-07-05 09:52:00-04:00,539.3806659999999,stop,26,539.165,537.243512,0.6404959999999846,6,-22.26021199999809,0.26,0.11201309683199999,-22.632225096830094,-1.3590564125801685,0.8210336931762137,0.7699999999999818,57534.995445129534,57512.363220032705
QQQ,2024-07-05 00:00:00-04:00,short,2024-07-05 09:47:00-04:00,486.375372,2024-07-05 09:49:00-04:00,487.60996599999993,stop,29,487.41499999999996,484.29611600000015,1.0396279999999365,3,-35.80322599999715,0.29,0.11283908630400001,-36.20606508630115,-1.200895900241219,1.0944208615030615,1.2700000000000387,57512.363220032705,57476.157154946406
META,2024-07-05 00:00:00-04:00,long,2024-07-05 09:56:00-04:00,518.527328,2024-07-05 10:55:00-04:00,523.7304240000001,time,27,513.12,529.341984,5.407328000000007,60,140.48359200000198,0.27,0.11312577158400001,140.10046622841796,0.9596063261943913,1.4997953271744555,10.180000000000064,57476.157154946406,57616.257621174824
NVDA,2024-07-08 00:00:00-04:00,long,2024-07-08 09:46:00-04:00,129.20166,2024-07-08 10:20:00-04:00,127.87882800000001,stop,111,127.93,131.74498,1.2716599999999971,35,-146.834351999999,1.11,0.113556399264,-148.05790839926303,-1.0489085373637563,0.784376600382879,2.200000000000003,57616.257621174824,57468.19971277556
META,2024-07-08 00:00:00-04:00,short,2024-07-08 09:48:00-04:00,527.5389,2024-07-08 10:47:00-04:00,526.31044,time,27,533.99,514.6367,6.451099999999997,60,33.168420000001106,0.27,0.1139484024,32.784471597601105,0.1882221154221825,1.8798351976672902,10.400000000000091,57468.19971277556,57500.98418437316
AMZN,2024-07-08 00:00:00-04:00,long,2024-07-08 09:48:00-04:00,201.18043999999998,2024-07-08 10:00:00-04:00,199.465182,stop,71,199.545,204.45131999999995,1.6354399999999885,13,-121.78331799999839,0.71,0.11329622337599998,-122.60661422337438,-1.0558954907890166,0.9008979600194315,1.1899999999999977,57500.98418437316,57378.37757014979
SPY,2024-07-08 00:00:00-04:00,long,2024-07-08 09:51:00-04:00,543.537328,2024-07-08 10:00:00-04:00,542.6028719999999,stop,26,542.8199999999999,544.9719840000001,0.7173280000000659,10,-24.295856000001777,0.26,0.11286139737599997,-24.66871739737778,-1.3226819850556248,0.8867843743986614,0.8000000000000682,57378.37757014979,57353.70885275241
QQQ,2024-07-08 00:00:00-04:00,long,2024-07-08 09:51:00-04:00,491.916688,2024-07-08 09:54:00-04:00,490.958538,stop,29,491.155,493.4400640000001,0.7616880000000492,4,-27.786350000001335,0.29,0.11390238081599999,-28.190252380817334,-1.2762150228229712,1.053090175703996,1.0300000000000296,57353.70885275241,57325.51860037159
NVDA,2024-07-09 00:00:00-04:00,long,2024-07-09 09:46:00-04:00,132.0528,2024-07-09 10:45:00-04:00,132.79686,time,108,130.91500000000002,134.32839999999993,1.1377999999999702,60,80.35848000000203,1.08,0.11473648704,79.16374351296203,0.644223611460747,0.9622748720871451,1.7299999999999898,57325.51860037159,57404.68234388455
SPY,2024-07-09 00:00:00-04:00,long,2024-07-09 09:58:00-04:00,544.097552,2024-07-09 10:06:00-04:00,543.292596,stop,26,543.51,545.2726559999999,0.5875519999999597,9,-20.928855999998632,0.26,0.113004859968,-21.301860859966634,-1.3944337535537343,0.6618470591048067,0.5799999999999272,57404.68234388455,57383.380483024586
AMZN,2024-07-09 00:00:00-04:00,long,2024-07-09 10:04:00-04:00,200.30999196,2024-07-09 10:24:00-04:00,199.67010000000002,stop,71,199.75,201.42997587999997,0.5599919599999907,21,-45.43232915999798,0.71,0.11341261680000002,-46.255741776797976,-1.1633904901062906,0.7022117011154813,0.8999999999999773,57383.380483024586,57337.12474124779
QQQ,2024-07-09 00:00:00-04:00,short,2024-07-09 10:25:00-04:00,493.35258000000005,2024-07-09 11:24:00-04:00,492.9471,time,29,494.115,491.8277400000001,0.7624199999999632,60,11.758920000001979,0.29,0.11445779856,11.35446220144198,0.5135400164739738,0.8188166100664594,1.0699999999999932,57337.12474124779,57348.479203449235
META,2024-07-09 00:00:00-04:00,short,2024-07-09 10:26:00-04:00,527.9687279999999,2024-07-09 11:25:00-04:00,526.400476,time,27,531.405,521.0961839999999,3.436272000000031,60,42.34280399999773,0.27,0.11404124524799998,41.95876275474972,0.4522425029729607,1.0918997638389487,4.990000000000009,57348.479203449235,57390.43796620399
QQQ,2024-07-10 00:00:00-04:00,long,2024-07-10 09:50:00-04:00,495.117968,2024-07-10 10:36:00-04:00,493.992324,stop,28,494.19,496.97390400000006,0.9279680000000212,47,-31.51803200000063,0.28,0.110654280576,-31.90868628057663,-1.2280552115934995,0.953918900386555,1.080000000000041,57390.43796620399,57358.52927992341
META,2024-07-10 00:00:00-04:00,short,2024-07-10 09:50:00-04:00,525.1298640000001,2024-07-10 09:59:00-04:00,527.83605,stop,27,527.625,520.1395920000003,2.4951359999998886,10,-73.067021999997,0.27,0.11342805062400002,-73.45045005062099,-1.0902760566606429,0.6148953529029787,4.069999999999936,57358.52927992341,57285.078829872786
SPY,2024-07-10 00:00:00-04:00,long,2024-07-10 09:56:00-04:00,544.627764,2024-07-10 10:36:00-04:00,543.93234,stop,26,544.15,545.5832919999999,0.4777639999999792,41,-18.08102400000007,0.26,0.11313792671999999,-18.454161926720072,-1.4856193826241275,0.7910059375895216,0.5199999999999818,57285.078829872786,57266.62466794607
AMZN,2024-07-10 00:00:00-04:00,short,2024-07-10 10:22:00-04:00,199.38021600000002,2024-07-10 10:32:00-04:00,198.57004425920007,target,71,199.825,198.49064800000008,0.4447839999999701,11,57.52219359679606,0.71,0.11324796268800001,56.69894563410806,1.7954258675491883,0.6105388649079815,0.5700000000000216,57266.62466794607,57323.32361358018
NVDA,2024-07-10 00:00:00-04:00,long,2024-07-10 10:42:00-04:00,134.113624,2024-07-10 11:41:00-04:00,134.076348,time,106,133.105,136.13087199999998,1.0086239999999975,60,-3.9512559999990913,1.06,0.11369674310399999,-5.1249527431030915,-0.04793521746854283,0.7855609786318848,1.8100000000000023,57323.32361358018,57318.19866083707
QQQ,2024-07-11 00:00:00-04:00,short,2024-07-11 09:53:00-04:00,496.17145200000004,2024-07-11 10:18:00-04:00,493.8118017424001,target,28,497.45,493.61435600000016,1.2785479999999438,26,66.07020721279787,0.28,0.11114240524800001,65.67906480754986,1.834644366878699,1.413501844960365,1.2200000000000273,57318.19866083707,57383.87772564462
META,2024-07-11 00:00:00-04:00,short,2024-07-11 09:53:00-04:00,526.1294640000001,2024-07-11 10:18:00-04:00,519.7962273568003,target,27,529.4,519.5883920000003,3.270535999999879,26,170.99738936639528,0.27,0.11364396422400001,170.61374540217128,1.9321076445842695,0.5971467973222827,4.980000000000018,57383.87772564462,57554.49147104679
AMZN,2024-07-11 00:00:00-04:00,short,2024-07-11 09:53:00-04:00,198.79545000000002,2024-07-11 10:18:00-04:00,196.82514858000002,target,72,199.81995,196.74645000000004,1.024499999999989,26,141.8617022399999,0.72,0.1145061792,141.0271960607999,1.9118702356271542,0.8424964474218768,0.8999000000000024,57554.49147104679,57695.51866710759
SPY,2024-07-11 00:00:00-04:00,long,2024-07-11 10:02:00-04:00,549.2596159999999,2024-07-11 10:11:00-04:00,548.3605680000001,stop,26,548.58,550.6188479999997,0.6796159999998963,10,-23.375247999996873,0.26,0.114058998144,-23.749306998140874,-1.3440455853658817,1.0362027403358227,0.7200000000000273,57695.51866710759,57671.76936010945
NVDA,2024-07-11 00:00:00-04:00,short,2024-07-11 10:10:00-04:00,132.616932,2024-07-11 11:09:00-04:00,130.462164,time,108,134.405,129.04079599999997,1.7880680000000098,60,232.71494399999892,1.08,0.11458102924799998,231.5203629707509,1.1988957156797047,0.9615991572623381,3.0500000000000114,57671.76936010945,57903.289723080205
QQQ,2024-07-12 00:00:00-04:00,long,2024-07-12 09:49:00-04:00,488.52533199999993,2024-07-12 10:01:00-04:00,490.24981760159983,target,29,487.565,490.4459959999998,0.9603319999999371,13,50.01008244639695,0.29,0.11373795768357116,49.60634448871338,1.781221080896184,1.1426603805678772,1.2699999999999818,57903.289723080205,57952.896067568916
SPY,2024-07-12 00:00:00-04:00,long,2024-07-12 09:50:00-04:00,545.558136,2024-07-12 10:33:00-04:00,546.9455422368,target,26,544.755,547.164408,0.803135999999995,44,36.072562156798995,0.26,0.11376467278525437,35.698797484013745,1.7095867604765267,1.1765165631790409,1.0299999999999727,57952.896067568916,57988.59486505293
NVDA,2024-07-12 00:00:00-04:00,long,2024-07-12 09:50:00-04:00,129.0516,2024-07-12 10:49:00-04:00,130.557756,time,112,128.015,131.12480000000005,1.0366000000000213,60,168.68947200000048,1.12,0.116979749376,167.4524922506245,1.4423225332355525,0.7439430525238623,1.6699999999999875,57988.59486505293,58156.047357303556
AMZN,2024-07-12 00:00:00-04:00,long,2024-07-12 09:59:00-04:00,195.198048,2024-07-12 10:18:00-04:00,194.46218400000004,stop,74,194.54000000000002,196.51414399999996,0.6580479999999795,20,-54.45393599999733,0.74,0.11512161292800001,-55.30905761292533,-1.1358133410814821,0.6033480722939814,0.960000000000008,58156.047357303556,58100.73829969063
META,2024-07-12 00:00:00-04:00,long,2024-07-12 10:02:00-04:00,499.229612,2024-07-12 10:22:00-04:00,494.587086,stop,29,494.78499999999997,508.118836,4.4446120000000064,21,-134.63325399999928,0.29,0.114744203952,-135.03799820395128,-1.0476691096293598,2.4734158841745693,7.7099999999999795,58100.73829969063,57965.70030148668
SPY,2024-07-15 00:00:00-04:00,short,2024-07-15 09:46:00-04:00,548.4705240000001,2024-07-15 10:03:00-04:00,549.534726,stop,26,549.315,546.7815720000001,0.844475999999986,18,-27.66925199999764,0.26,0.11408186899200001,-28.04333386898964,-1.2772296242781644,1.2122806387228051,0.9499999999999318,57965.70030148668,57937.65696761769
NVDA,2024-07-15 00:00:00-04:00,short,2024-07-15 09:46:00-04:00,128.40861600000002,2024-07-15 10:45:00-04:00,129.361724,time,112,129.89999999999998,125.42584800000012,1.4913839999999539,60,-106.74809599999844,1.12,0.11505411993600001,-107.98315011993445,-0.6464701706120061,0.6885223621751948,2.539999999999992,57937.65696761769,57829.67381749775
QQQ,2024-07-15 00:00:00-04:00,short,2024-07-15 09:47:00-04:00,490.763616,2024-07-15 09:48:00-04:00,492.136776,stop,29,491.94,488.41084800000004,1.1763839999999846,2,-39.82163999999955,0.29,0.11385715891199999,-40.225497158911544,-1.1791099750829683,1.2207366255539776,1.7000000000000455,57829.67381749775,57789.44832033884
AMZN,2024-07-15 00:00:00-04:00,long,2024-07-15 10:05:00-04:00,195.27808,2024-07-15 11:04:00-04:00,195.04695,time,73,194.39999999999998,197.03424,0.8780800000000113,60,-16.872489999998464,0.73,0.1139074188,-17.716397418798465,-0.276387545098369,0.7219042153429743,1.4799999999999898,57789.44832033884,57771.73192292004
META,2024-07-15 00:00:00-04:00,long,2024-07-15 10:06:00-04:00,497.95910399999997,2024-07-15 11:05:00-04:00,501.22942800000004,time,29,494.385,505.1073119999999,3.574103999999977,60,94.83939600000213,0.29,0.11628522729600001,94.43311077270612,0.9110854537461959,1.031102310585405,5.909999999999968,57771.73192292004,57866.16503369274
QQQ,2024-07-16 00:00:00-04:00,short,2024-07-16 09:49:00-04:00,491.56329600000004,2024-07-16 10:05:00-04:00,489.6256599552001,target,29,492.63,489.4298880000001,1.0667039999999588,17,56.19144529919839,0.29,0.114042684672,55.78740261452639,1.803408947966839,0.7500261583768535,1.2799999999999727,57866.16503369274,57921.95243630727
META,2024-07-16 00:00:00-04:00,short,2024-07-16 09:50:00-04:00,493.072692,2024-07-16 09:58:00-04:00,498.11416599999995,stop,29,497.91499999999996,483.3880760000001,4.842307999999946,9,-146.20274599999817,0.29,0.11439286454400001,-146.60713886454215,-1.0440101252411025,0.8225687376169923,5.349999999999966,57921.95243630727,57775.34529744273
NVDA,2024-07-16 00:00:00-04:00,short,2024-07-16 09:57:00-04:00,126.99918000000001,2024-07-16 10:04:00-04:00,125.04753901600003,target,113,128.0,124.99754000000003,1.0008199999999903,8,220.5354311919977,1.1300000000000001,0.11480725872000001,219.29062393327771,1.9390349818748613,0.5515129897529398,1.6600000000000108,57775.34529744273,57994.63592137601
AMZN,2024-07-16 00:00:00-04:00,short,2024-07-16 10:02:00-04:00,193.69249200000002,2024-07-16 11:01:00-04:00,194.22766,time,74,195.305,190.46747600000003,1.6125079999999912,60,-39.602431999997805,0.74,0.114665955264,-40.45709795526181,-0.33904795507121416,1.1382393063951763,2.6299999999999955,57994.63592137601,57954.17882342075
SPY,2024-07-16 00:00:00-04:00,short,2024-07-16 10:03:00-04:00,549.43014,2024-07-16 10:39:00-04:00,550.34505,stop,26,550.125,548.0404200000002,0.6948599999999487,37,-23.78765999999905,0.26,0.11428146912,-24.161941469119053,-1.3373995353309043,0.8979731445606839,0.849999999999909,57954.17882342075,57930.01688195163
NVDA,2024-07-17 00:00:00-04:00,short,2024-07-17 09:46:00-04:00,120.291864,2024-07-17 09:48:00-04:00,121.063406,stop,120,121.015,118.84559200000001,0.7231359999999967,3,-92.5850399999996,1.2,0.11548018943999999,-93.9005201894396,-1.0820984364103021,1.015019171489265,1.2700000000000102,57930.01688195163,57836.11636176219
AMZN,2024-07-17 00:00:00-04:00,short,2024-07-17 09:48:00-04:00,188.87442,2024-07-17 10:26:00-04:00,186.15769330399993,target,76,190.27,186.08325999999994,1.3955800000000238,39,206.47122889600394,0.76,0.11483564735999999,205.59639324864395,1.9384167877441678,1.0626861934207816,2.6200000000000045,57836.11636176219,58041.712755010834
QQQ,2024-07-17 00:00:00-04:00,short,2024-07-17 09:52:00-04:00,481.83718799999997,2024-07-17 09:54:00-04:00,483.083156,stop,30,482.89,479.73156399999993,1.0528120000000172,3,-37.379040000000145,0.3,0.11564092512,-37.79468092512014,-1.1966264608533947,2.5898206627341622,1.6800000000000068,58041.712755010834,58003.91807408571
SPY,2024-07-17 00:00:00-04:00,long,2024-07-17 09:54:00-04:00,547.4889079999999,2024-07-17 10:00:00-04:00,546.286398,stop,26,546.505,549.4567239999998,0.9839079999999285,7,-31.26525999999899,0.26,0.11362757078399999,-31.63888757078299,-1.236782596730639,1.6090736372280525,1.349999999999909,58003.91807408571,57972.27918651493
META,2024-07-17 00:00:00-04:00,short,2024-07-17 10:04:00-04:00,467.61288,2024-07-17 11:03:00-04:00,467.23681999999997,time,30,472.69500000000005,457.44863999999995,5.082120000000032,60,11.281800000001567,0.3,0.1122270912,10.869572908801567,0.07129290472480972,1.6521060722860685,6.550000000000011,57972.27918651493,57983.148759423726
SPY,2024-07-18 00:00:00-04:00,short,2024-07-18 09:46:00-04:00,544.752012,2024-07-18 09:57:00-04:00,545.7081959999999,stop,26,545.49,543.2760360000001,0.737987999999973,12,-24.86078399999724,0.26,0.11330841849600001,-25.23409241849324,-1.3151189668340533,1.2366304048037968,0.900000000000091,57983.148759423726,57957.914667005236
QQQ,2024-07-18 00:00:00-04:00,short,2024-07-18 09:46:00-04:00,477.698844,2024-07-18 10:06:00-04:00,479.52173200000004,stop,30,479.33000000000004,474.43653199999994,1.6311560000000327,21,-54.686640000001034,0.3,0.11464772255999998,-55.10128772256103,-1.126017125739045,1.5747885505862924,2.680000000000007,57957.914667005236,57902.81337928268
AMZN,2024-07-18 00:00:00-04:00,short,2024-07-18 09:53:00-04:00,187.215084,2024-07-18 10:47:00-04:00,184.40898610079995,target,77,188.655,184.33525199999997,1.4399160000000109,55,216.06953823840308,0.77,0.11532449174399999,215.18421374665908,1.9408077822095309,0.7719926281548606,2.0500000000000114,57902.81337928268,58117.99759302934
META,2024-07-18 00:00:00-04:00,short,2024-07-18 10:28:00-04:00,465.583692,2024-07-18 11:27:00-04:00,463.305248,time,31,469.515,457.721076,3.9313080000000014,60,70.63176399999935,0.31,0.11546475561599999,70.20629924438335,0.5760727296014401,1.7053877976055538,6.850000000000023,58117.99759302934,58188.20389227372
NVDA,2024-07-18 00:00:00-04:00,short,2024-07-18 10:36:00-04:00,118.68250800000001,2024-07-18 11:35:00-04:00,117.39693999999999,time,122,120.545,114.95752400000003,1.862491999999989,60,156.8392960000032,1.22,0.11583412780800001,155.5034618721952,0.6843618871576542,1.0527857418516042,3.3100000000000023,58188.20389227372,58343.70735414592
NVDA,2024-07-19 00:00:00-04:00,long,2024-07-19 09:51:00-04:00,121.078412,2024-07-19 10:00:00-04:00,119.85204000000002,stop,120,119.9,123.43523599999999,1.1784119999999945,10,-147.16463999999803,1.2,0.11505795840000001,-148.47969795839802,-1.0499984863697835,0.6987490528847604,2.1799999999999926,58343.70735414592,58195.22765618752
AMZN,2024-07-19 00:00:00-04:00,long,2024-07-19 10:06:00-04:00,184.30369199999998,2024-07-19 11:05:00-04:00,184.346232,time,78,182.09390000000002,188.7232759999999,2.2097919999999647,60,3.3181200000001922,0.78,0.115032048768,2.423087951232192,0.014057988328314591,2.189642588795202,3.9677999999999827,58195.22765618752,58197.65074413875
META,2024-07-19 00:00:00-04:00,long,2024-07-19 10:17:00-04:00,482.43289599999997,2024-07-19 11:16:00-04:00,479.35818,time,30,477.21500000000003,492.86868799999985,5.217895999999939,60,-92.241479999999,0.3,0.11504596319999999,-92.656525963199,-0.5919149912991755,1.3062447864632523,9.109999999999957,58197.65074413875,58104.994218175554
SPY,2024-07-19 00:00:00-04:00,short,2024-07-19 10:27:00-04:00,538.754412,2024-07-19 11:26:00-04:00,537.91508,time,26,540.125,536.013236,1.370587999999998,60,21.82263200000034,0.26,0.112060917696,21.45057108230434,0.6019474595604327,1.2925942429646964,2.230000000000018,58104.994218175554,58126.44478925786
QQQ,2024-07-19 00:00:00-04:00,short,2024-07-19 10:28:00-04:00,472.720836,2024-07-19 11:27:00-04:00,472.268832,time,30,475.03499999999997,468.0925080000001,2.3141639999999484,60,13.560120000001348,0.3,0.11345300064,13.146666999361347,0.1893652452082284,1.690354028274102,3.3100000000000023,58126.44478925786,58139.59145625722
NVDA,2024-07-22 00:00:00-04:00,long,2024-07-22 09:46:00-04:00,122.53899599999998,2024-07-22 10:45:00-04:00,122.570952,time,118,120.875,125.86698799999995,1.6639959999999832,60,3.7708080000026314,1.18,0.11570697868799999,2.475101021314632,0.01260545841698088,0.9314691433925915,2.430000000000007,58139.59145625722,58142.06655727854
META,2024-07-22 00:00:00-04:00,long,2024-07-22 09:46:00-04:00,486.79464,2024-07-22 10:09:00-04:00,483.63147000000004,stop,29,483.825,492.73392000000007,2.9696400000000267,24,-91.73192999999941,0.29,0.11220250104,-92.13413250103942,-1.069839795988723,1.0258001104962273,5.350000000000023,58142.06655727854,58049.9324247775
SPY,2024-07-22 00:00:00-04:00,long,2024-07-22 09:47:00-04:00,541.41648,2024-07-22 09:57:00-04:00,540.08388,stop,26,540.3,543.64944,1.1164800000000241,11,-34.647599999998874,0.26,0.11233744704,-35.01993744703887,-1.2063992826024,1.5240588162317625,1.6399999999999864,58049.9324247775,58014.91248733046
QQQ,2024-07-22 00:00:00-04:00,long,2024-07-22 09:47:00-04:00,477.40088399999996,2024-07-22 10:03:00-04:00,475.41475800000006,stop,30,475.605,480.99265199999985,1.795883999999944,17,-59.58377999999698,0.3,0.11409954192000002,-59.99787954191697,-1.1136183172543224,1.3498945701285705,2.2900000000000205,58014.91248733046,57954.914607788545
AMZN,2024-07-23 00:00:00-04:00,long,2024-07-23 09:49:00-04:00,187.264876,2024-07-23 10:48:00-04:00,187.844832,time,77,185.13,191.53462799999997,2.1348759999999913,60,44.65661200000076,0.77,0.115712416512,43.77089958348876,0.26626991045101084,1.045373606667394,3.1399999999999864,57954.914607788545,57998.685507372036
SPY,2024-07-23 00:00:00-04:00,long,2024-07-23 09:50:00-04:00,543.077144,2024-07-23 10:45:00-04:00,541.823184,stop,26,542.04,545.151432,1.037144000000012,56,-32.60296000000017,0.26,0.112699222272,-32.975659222272164,-1.2228722197418984,0.7533222244910548,1.5,57998.685507372036,57965.70984814977
META,2024-07-23 00:00:00-04:00,short,2024-07-23 10:03:00-04:00,485.435748,2024-07-23 10:20:00-04:00,488.68539599999997,stop,29,488.49,479.32724399999995,3.0542520000000195,18,-94.2397919999994,0.29,0.112621093536,-94.64241309353541,-1.0685207003167907,0.6834981040925537,5.300000000000011,57965.70984814977,57871.06743505623
QQQ,2024-07-23 00:00:00-04:00,long,2024-07-23 10:22:00-04:00,478.631376,2024-07-23 10:38:00-04:00,476.87917200000004,stop,30,477.07,481.754128,1.5613759999999957,17,-52.56611999999848,0.3,0.11445100128,-52.98057100127848,-1.1310658248723908,0.7654577338960886,2.3799999999999955,57871.06743505623,57818.08686405495
AMZN,2024-07-24 00:00:00-04:00,long,2024-07-24 09:46:00-04:00,185.26397595999998,2024-07-24 10:38:00-04:00,184.031358,stop,78,184.105,187.58192787999997,1.1589759599999923,53,-96.1442008799977,0.78,0.114835567392,-97.0390364473897,-1.0734391857998322,0.8366945299036067,2.069999999999993,57818.08686405495,57721.04782760756
META,2024-07-24 00:00:00-04:00,short,2024-07-24 09:48:00-04:00,467.502924,2024-07-24 09:51:00-04:00,470.70320599999997,stop,30,470.515,461.47877200000005,3.012075999999979,4,-96.00845999999876,0.3,0.11220070176,-96.42066070175876,-1.0670454608024436,1.0774468229573122,5.2099999999999795,57721.04782760756,57624.6271669058
SPY,2024-07-24 00:00:00-04:00,short,2024-07-24 09:49:00-04:00,534.8059920000001,2024-07-24 10:13:00-04:00,533.1311431904002,target,26,535.75,532.9179760000002,0.9440079999999398,25,43.546069049597236,0.26,0.111239646336,43.174829403261235,1.759063865628257,1.504072998349511,1.400000000000091,57624.6271669058,57667.801996309056
QQQ,2024-07-24 00:00:00-04:00,short,2024-07-24 09:57:00-04:00,465.703644,2024-07-24 10:56:00-04:00,464.12557599999997,time,30,467.755,461.600932,2.0513559999999984,60,47.34204000000091,0.3,0.11176887456,46.93027112544091,0.7625894144400248,1.510681164007024,3.0299999999999727,57667.801996309056,57714.7322674345
META,2024-07-25 00:00:00-04:00,short,2024-07-25 09:47:00-04:00,452.41896,2024-07-25 10:09:00-04:00,444.2645147520001,target,31,456.585,444.0868800000001,4.166039999999953,23,252.7878026879983,0.31,0.11219990208,252.3656027859183,1.9540921105702387,0.8233078287091158,7.75,57714.7322674345,57967.097870220416
AMZN,2024-07-25 00:00:00-04:00,short,2024-07-25 09:50:00-04:00,180.057948,2024-07-25 10:49:00-04:00,180.752272,time,80,181.78750000000002,176.59884399999999,1.7295520000000124,60,-55.54591999999957,0.8,0.11523708672,-56.46115708671957,-0.40806200888090643,0.915172236219355,2.9749999999999943,57967.097870220416,57910.636713133696
QQQ,2024-07-25 00:00:00-04:00,short,2024-07-25 09:55:00-04:00,455.93755200000004,2024-07-25 10:08:00-04:00,452.54360106240006,target,31,457.725,452.3626560000001,1.7874479999999835,14,105.21247906559944,0.31,0.11307251289600001,104.78940655270344,1.891133860780293,1.3345049946791434,2.829999999999984,57910.636713133696,58015.426119686395
NVDA,2024-07-25 00:00:00-04:00,short,2024-07-25 09:57:00-04:00,110.38582800000002,2024-07-25 10:07:00-04:00,106.95024699360005,target,131,112.125,106.90748400000005,1.7391719999999822,11,450.06111183839624,1.31,0.11568434774400001,448.63542749065226,1.969154241084842,1.511039142401326,3.1899999999999977,58015.426119686395,58464.06154717705
SPY,2024-07-25 00:00:00-04:00,short,2024-07-25 09:58:00-04:00,527.18904,2024-07-25 10:36:00-04:00,528.546334,stop,27,528.335,524.8971199999999,1.1459600000000592,39,-36.64693800000066,0.27,0.11387283263999999,-37.03081083264066,-1.1968231982965842,1.0852960422119171,1.4700000000000273,58464.06154717705,58427.03073634441
NVDA,2024-07-26 00:00:00-04:00,short,2024-07-26 09:48:00-04:00,113.63452800000002,2024-07-26 10:47:00-04:00,112.25488399999999,time,128,115.015,110.87358400000005,1.3804719999999833,60,176.5944320000035,1.28,0.11636175667200001,175.1980702433315,0.9914977803070573,0.9651152164529511,1.990000000000009,58427.03073634441,58602.22880658774
QQQ,2024-07-26 00:00:00-04:00,short,2024-07-26 09:50:00-04:00,455.30780400000003,2024-07-26 09:59:00-04:00,457.07775799999996,stop,32,456.895,452.13341200000013,1.587195999999949,10,-56.63852799999768,0.32,0.116558797824,-57.075086797821676,-1.1237405225517105,1.122656242606323,2.0300000000000296,58602.22880658774,58545.153719789916
META,2024-07-26 00:00:00-04:00,short,2024-07-26 09:55:00-04:00,456.387372,2024-07-26 10:00:00-04:00,461.454508,stop,32,461.27,446.6221160000001,4.882627999999954,6,-162.14835199999834,0.32,0.116835167232,-162.58518716723034,-1.0405845169806087,1.0390696793945493,7.759999999999991,58545.153719789916,58382.56853262269
SPY,2024-07-26 00:00:00-04:00,long,2024-07-26 10:01:00-04:00,531.202396,2024-07-26 10:08:00-04:00,529.5381,stop,27,529.75,534.1071880000001,1.4523960000000216,8,-44.935992000000965,0.27,0.11438022959999998,-45.32037222960097,-1.1556987934420164,1.3941387046412066,1.6199999999998909,58382.56853262269,58337.24816039309
AMZN,2024-07-26 00:00:00-04:00,long,2024-07-26 10:01:00-04:00,181.80269199999998,2024-07-26 10:04:00-04:00,180.810147,stop,80,180.8825,183.64307599999995,0.9201919999999859,4,-79.40359999999828,0.8,0.11571849408,-80.31931849407827,-1.0910673872148353,0.6521229061800967,1.2849999999999966,58337.24816039309,58256.92884189901
SPY,2024-07-29 00:00:00-04:00,long,2024-07-29 09:46:00-04:00,534.01352,2024-07-29 09:50:00-04:00,532.6468560000001,stop,27,532.86,536.3205599999999,1.1535199999999577,5,-36.89992799999732,0.27,0.115051720896,-37.28497972089332,-1.1971402098342043,1.1124786150011203,1.4600000000000364,58256.92884189901,58219.64386217812
QQQ,2024-07-29 00:00:00-04:00,long,2024-07-29 09:46:00-04:00,462.815052,2024-07-29 10:12:00-04:00,460.625676,stop,31,460.81,466.82515599999994,2.005051999999978,27,-67.87065599999943,0.31,0.114235167648,-68.29489116764744,-1.0987550474541339,1.0671293651813727,2.8600000000000136,58219.64386217812,58151.34897101047
META,2024-07-29 00:00:00-04:00,long,2024-07-29 10:41:00-04:00,468.047144,2024-07-29 11:22:00-04:00,464.809002,stop,31,464.995,474.151432,3.0521439999999984,42,-100.38240199999944,0.31,0.115272632496,-100.80767463249545,-1.0654348130415812,0.6082458333989292,6.1299999999999955,58151.34897101047,58050.541296377975
NVDA,2024-07-29 00:00:00-04:00,short,2024-07-29 10:56:00-04:00,113.00478,2024-07-29 11:55:00-04:00,112.815108,time,128,114.57,109.87434,1.5652199999999965,60,24.278016000000207,1.28,0.11571689471999999,22.882299105280207,0.11421267410332223,1.0051444363172473,2.8800000000000097,58050.541296377975,58073.423595483255
QQQ,2024-07-30 00:00:00-04:00,short,2024-07-30 09:46:00-04:00,459.5661,2024-07-30 10:37:00-04:00,456.94100331999994,target,31,460.97,456.75829999999996,1.4039000000000215,52,81.37799708000216,0.31,0.1139723928,80.95402468720216,1.8601183497400313,0.6601981003365217,1.5,58073.423595483255,58154.37762017046
NVDA,2024-07-30 00:00:00-04:00,short,2024-07-30 09:46:00-04:00,108.676512,2024-07-30 10:45:00-04:00,107.252884,time,133,110.5,105.02953600000001,1.8234879999999976,60,189.34252400000105,1.33,0.115631808768,187.89689219123304,0.7747561749263004,0.8595007549983823,2.6200000000000045,58154.37762017046,58342.27451236169
META,2024-07-30 00:00:00-04:00,short,2024-07-30 09:55:00-04:00,462.404964,2024-07-30 10:54:00-04:00,465.626176,time,31,466.35,454.514892,3.945036000000016,60,-99.85757199999938,0.31,0.114676431072,-100.28224843107138,-0.8199953662557115,0.6214779534626174,6.4599999999999795,58342.27451236169,58241.99226393062
SPY,2024-07-30 00:00:00-04:00,short,2024-07-30 09:56:00-04:00,532.966728,2024-07-30 10:55:00-04:00,532.01272,time,27,533.94,531.0201839999999,0.9732720000000654,60,25.758216000001198,0.27,0.11512081324799998,25.373095186753197,0.9655515274003373,1.1071339629061732,1.4399999999999409,58241.99226393062,58267.36535911737
NVDA,2024-07-31 00:00:00-04:00,long,2024-07-31 09:54:00-04:00,114.065608,2024-07-31 10:53:00-04:00,114.034368,time,127,112.305,117.58682399999998,1.7606079999999906,60,-3.967479999999597,1.27,0.11585891788799998,-5.353338917887596,-0.023941885385047122,2.123448211316259,3.2099999999999937,58267.36535911737,58262.01202019949
QQQ,2024-07-31 00:00:00-04:00,long,2024-07-31 10:02:00-04:00,464.39568399999996,2024-07-31 11:01:00-04:00,464.853984,time,31,462.79999999999995,467.58705199999997,1.5956840000000057,60,14.207300000002022,0.31,0.11528378803200001,13.78201621197002,0.2786147934854668,2.375756261787075,2.4599999999999795,58262.01202019949,58275.794036411455
META,2024-07-31 00:00:00-04:00,long,2024-07-31 10:02:00-04:00,469.477716,2024-07-31 11:01:00-04:00,469.51212,time,31,466.245,475.94314799999995,3.232715999999982,60,1.0665239999998448,0.31,0.11643900575999999,0.6400849942398448,0.006387168882139695,0.8952491113096083,5.210000000000036,58275.794036411455,58276.43412140569
SPY,2024-07-31 00:00:00-04:00,long,2024-07-31 10:06:00-04:00,536.91468,2024-07-31 11:05:00-04:00,537.674844,time,27,535.71,539.3240399999999,1.2046799999999394,60,20.524428000000853,0.27,0.116137766304,20.138290233696853,0.6191375313345197,1.4571542410372444,1.6399999999999864,58276.43412140569,58296.57241163939
AMZN,2024-07-31 00:00:00-04:00,long,2024-07-31 10:09:00-04:00,186.75447192,2024-07-31 11:08:00-04:00,186.91510404000002,time,78,185.395,189.47341575999994,1.3594719199999759,60,12.529305360002411,0.78,0.11663502492096,11.632670335081452,0.10970200779705223,1.0779406731133538,1.8700000000000045,58296.57241163939,58308.20508197447
NVDA,2024-08-01 00:00:00-04:00,long,2024-08-01 09:46:00-04:00,119.7979,2024-08-01 10:04:00-04:00,117.962796,stop,121,118.00999999999999,123.37370000000001,1.7879000000000076,19,-222.04758400000014,1.21,0.11418798652799998,-223.37177198652816,-1.0325229052900013,1.3430221428267615,3.0400000000000063,58308.20508197447,58084.83330998794
QQQ,2024-08-01 00:00:00-04:00,long,2024-08-01 09:48:00-04:00,469.867872,2024-08-01 10:06:00-04:00,467.78781000000004,stop,30,467.975,473.6536159999999,1.8928719999999544,19,-62.40185999999824,0.3,0.1122690744,-62.81412907439823,-1.1061520813240364,0.9007628858688695,3.1299999999999955,58084.83330998794,58022.01918091354
AMZN,2024-08-01 00:00:00-04:00,long,2024-08-01 09:48:00-04:00,190.47616,2024-08-01 10:21:00-04:00,188.794452,stop,76,188.87,193.68847999999997,1.6061599999999885,34,-127.80980799999895,0.76,0.11478702681599999,-128.68459502681495,-1.054202791512675,1.2660218436749646,2.240000000000009,58022.01918091354,57893.334585886725
META,2024-08-01 00:00:00-04:00,long,2024-08-01 09:54:00-04:00,520.728208,2024-08-01 10:16:00-04:00,513.3995580000001,stop,27,513.605,534.974624,7.123207999999977,23,-197.87354999999798,0.27,0.110894304528,-198.25444430452598,-1.0308216742321645,4.066435619136249,12.909999999999968,57893.334585886725,57695.0801415822
SPY,2024-08-01 00:00:00-04:00,short,2024-08-01 10:10:00-04:00,539.13426,2024-08-01 10:37:00-04:00,536.2071771120003,target,26,540.7049999999999,535.9927800000003,1.570739999999887,28,76.10415508799338,0.26,0.11213992608,75.73201516191337,1.854393352126994,1.1889219788597085,2.3700000000000045,57695.0801415822,57770.81215674411
AMZN,2024-08-02 00:00:00-04:00,short,2024-08-02 09:47:00-04:00,164.948994,2024-08-02 09:50:00-04:00,162.55197679279996,target,87,166.18,162.48698199999998,1.2310060000000078,4,208.5404970264032,0.87,0.114804499824,207.55569252657918,1.9380064883908132,4.108252191025705,2.259999999999991,57770.81215674411,57978.36784927069
META,2024-08-02 00:00:00-04:00,short,2024-08-02 09:53:00-04:00,483.496524,2024-08-02 10:52:00-04:00,480.72221199999996,time,29,491.07500000000005,468.339572,7.578476000000023,60,80.45504800000191,0.29,0.112171193568,80.0528768064339,0.36424790786538835,1.5254975518246459,13.449999999999989,57978.36784927069,58058.42072607712
SPY,2024-08-02 00:00:00-04:00,short,2024-08-02 09:58:00-04:00,521.4113520000001,2024-08-02 10:14:00-04:00,518.2512736224002,target,27,523.095,518.0440560000002,1.6836479999999483,17,85.32211619519774,0.27,0.11262485203200003,84.93949134316574,1.868506413920257,1.9052252567882535,2.909999999999968,58058.42072607712,58143.36021742029
QQQ,2024-08-02 00:00:00-04:00,short,2024-08-02 10:06:00-04:00,442.31300400000003,2024-08-02 11:05:00-04:00,441.036344,time,32,446.245,434.4490120000001,3.9319959999999696,60,40.85312000000158,0.32,0.113232129024,40.41988787097758,0.3212418059347108,1.8652647094413508,5.230000000000018,58143.36021742029,58183.78010529127
NVDA,2024-08-02 00:00:00-04:00,short,2024-08-02 10:09:00-04:00,101.739288,2024-08-02 10:47:00-04:00,104.96696999999999,stop,91,104.925,95.36786400000001,3.185711999999995,39,-293.71906199999887,0.91,0.074066201664,-294.7031282016629,-1.0165689535978117,1.6803703793701095,4.789999999999992,58183.78010529127,57889.07697708961
NVDA,2024-08-05 00:00:00-04:00,long,2024-08-05 09:46:00-04:00,97.779096,2024-08-05 10:45:00-04:00,98.940408,time,77,94.065,105.20728799999999,3.714095999999998,60,89.42102400000073,0.77,0.060947291328,88.59007670867273,0.3097713351340434,2.579130368573146,7.049999999999997,57889.07697708961,57977.66705379828
META,2024-08-05 00:00:00-04:00,long,2024-08-05 09:46:00-04:00,468.03714,2024-08-05 10:45:00-04:00,469.00232400000004,time,25,456.58500000000004,490.94142,11.452139999999986,60,24.12960000000055,0.25,0.09380046480000001,23.78579953520055,0.08307896876985639,1.7580594640551348,17.589999999999975,57977.66705379828,58001.45285333348
AMZN,2024-08-05 00:00:00-04:00,long,2024-08-05 09:46:00-04:00,159.858918,2024-08-05 10:45:00-04:00,160.205892,time,65,155.4,168.77675399999995,4.458917999999983,60,22.55331000000112,0.65,0.08330706384,21.82000293616112,0.07528560804751702,2.95036135155897,7.579999999999984,58001.45285333348,58023.27285626964
SPY,2024-08-05 00:00:00-04:00,long,2024-08-05 09:48:00-04:00,504.611764,2024-08-05 10:47:00-04:00,504.44814,time,28,501.235,511.36529199999995,3.37676399999998,60,-4.581471999999167,0.28,0.11299638336000001,-4.9744683833591665,-0.05261237833617371,5.628163950988653,5.569999999999993,58023.27285626964,58018.29838788629
QQQ,2024-08-05 00:00:00-04:00,long,2024-08-05 09:48:00-04:00,428.741428,2024-08-05 10:47:00-04:00,429.47814,time,33,423.40999999999997,439.404284,5.331428000000017,60,24.311496000000375,0.33,0.11338222895999998,23.868113771040377,0.13566274830683434,3.2220156630181185,8.699999999999989,58018.29838788629,58042.166501657324
AMZN,2024-08-06 00:00:00-04:00,short,2024-08-06 09:46:00-04:00,158.61153000000002,2024-08-06 09:52:00-04:00,160.494172,stop,91,160.43,154.97459000000003,1.8184699999999907,7,-171.3204219999978,0.91,0.11546919384,-172.3458911938378,-1.0414859152144305,1.1269509641267037,3.039999999999992,58042.166501657324,57869.82061046349
SPY,2024-08-06 00:00:00-04:00,long,2024-08-06 09:53:00-04:00,509.273628,2024-08-06 10:46:00-04:00,513.2155156463999,target,28,507.20000000000005,513.4208839999999,2.0736279999999283,54,110.37285409919855,0.28,0.11496027550479357,109.97789382369375,1.8941593778030161,1.6615134725886067,2.5600000000000023,57869.82061046349,57979.79850428718
META,2024-08-06 00:00:00-04:00,long,2024-08-06 09:57:00-04:00,481.352464,2024-08-06 10:19:00-04:00,487.8521730432,target,30,478.005,488.047392,3.347464000000002,23,194.99127129600083,0.3,0.117084521530368,194.57418677447046,1.9375282977847343,0.7967344000667649,5.090000000000032,57979.79850428718,58174.37269106165
QQQ,2024-08-06 00:00:00-04:00,long,2024-08-06 10:03:00-04:00,435.344068,2024-08-06 11:02:00-04:00,438.194652,time,33,432.58000000000004,440.8722039999999,2.764067999999952,60,94.06927200000086,0.33,0.115683388128,93.62358861187286,1.0264141268536358,1.3517379457989291,4.800000000000011,58174.37269106165,58267.99627967353
NVDA,2024-08-06 00:00:00-04:00,long,2024-08-06 10:41:00-04:00,104.81190799999999,2024-08-06 11:40:00-04:00,103.988388,time,133,102.63,109.17572399999997,2.181907999999993,60,-109.52815999999838,1.33,0.110643644832,-110.96880364483037,-0.3823955488059031,1.2842004715762816,4.1000000000000085,58267.99627967353,58157.0274760287
SPY,2024-08-07 00:00:00-04:00,long,2024-08-07 09:49:00-04:00,518.167184,2024-08-07 10:18:00-04:00,516.5932799999999,stop,28,516.8,520.9015520000002,1.3671840000000657,30,-44.069312000002355,0.28,0.11571689471999998,-44.46502889472236,-1.1615384222167666,1.0892068892045321,2.17999999999995,58157.0274760287,58112.562447133976
QQQ,2024-08-07 00:00:00-04:00,long,2024-08-07 09:51:00-04:00,444.25763199999994,2024-08-07 09:55:00-04:00,442.54291200000006,stop,32,442.72,447.3328959999998,1.5376319999999168,5,-54.871039999996356,0.32,0.113290985472,-55.304330985468354,-1.1239752706082986,1.0316838983979169,2.400000000000034,58112.562447133976,58057.25811614851
META,2024-08-07 00:00:00-04:00,long,2024-08-07 09:51:00-04:00,506.30244,2024-08-07 09:55:00-04:00,502.004118,stop,28,502.205,514.49732,4.097440000000006,5,-120.35301599999957,0.28,0.112448922432,-120.74546492243157,-1.0524469017103308,1.2711039521560628,7.75,58057.25811614851,57936.512651226076
NVDA,2024-08-07 00:00:00-04:00,short,2024-08-07 09:56:00-04:00,105.887628,2024-08-07 10:55:00-04:00,105.712268,time,136,107.52000000000001,102.622884,1.6323720000000037,60,23.848960000001625,1.36,0.115205739264,22.373754260737627,0.10078150015805931,1.0165935793755863,2.200000000000003,57936.512651226076,57958.88640548681
AMZN,2024-08-07 00:00:00-04:00,long,2024-08-07 10:45:00-04:00,167.006776,2024-08-07 11:44:00-04:00,165.73867800000002,stop,86,165.805,169.410328,1.2017759999999953,60,-109.05642799999833,0.86,0.11402821046400001,-110.03045621046233,-1.0646109669555606,0.8675304747714491,1.710000000000008,57958.88640548681,57848.855949276345
SPY,2024-08-08 00:00:00-04:00,short,2024-08-08 09:48:00-04:00,510.305796,2024-08-08 09:53:00-04:00,511.72961,stop,28,511.525,507.867388,1.2192039999999906,6,-39.866791999999805,0.28,0.11430849830399999,-40.261100498303804,-1.1793731372009968,1.0496631000367622,1.410000000000025,57848.855949276345,57808.59484877804
QQQ,2024-08-08 00:00:00-04:00,short,2024-08-08 09:48:00-04:00,433.17666,2024-08-08 09:55:00-04:00,435.69920999999994,stop,33,435.525,428.4799800000001,2.3483399999999506,8,-83.24414999999703,0.33,0.11435863823999999,-83.68850863823704,-1.079918330940138,0.8974406628850218,2.650000000000034,57808.59484877804,57724.9063401398
NVDA,2024-08-08 00:00:00-04:00,short,2024-08-08 09:48:00-04:00,98.380632,2024-08-08 10:02:00-04:00,100.520192,stop,137,100.48,94.18189600000001,2.0993679999999983,15,-293.11971999999844,1.37,0.107825172672,-294.59754517267044,-1.0242830437807902,0.9872205780618777,2.9000000000000057,57724.9063401398,57430.30879496713
META,2024-08-08 00:00:00-04:00,short,2024-08-08 09:48:00-04:00,491.95314,2024-08-08 09:53:00-04:00,495.157984,stop,29,494.96000000000004,485.93942,3.0068600000000174,6,-92.94047599999942,0.29,0.11413312848,-93.34460912847943,-1.0704787137146266,0.5520479810973369,4.939999999999998,57430.30879496713,57336.96418583865
AMZN,2024-08-08 00:00:00-04:00,short,2024-08-08 09:48:00-04:00,163.064748,2024-08-08 10:02:00-04:00,164.370722,stop,87,164.305,160.584244,1.2402519999999981,15,-113.6197379999993,0.87,0.113493064608,-114.6032310646073,-1.0621055382164222,0.5057827491685095,2.3300000000000125,57336.96418583865,57222.36095477405
SPY,2024-08-09 00:00:00-04:00,short,2024-08-09 09:47:00-04:00,516.5832839999999,2024-08-09 10:03:00-04:00,518.08215,stop,27,517.875,513.9998519999998,1.291716000000065,17,-40.469382000000564,0.27,0.11158198934399999,-40.85096398934457,-1.1713090696963924,0.7365158343281907,1.849999999999909,57222.36095477405,57181.5099907847
QQQ,2024-08-09 00:00:00-04:00,short,2024-08-09 09:47:00-04:00,441.5733,2024-08-09 09:55:00-04:00,443.157192,stop,32,442.98,438.7599,1.4067000000000007,9,-50.68454399999973,0.32,0.1130427648,-51.11758676479973,-1.135582985995586,0.8257341682583152,1.9599999999999795,57181.5099907847,57130.392404019905
NVDA,2024-08-09 00:00:00-04:00,short,2024-08-09 09:47:00-04:00,104.20830000000001,2024-08-09 10:12:00-04:00,105.61722999999999,stop,137,105.575,101.47490000000002,1.3666999999999945,26,-193.0234099999978,1.37,0.1142122968,-194.5076222967978,-1.0388261259969194,0.8378949825256075,1.6899999999999977,57130.392404019905,56935.88478172311
META,2024-08-09 00:00:00-04:00,long,2024-08-09 09:52:00-04:00,508.763424,2024-08-09 10:51:00-04:00,510.305796,time,27,505.41499999999996,515.460272,3.3484240000000227,60,41.64404400000001,0.27,0.110226051936,41.263817948064,0.4564205589351855,0.6505841568137787,6.170000000000016,56935.88478172311,56977.14859967117
AMZN,2024-08-09 00:00:00-04:00,long,2024-08-09 10:07:00-04:00,167.63712804,2024-08-09 10:38:00-04:00,166.593336,stop,84,166.66,169.59138412,0.9771280399999966,32,-87.67853135999997,0.84,0.111950721792,-88.63048208179197,-1.079822442397624,0.5780799530567361,1.6200000000000045,56977.14859967117,56888.51811758938
SPY,2024-08-12 00:00:00-04:00,short,2024-08-12 09:47:00-04:00,519.352176,2024-08-12 10:09:00-04:00,521.063342,stop,27,520.855,516.3465279999999,1.5028240000000324,23,-46.201482000001306,0.27,0.11218007001599999,-46.58366207001731,-1.1480524781398298,0.8135065967727466,2.490000000000009,56888.51811758938,56841.93445551937
QQQ,2024-08-12 00:00:00-04:00,short,2024-08-12 09:47:00-04:00,444.412164,2024-08-12 10:07:00-04:00,446.23342199999996,stop,31,446.055,441.12649200000004,1.6428359999999884,21,-56.458997999998246,0.31,0.110214216672,-56.87921221667025,-1.1168572500918876,0.6885278745436658,2.7899999999999636,56841.93445551937,56785.0552433027
META,2024-08-12 00:00:00-04:00,short,2024-08-12 09:58:00-04:00,508.69644,2024-08-12 10:06:00-04:00,512.1597820000001,stop,27,511.95500000000004,502.1793199999999,3.2585600000000454,9,-93.51023400000184,0.27,0.10987843103999999,-93.89011243104184,-1.067162050574493,0.5277659212439544,5.230000000000075,56785.0552433027,56691.165130871654
NVDA,2024-08-12 00:00:00-04:00,long,2024-08-12 10:08:00-04:00,108.463368,2024-08-12 11:07:00-04:00,110.00598000000001,time,130,107.205,110.98010400000001,1.2583680000000044,60,200.5395600000007,1.3,0.1144062192,199.1251537808007,1.2172368910843252,0.9695423780325508,2.2299999999999898,56691.165130871654,56890.29028465245
AMZN,2024-08-12 00:00:00-04:00,long,2024-08-12 10:26:00-04:00,168.51667971999998,2024-08-12 11:23:00-04:00,167.15815998000002,stop,84,167.22505,171.09993915999993,1.2916297199999747,58,-114.11565815999688,0.84,0.11233028350656,-115.06798844350345,-1.0605647919589756,0.691998377360701,2.1898999999999944,56890.29028465245,56775.22229620895
SPY,2024-08-13 00:00:00-04:00,long,2024-08-13 09:46:00-04:00,525.720204,2024-08-13 10:06:00-04:00,524.330184,stop,26,524.54,528.080612,1.1802040000000034,21,-36.14051999999833,0.26,0.109060678272,-36.50958067827033,-1.1898067126292844,0.7557866348311266,1.3799999999999955,56775.22229620895,56738.71271553068
NVDA,2024-08-13 00:00:00-04:00,long,2024-08-13 09:47:00-04:00,113.03519599999998,2024-08-13 10:46:00-04:00,114.26427600000001,time,125,112.135,114.83558799999994,0.9001959999999798,60,153.63500000000306,1.25,0.11426427600000001,152.27073572400306,1.353222948993388,0.9089357516876841,1.4699999999999989,56738.71271553068,56890.98345125468
QQQ,2024-08-13 00:00:00-04:00,long,2024-08-13 09:50:00-04:00,453.20120799999995,2024-08-13 10:49:00-04:00,453.898368,time,31,451.79999999999995,456.00362399999995,1.401207999999997,60,21.61196000000166,0.31,0.112566795264,21.18939320473766,0.4878139527151251,0.6552740196191293,1.6999999999999886,56890.98345125468,56912.17284445942
AMZN,2024-08-13 00:00:00-04:00,short,2024-08-13 09:56:00-04:00,167.063148,2024-08-13 10:24:00-04:00,168.332306,stop,85,168.265,164.65944400000006,1.201851999999974,29,-107.87842999999796,0.85,0.11360294064000001,-108.84203294063796,-1.065434433843771,0.6326119134399638,1.789999999999992,56912.17284445942,56803.33081151878
QQQ,2024-08-14 00:00:00-04:00,short,2024-08-14 09:53:00-04:00,456.237432,2024-08-14 10:52:00-04:00,456.64258399999994,time,31,458.02,452.6722960000001,1.7825679999999693,60,-12.55971199999783,0.31,0.11314688313599999,-12.982858883133831,-0.23494301449141758,0.857562831889718,3.180000000000007,56803.33081151878,56790.347952635646
AMZN,2024-08-14 00:00:00-04:00,short,2024-08-14 09:54:00-04:00,170.466786,2024-08-14 10:53:00-04:00,170.3181,time,83,171.45999999999998,168.48035800000008,0.9932139999999663,60,12.340938000002183,0.8300000000000001,0.113189945904,11.397748054098182,0.13826050147504057,0.6178753797042944,1.6400000000000148,56790.347952635646,56801.745700689746
SPY,2024-08-14 00:00:00-04:00,short,2024-08-14 09:56:00-04:00,528.68844,2024-08-14 10:55:00-04:00,529.8918719999999,time,26,529.815,526.4353199999999,1.1265600000000404,60,-31.289231999997583,0.26,0.10996719552,-31.659199195517584,-1.0808669822467187,0.6923458961426506,1.7299999999999045,56801.745700689746,56770.086501494225
META,2024-08-14 00:00:00-04:00,short,2024-08-14 10:27:00-04:00,523.670448,2024-08-14 11:16:00-04:00,527.2308079999999,stop,27,527.02,516.9713439999999,3.349552000000017,50,-96.12971999999854,0.27,0.11311281676799999,-96.51283281676653,-1.0671723751665678,0.6238939224285033,5.059999999999945,56770.086501494225,56673.57366867746
QQQ,2024-08-15 00:00:00-04:00,long,2024-08-15 09:49:00-04:00,465.095964,2024-08-15 10:02:00-04:00,466.6811448432,target,30,464.21,466.867892,0.8859640000000013,14,47.555425296000635,0.3,0.112003474762368,47.14342182123827,1.773714726604324,0.9680348993877229,1.3799999999999955,56673.57366867746,56720.7170904987
META,2024-08-15 00:00:00-04:00,long,2024-08-15 09:49:00-04:00,529.1415719999999,2024-08-15 10:48:00-04:00,534.9759240000001,time,26,525.82,535.7847159999995,3.3215719999998328,60,151.69315200000506,0.26,0.11127499219200002,151.32187700781307,1.7522041348519581,0.5649674348211575,5.259999999999991,56720.7170904987,56872.038967506516
NVDA,2024-08-15 00:00:00-04:00,long,2024-08-15 09:50:00-04:00,119.417748,2024-08-15 10:49:00-04:00,121.63132800000001,time,119,118.24000000000001,121.77324399999999,1.177747999999994,60,263.4160200000009,1.19,0.115793024256,262.1102269757449,1.8701852598145097,0.8476158231372592,1.9200000000000017,56872.038967506516,57134.14919448226
AMZN,2024-08-15 00:00:00-04:00,long,2024-08-15 09:53:00-04:00,175.86031599999998,2024-08-15 10:52:00-04:00,175.769664,time,81,174.79500000000002,177.99094799999992,1.0653159999999673,60,-7.342811999998162,0.81,0.113898742272,-8.266710742270162,-0.09580083028132538,1.2407968849149957,1.6099999999999852,57134.14919448226,57125.882483739995
SPY,2024-08-15 00:00:00-04:00,long,2024-08-15 10:02:00-04:00,537.8950719999999,2024-08-15 10:04:00-04:00,536.63526,stop,26,536.85,539.9852159999997,1.045071999999891,3,-32.755111999997325,0.26,0.11162013408,-33.12673213407732,-1.2191553137774527,1.013349070589375,1.240000000000009,57125.882483739995,57092.75575160592
META,2024-08-16 00:00:00-04:00,short,2024-08-16 09:46:00-04:00,525.38976,2024-08-16 10:45:00-04:00,525.8802679999999,time,27,528.0350000000001,520.0992799999999,2.645240000000058,60,-13.243715999996311,0.27,0.11348418816,-13.62720018815631,-0.1907997452328909,1.4140250128990293,4.1299999999999955,57092.75575160592,57079.12855141776
AMZN,2024-08-16 00:00:00-04:00,long,2024-08-16 09:50:00-04:00,177.255874,2024-08-16 10:49:00-04:00,177.61872408,time,80,176.68505,178.39752200000004,0.570824000000016,60,29.028006399998958,0.8,0.11367598341119999,28.11433041658776,0.6156523380364826,0.7675096485102713,0.8499000000000194,57079.12855141776,57107.24288183435
SPY,2024-08-16 00:00:00-04:00,long,2024-08-16 09:51:00-04:00,539.8458519999999,2024-08-16 10:48:00-04:00,538.8293820000001,stop,26,539.0450000000001,541.4475559999996,0.8008519999998498,58,-26.42821999999478,0.26,0.11207651145600002,-26.80029651145078,-1.2871050269662716,0.606829256373209,1.1100000000000136,57107.24288183435,57080.4425853229
NVDA,2024-08-16 00:00:00-04:00,long,2024-08-16 09:51:00-04:00,123.339316,2024-08-16 10:50:00-04:00,122.391024,time,115,122.03,125.95794799999999,1.3093159999999955,60,-109.05357999999943,1.1500000000000001,0.11259974208,-110.31617974207943,-0.7326505810606442,0.904082879906898,2.0999999999999943,57080.4425853229,56970.12640558082
QQQ,2024-08-16 00:00:00-04:00,long,2024-08-16 10:04:00-04:00,468.78744,2024-08-16 10:49:00-04:00,467.43795,stop,30,467.625,471.11232,1.1624400000000037,46,-40.48470000000009,0.3,0.112185108,-40.896885108000085,-1.1727310687863446,1.7352904805104707,1.7300000000000182,56970.12640558082,56929.22952047282
META,2024-08-19 00:00:00-04:00,long,2024-08-19 09:48:00-04:00,527.400876,2024-08-19 09:58:00-04:00,524.36517,stop,26,524.575,533.052628,2.825875999999994,11,-78.92835600000012,0.26,0.10906795536,-79.29742395536013,-1.0792762744579067,0.703792420285126,4.169999999999959,56929.22952047282,56849.93209651746
QQQ,2024-08-19 00:00:00-04:00,long,2024-08-19 09:49:00-04:00,470.84826400000003,2024-08-19 09:55:00-04:00,469.472136,stop,30,469.65999999999997,473.22479200000015,1.1882640000000606,7,-41.28384000000153,0.3,0.11267331263999998,-41.69651331264153,-1.1696759113193533,0.5344413280183499,1.7399999999999523,56849.93209651746,56808.23558320482
NVDA,2024-08-19 00:00:00-04:00,long,2024-08-19 09:49:00-04:00,125.310104,2024-08-19 10:01:00-04:00,124.145322,stop,113,124.195,127.540312,1.1151040000000023,13,-131.62036600000027,1.1300000000000001,0.11222737108799999,-132.86259337108828,-1.054408523847103,0.8450707793047726,1.9500000000000028,56808.23558320482,56675.37298983373
SPY,2024-08-19 00:00:00-04:00,long,2024-08-19 10:09:00-04:00,542.957096,2024-08-19 10:16:00-04:00,541.948134,stop,26,542.165,544.541288,0.792096000000015,8,-26.233011999999917,0.26,0.11272521187199999,-26.60573721187192,-1.2918858131741322,0.5160408960026296,0.9900000000000091,56675.37298983373,56648.76725262186
AMZN,2024-08-19 00:00:00-04:00,short,2024-08-19 10:19:00-04:00,176.50936800000002,2024-08-19 11:03:00-04:00,177.50597399999998,stop,80,177.435,174.65810400000007,0.9256319999999789,45,-79.72847999999658,0.8,0.11296599552,-80.64144599551658,-1.0890052147548703,0.5221831746909287,1.1299999999999955,56648.76725262186,56568.12580662634
SPY,2024-08-20 00:00:00-04:00,long,2024-08-20 09:49:00-04:00,547.3788639999999,2024-08-20 10:12:00-04:00,546.451332,stop,25,546.67,548.7965919999998,0.7088639999999486,24,-23.188299999998208,0.25,0.10929026639999999,-23.547590266398206,-1.3287508050288863,0.49000751917709334,0.9800000000000182,56568.12580662634,56544.57821635994
QQQ,2024-08-20 00:00:00-04:00,long,2024-08-20 09:49:00-04:00,477.14077999999995,2024-08-20 10:12:00-04:00,475.89956400000005,stop,29,476.09000000000003,479.2423399999998,1.050779999999918,24,-35.99526399999695,0.29,0.110408698848,-36.39567269884495,-1.194372938685541,0.5356229556072989,1.4799999999999613,56544.57821635994,56508.182543661096
META,2024-08-20 00:00:00-04:00,long,2024-08-20 09:54:00-04:00,527.250816,2024-08-20 10:12:00-04:00,524.5401,stop,26,524.75,532.252448,2.500815999999986,19,-70.47861599999828,0.26,0.1091043408,-70.84772034079829,-1.0896092798510364,0.43050784233643796,3.3199999999999363,56508.182543661096,56437.3348233203
NVDA,2024-08-20 00:00:00-04:00,long,2024-08-20 09:59:00-04:00,129.661844,2024-08-20 10:01:00-04:00,128.71349400000003,stop,108,128.76500000000001,131.45553199999998,0.8968439999999873,3,-102.42179999999746,1.08,0.11120845881600003,-103.61300845881345,-1.0697286350268163,0.8822209869833934,1.5700000000000074,56437.3348233203,56333.721814861485
AMZN,2024-08-20 00:00:00-04:00,long,2024-08-20 09:59:00-04:00,178.94154799999998,2024-08-20 10:18:00-04:00,178.11872400000001,stop,78,178.19,180.44464399999995,0.7515479999999854,20,-64.18027199999756,0.78,0.11114608377600001,-65.07141808377357,-1.1100408088265619,0.45308082164877106,0.9599999999999795,56333.721814861485,56268.65039677771
SPY,2024-08-21 00:00:00-04:00,long,2024-08-21 09:46:00-04:00,547.438888,2024-08-21 10:14:00-04:00,546.571284,stop,25,546.79,548.7366640000001,0.6488880000000563,29,-21.69010000000071,0.25,0.1093142568,-22.049414256800713,-1.359212329819556,0.5314345366391307,0.8000000000000682,56268.65039677771,56246.60098252091
QQQ,2024-08-21 00:00:00-04:00,long,2024-08-21 09:47:00-04:00,476.910688,2024-08-21 10:41:00-04:00,478.70050717439995,target,29,475.92,478.89206399999995,0.9906879999999774,55,51.904756057598604,0.29,0.11105851766446077,51.503697539934144,1.792683034762304,0.387223144206186,1.1000000000000227,56246.60098252091,56298.104680060846
NVDA,2024-08-21 00:00:00-04:00,long,2024-08-21 09:47:00-04:00,128.411344,2024-08-21 09:53:00-04:00,127.384026,stop,109,127.435,130.36403200000004,0.9763440000000116,7,-111.97766200000089,1.09,0.111078870672,-113.1787408706729,-1.0634951125914593,0.6655150687139991,1.6299999999999955,56298.104680060846,56184.92593919017
META,2024-08-21 00:00:00-04:00,long,2024-08-21 09:49:00-04:00,526.320444,2024-08-21 09:54:00-04:00,529.3694994671997,target,26,524.69,529.5813319999997,1.6304439999998976,6,79.27544214719387,0.26,0.11010885588917754,78.90533329130469,1.8613460573955418,0.3955050612218009,2.5400000000000773,56184.92593919017,56263.831272481475
AMZN,2024-08-21 00:00:00-04:00,long,2024-08-21 10:01:00-04:00,181.87272000000002,2024-08-21 10:50:00-04:00,180.52776,stop,77,180.6,184.41816000000006,1.272720000000021,50,-103.56192000000112,0.77,0.11120510016,-104.44312510016113,-1.0657522645043624,0.8749186881475629,1.8199999999999932,56263.831272481475,56159.388147381316
SPY,2024-08-22 00:00:00-04:00,short,2024-08-22 09:47:00-04:00,549.010308,2024-08-22 09:55:00-04:00,549.929884,stop,25,549.71,547.610924,0.6996920000000273,9,-22.98940000000016,0.25,0.1098020616,-23.34920206160016,-1.3348274418800987,0.47721141401604983,0.7599999999999909,56159.388147381316,56136.03894531971
META,2024-08-22 00:00:00-04:00,long,2024-08-22 09:50:00-04:00,534.733808,2024-08-22 09:56:00-04:00,538.3260074303998,target,26,532.83,538.5414239999998,1.9038079999999127,7,93.39718519039707,0.26,0.11197180954552316,93.02521338085154,1.8793349026480652,0.5005445604920128,2.759999999999991,56136.03894531971,56229.06415870057
QQQ,2024-08-22 00:00:00-04:00,short,2024-08-22 09:51:00-04:00,478.698444,2024-08-22 09:56:00-04:00,480.03193600000003,stop,29,479.84000000000003,476.4153319999999,1.1415560000000369,6,-38.67126800000102,0.29,0.11105803900799999,-39.07232603900902,-1.1802501038512274,0.42676654506951006,1.3199999999999932,56229.06415870057,56189.99183266156
AMZN,2024-08-22 00:00:00-04:00,short,2024-08-22 10:00:00-04:00,179.94799200000003,2024-08-22 10:59:00-04:00,179.30169199999997,time,78,180.825,178.1939760000001,0.8770079999999609,60,50.411400000004164,0.78,0.11228754700800002,49.51911245299616,0.7238935289804445,0.44515347514760584,1.289999999999992,56189.99183266156,56239.510945114554
NVDA,2024-08-22 00:00:00-04:00,short,2024-08-22 10:06:00-04:00,128.84844,2024-08-22 11:05:00-04:00,128.611424,time,109,129.785,126.97532000000004,0.9365599999999858,60,25.834744000001223,1.09,0.11235583968,24.632388160321224,0.24129282958915033,0.776211069898199,1.490000000000009,56239.510945114554,56264.14333327488
SPY,2024-08-23 00:00:00-04:00,long,2024-08-23 09:49:00-04:00,547.0087159999999,2024-08-23 09:52:00-04:00,546.091476,stop,25,546.31,548.4061479999999,0.6987159999999903,4,-22.930999999999813,0.25,0.10921829519999998,-23.290218295199814,-1.333315298072472,0.6574251851527441,0.8600000000000136,56264.14333327488,56240.853114979676
NVDA,2024-08-23 00:00:00-04:00,long,2024-08-23 09:49:00-04:00,127.10081999999998,2024-08-23 10:28:00-04:00,129.23074701599995,target,110,126.01,129.28245999999996,1.0908199999999795,40,234.29197175999647,1.1,0.11372305737407995,233.0782487026224,1.9424773748408353,0.7591226422107076,2.0,56240.853114979676,56473.9313636823
META,2024-08-23 00:00:00-04:00,long,2024-08-23 09:49:00-04:00,535.584148,2024-08-23 10:06:00-04:00,532.18704,stop,26,532.4,541.9524440000001,3.18414800000005,18,-88.32480800000008,0.26,0.11069490432,-88.69550290432008,-1.0713589620582804,0.3600381306144544,4.0,56473.9313636823,56385.23586077798
QQQ,2024-08-23 00:00:00-04:00,long,2024-08-23 10:01:00-04:00,475.930296,2024-08-23 10:47:00-04:00,473.56050000000005,stop,29,473.75,480.290888,2.1802959999999985,47,-68.72408399999858,0.29,0.109866036,-69.12395003599859,-1.0932389381991954,0.5559777162579952,1.3799999999999955,56385.23586077798,56316.11191074199
AMZN,2024-08-23 00:00:00-04:00,long,2024-08-23 10:03:00-04:00,178.20125199999998,2024-08-23 10:06:00-04:00,177.15910800000003,stop,79,177.23000000000002,180.1437559999999,0.9712519999999643,4,-82.3293759999961,0.79,0.11196455625600002,-83.2313405562521,-1.0847455375782902,0.4380678951316593,1.4000000000000057,56316.11191074199,56232.880570185735
QQQ,2024-08-26 00:00:00-04:00,short,2024-08-26 09:46:00-04:00,473.750424,2024-08-26 10:10:00-04:00,472.0500165088,target,29,474.695,471.86127200000004,0.9445759999999837,25,49.3118172447999,0.29,0.109910098368,48.9119071464319,1.785581560200583,0.5026678289116776,1.3899999999999864,56232.880570185735,56281.792477332165
AMZN,2024-08-26 00:00:00-04:00,short,2024-08-26 09:46:00-04:00,176.19949200000002,2024-08-26 10:34:00-04:00,174.74014411040005,target,79,176.9641,174.67027600000006,0.7646079999999813,49,115.28848327839748,0.79,0.111358078944,114.38712519945348,1.893700162258312,0.4091131548950372,1.008199999999988,56281.792477332165,56396.17960253162
SPY,2024-08-26 00:00:00-04:00,short,2024-08-26 09:55:00-04:00,549.5301000000001,2024-08-26 10:34:00-04:00,548.2094961200003,target,25,550.3,547.9903000000003,0.7698999999998932,40,33.01509699999485,0.25,0.10990602000000001,32.655190979994856,1.6965938942719514,0.8502307366315693,1.080000000000041,56396.17960253162,56428.83479351162
NVDA,2024-08-26 00:00:00-04:00,short,2024-08-26 09:55:00-04:00,128.6985,2024-08-26 10:31:00-04:00,126.03589419999997,target,109,130.055,125.98549999999997,1.3565000000000111,37,290.2240322000025,1.09,0.11222509199999998,289.0218071080025,1.954718917803171,0.9357000644230267,1.9699999999999989,56428.83479351162,56717.85660061962
META,2024-08-26 00:00:00-04:00,short,2024-08-26 10:09:00-04:00,515.5337040000001,2024-08-26 11:08:00-04:00,516.2664239999999,time,27,520.64,505.3211120000002,5.106295999999929,60,-19.783439999996176,0.27,0.111355280064,-20.164795280060176,-0.1462594940896236,0.6537974755638638,7.740000000000009,56717.85660061962,56697.69180533956
QQQ,2024-08-27 00:00:00-04:00,short,2024-08-27 09:46:00-04:00,466.823196,2024-08-27 09:49:00-04:00,468.327256,stop,30,468.14,464.189588,1.3168039999999905,4,-45.12179999999944,0.3,0.11203756704,-45.533837567039434,-1.152635157220051,0.6160246258906528,2.0,56697.69180533956,56652.15796777252
NVDA,2024-08-27 00:00:00-04:00,short,2024-08-27 09:46:00-04:00,124.04036400000001,2024-08-27 09:50:00-04:00,125.35011999999999,stop,114,125.3,121.52109200000004,1.2596359999999862,5,-149.3121839999976,1.1400000000000001,0.113124811968,-150.56530881196556,-1.048515859273626,0.7732695526464035,2.1200000000000045,56652.15796777252,56501.59265896055
AMZN,2024-08-27 00:00:00-04:00,short,2024-08-27 09:46:00-04:00,172.52096400000002,2024-08-27 10:29:00-04:00,173.90453399999998,stop,81,173.83499999999998,169.8928920000001,1.314035999999959,44,-112.06916999999703,0.81,0.11179358467200001,-112.99096358466903,-1.0615768272041306,0.5955515144673543,2.109999999999985,56501.59265896055,56388.60169537588
META,2024-08-27 00:00:00-04:00,long,2024-08-27 09:51:00-04:00,515.866264,2024-08-27 10:30:00-04:00,519.7807964831999,target,27,513.8050000000001,519.9887919999999,2.0612639999999374,40,105.6923770463967,0.27,0.11227265204037117,105.31010439435633,1.8922244976034757,0.36959698851625533,3.8700000000000045,56388.60169537588,56493.911799770234
SPY,2024-08-27 00:00:00-04:00,long,2024-08-27 09:53:00-04:00,547.048732,2024-08-27 10:52:00-04:00,548.020704,time,25,546.01,549.1261959999999,1.0387319999999818,60,24.299300000001267,0.25,0.1096041408,23.93969585920127,0.921881519360208,0.554786116115295,1.259999999999991,56493.911799770234,56517.85149562944
QQQ,2024-08-28 00:00:00-04:00,short,2024-08-28 09:46:00-04:00,469.96193999999997,2024-08-28 10:45:00-04:00,468.417292,time,30,471.21000000000004,467.46581999999984,1.2480600000000663,60,46.339439999999854,0.3,0.11279086559999998,45.92664913439986,1.2266143490536625,0.4278754913325534,1.7199999999999704,56517.85149562944,56563.77814476384
NVDA,2024-08-28 00:00:00-04:00,short,2024-08-28 09:46:00-04:00,126.769272,2024-08-28 10:45:00-04:00,125.66024399999999,time,111,127.545,125.217816,0.7757280000000009,60,123.10210800000102,1.11,0.112571113536,121.87953688646502,1.4154624376379452,0.638730999540242,1.1500000000000057,56563.77814476384,56685.65768165031
META,2024-08-28 00:00:00-04:00,short,2024-08-28 09:46:00-04:00,512.5049160000001,2024-08-28 10:13:00-04:00,514.195596,stop,27,513.99,509.53474800000026,1.4850839999999152,28,-45.64835999999809,0.27,0.11070106185600001,-46.029061061854094,-1.1479350927813017,0.22152220970169567,2.3600000000000136,56685.65768165031,56639.62862058845
AMZN,2024-08-28 00:00:00-04:00,short,2024-08-28 09:47:00-04:00,172.226082,2024-08-28 10:46:00-04:00,171.528584,time,82,173.005,170.66824599999998,0.7789180000000044,60,57.19483599999967,0.8200000000000001,0.112980309792,56.26185569020767,0.8808631862968785,0.3214097324108606,1.3700000000000045,56639.62862058845,56695.89047627866
SPY,2024-08-28 00:00:00-04:00,short,2024-08-28 10:43:00-04:00,547.420944,2024-08-28 11:03:00-04:00,546.1512051328,target,25,548.165,545.932832,0.7440560000000005,21,31.743471679999402,0.25,0.10948418879999998,31.383987491199402,1.6871841630844657,0.3083030325658477,0.9499999999999318,56695.89047627866,56727.27446376986
META,2024-08-29 00:00:00-04:00,long,2024-08-29 09:49:00-04:00,522.4789079999999,2024-08-29 10:18:00-04:00,518.0327040000001,stop,27,518.24,530.9567239999998,4.238907999999924,30,-120.04750799999601,0.27,0.11189506406400002,-120.42940306406001,-1.0522399310463761,0.63535186327216,7.5,56727.27446376986,56606.845060705804
QQQ,2024-08-29 00:00:00-04:00,long,2024-08-29 09:50:00-04:00,471.378476,2024-08-29 10:18:00-04:00,469.26222,stop,30,469.45,475.23542799999996,1.9284759999999892,29,-63.48767999999893,0.3,0.1126229328,-63.90030293279893,-1.104504332830679,1.227195942094322,3.159999999999968,56606.845060705804,56542.944757773
SPY,2024-08-29 00:00:00-04:00,short,2024-08-29 09:53:00-04:00,546.301392,2024-08-29 09:55:00-04:00,547.5689399999999,stop,25,547.3499999999999,544.2041760000001,1.0486079999999447,3,-31.688699999997993,0.25,0.1092602784,-32.047960278397994,-1.2224953568311394,0.8019697736348191,1.3799999999999955,56542.944757773,56510.896797494606
NVDA,2024-08-29 00:00:00-04:00,short,2024-08-29 10:19:00-04:00,119.38222800000001,2024-08-29 10:48:00-04:00,121.89873999999999,stop,114,121.85,114.44668400000005,2.4677719999999823,30,-286.8823679999974,1.1400000000000001,0.10887659193600001,-288.1312445919334,-1.0241898594456844,1.647899947610864,4.760000000000005,56510.896797494606,56222.765552902674
AMZN,2024-08-29 00:00:00-04:00,short,2024-08-29 10:19:00-04:00,172.03116,2024-08-29 10:28:00-04:00,172.89913199999998,stop,81,172.82999999999998,170.43348000000003,0.7988399999999842,10,-70.30573199999841,0.81,0.11147619168,-71.22720819167841,-1.1007814446948048,0.6093910034633124,1.460000000000008,56222.765552902674,56151.53834471099
QQQ,2024-08-30 00:00:00-04:00,long,2024-08-30 09:46:00-04:00,470.84826400000003,2024-08-30 09:50:00-04:00,469.597086,stop,29,469.78499999999997,472.97479200000015,1.0632640000000606,5,-36.28416200000112,0.29,0.108946523952,-36.683108523953116,-1.1896714049266846,0.7187866409619244,1.4699999999999704,56151.53834471099,56114.85523618704
NVDA,2024-08-30 00:00:00-04:00,long,2024-08-30 09:46:00-04:00,120.518188,2024-08-30 10:20:00-04:00,119.28226800000002,stop,116,119.33000000000001,122.89456399999996,1.1881879999999825,35,-143.36671999999754,1.16,0.110693944704,-144.63741394470154,-1.049391391045859,0.8951752799434599,2.1400000000000006,56114.85523618704,55970.21782224234
META,2024-08-30 00:00:00-04:00,short,2024-08-30 09:51:00-04:00,515.053896,2024-08-30 10:49:00-04:00,518.197196,stop,27,517.99,509.181688,2.9361040000000003,59,-84.86909999999875,0.27,0.11125164153599999,-85.25035164153475,-1.0753775857966725,0.3955567928952324,4.1200000000000045,55970.21782224234,55884.9674706008
AMZN,2024-08-30 00:00:00-04:00,long,2024-08-30 09:52:00-04:00,174.949952,2024-08-30 10:51:00-04:00,174.55015200000003,time,79,173.70850000000002,177.43285599999996,1.2414519999999811,60,-31.58419999999768,0.79,0.11031569606400002,-32.48451569606168,-0.3312221505269449,0.6334393697910989,2.217000000000013,55884.9674706008,55852.48295490474
SPY,2024-08-30 00:00:00-04:00,long,2024-08-30 10:01:00-04:00,549.2796239999999,2024-08-30 10:21:00-04:00,547.965726,stop,25,548.185,551.4688719999998,1.0946239999999534,21,-32.847449999997025,0.25,0.10959314519999999,-33.20704314519703,-1.2134593484227805,0.6649236045032405,1.4499999999999318,55852.48295490474,55819.27591175955
META,2024-09-03 00:00:00-04:00,long,2024-09-03 09:46:00-04:00,520.898276,2024-09-03 09:54:00-04:00,517.49292,stop,26,517.7,527.2948279999999,3.1982759999999644,9,-88.53925599999957,0.26,0.10763852736,-88.90689452735957,-1.0691684968276727,0.9847584220204514,4.32000000000005,55819.27591175955,55730.36901723219
SPY,2024-09-03 00:00:00-04:00,short,2024-09-03 09:49:00-04:00,546.041496,2024-09-03 10:13:00-04:00,544.2420977952003,target,25,547.05,544.0244880000002,1.0085039999999026,25,44.98495511999465,0.25,0.1092082992,44.62574682079465,1.7699779800892792,0.8367195309624648,1.5400000000000773,55730.36901723219,55774.99476405298
QQQ,2024-09-03 00:00:00-04:00,short,2024-09-03 09:55:00-04:00,464.853984,2024-09-03 10:54:00-04:00,461.14438399999995,time,29,466.94,460.6819520000001,2.0860159999999723,60,107.57840000000232,0.29,0.107846124288,107.18055387571431,1.771741524575137,1.1456877407302413,2.9600000000000364,55774.99476405298,55882.17531792869
NVDA,2024-09-03 00:00:00-04:00,short,2024-09-03 10:15:00-04:00,111.70530000000001,2024-09-03 11:14:00-04:00,111.134436,time,125,113.925,107.26590000000003,2.219699999999989,60,71.35800000000181,1.25,0.1117053,69.99629470000181,0.25227299076452553,1.4217874899108407,4.189999999999998,55882.17531792869,55952.17161262869
AMZN,2024-09-03 00:00:00-04:00,short,2024-09-03 10:50:00-04:00,176.02956,2024-09-03 11:49:00-04:00,175.910336,time,79,177.135,173.81868000000003,1.1054399999999873,60,9.41869600000021,0.79,0.11125068192,8.517445318080211,0.09753199044724627,0.9338670940930056,1.9300000000000068,55952.17161262869,55960.68905794677
NVDA,2024-09-04 00:00:00-04:00,long,2024-09-04 09:46:00-04:00,106.912748,2024-09-04 10:45:00-04:00,108.73648800000001,time,130,105.315,110.10824399999998,1.5977479999999957,60,237.08620000000195,1.3,0.11308594752000001,235.67311405248194,1.134640824520525,1.4742308384284628,2.730000000000004,55960.68905794677,56196.36217199925
QQQ,2024-09-04 00:00:00-04:00,long,2024-09-04 09:49:00-04:00,456.57255599999996,2024-09-04 10:00:00-04:00,454.583094,stop,30,454.765,460.1876679999999,1.8075559999999768,12,-59.68385999999839,0.3,0.10909994256000001,-60.09295994255839,-1.1081806952326634,1.0401984751238593,2.569999999999993,56196.36217199925,56136.26921205669
SPY,2024-09-04 00:00:00-04:00,long,2024-09-04 09:57:00-04:00,539.805836,2024-09-04 10:00:00-04:00,538.20963,stop,25,538.425,542.5675080000001,1.3808360000000448,4,-39.9051500000013,0.25,0.10764192599999999,-40.2627919260013,-1.1663308872596019,0.9779887101402386,2.269999999999982,56136.26921205669,56096.00642013069
AMZN,2024-09-04 00:00:00-04:00,short,2024-09-04 10:01:00-04:00,173.120724,2024-09-04 10:03:00-04:00,174.129624,stop,81,174.06,171.24217199999998,0.9392760000000067,3,-81.72090000000091,0.81,0.11218222915199999,-82.64308222915291,-1.086246178750446,0.8884986073326543,1.5600000000000023,56096.00642013069,56013.36333790154
META,2024-09-04 00:00:00-04:00,long,2024-09-04 10:17:00-04:00,508.06314399999997,2024-09-04 11:16:00-04:00,510.17584800000003,time,27,504.21,515.7694319999999,3.853143999999986,60,57.04300800000175,0.27,0.110197983168,56.662810016833745,0.5446520019018423,0.8418793607263638,7.0,56013.36333790154,56070.02614791837
QQQ,2024-09-05 00:00:00-04:00,long,2024-09-05 09:55:00-04:00,457.96311199999997,2024-09-05 10:54:00-04:00,456.937152,time,30,455.98,461.92933599999986,1.9831119999999487,60,-30.778799999998228,0.3,0.10966491648,-31.188464916478228,-0.524234383744321,1.0356300931694586,3.5400000000000205,56070.02614791837,56038.83768300189
AMZN,2024-09-05 00:00:00-04:00,long,2024-09-05 09:59:00-04:00,178.48136399999999,2024-09-05 10:58:00-04:00,177.968784,time,78,176.635,182.17409199999997,1.8463639999999941,60,-39.98123999999888,0.78,0.11105252121599998,-40.87229252121488,-0.28380305848250253,1.515753434819406,3.289999999999992,56038.83768300189,55997.96539048068
SPY,2024-09-05 00:00:00-04:00,long,2024-09-05 10:01:00-04:00,540.195992,2024-09-05 10:46:00-04:00,538.3995540000001,stop,25,538.615,543.3579760000001,1.5809920000000375,46,-44.91094999999916,0.25,0.10767991080000001,-45.26862991079916,-1.1453221752114644,1.1258133900732896,1.4500000000000455,55997.96539048068,55952.696760569874
NVDA,2024-09-05 00:00:00-04:00,long,2024-09-05 10:01:00-04:00,109.2937,2024-09-05 11:00:00-04:00,107.117136,time,107,106.685,114.5111,2.608699999999999,60,-232.8923479999999,1.07,0.091692268416,-234.05404026841592,-0.8385099617004639,1.1753129121963142,4.189999999999998,55952.696760569874,55718.64272030146
META,2024-09-05 00:00:00-04:00,long,2024-09-05 10:31:00-04:00,517.8770679999999,2024-09-05 11:00:00-04:00,512.424948,stop,26,512.63,528.3712039999997,5.247067999999899,30,-141.755119999998,0.26,0.106584389184,-142.12170438918199,-1.0417664492977845,1.0426699794940832,9.779999999999973,55718.64272030146,55576.52101591228
META,2024-09-06 00:00:00-04:00,short,2024-09-06 09:49:00-04:00,512.834784,2024-09-06 10:48:00-04:00,505.15198,time,27,517.5250000000001,503.45435199999986,4.690216000000078,60,207.4357080000009,0.27,0.110772313344,207.05493568665688,1.6350422500217272,0.8242959872026039,7.1299999999999955,55576.52101591228,55783.575951598934
AMZN,2024-09-06 00:00:00-04:00,short,2024-09-06 09:52:00-04:00,176.494374,2024-09-06 10:28:00-04:00,174.57292324879995,target,79,177.49,174.50312199999996,0.9956260000000157,37,151.79460934480323,0.79,0.111544444368,150.89306490043523,1.918430009067673,0.676426033376292,1.7800000000000011,55783.575951598934,55934.469016499366
SPY,2024-09-06 00:00:00-04:00,short,2024-09-06 09:55:00-04:00,535.465728,2024-09-06 10:33:00-04:00,532.0399148735999,target,26,537.2850000000001,531.8271839999999,1.819272000000069,39,89.0711412864041,0.26,0.11137687142399999,88.6997644149801,1.875216790329334,1.455522047077655,3.07000000000005,55934.469016499366,56023.16878091435
NVDA,2024-09-06 00:00:00-04:00,short,2024-09-06 09:55:00-04:00,104.4582,2024-09-06 10:54:00-04:00,102.21086799999999,time,134,106.25,100.87460000000002,1.791799999999995,60,301.1424880000019,1.34,0.1119791904,299.6905088096019,1.2481841357294456,1.048605238489936,3.4399999999999977,56023.16878091435,56322.85928972395
QQQ,2024-09-06 00:00:00-04:00,short,2024-09-06 10:00:00-04:00,450.96954,2024-09-06 10:59:00-04:00,446.22841999999997,time,31,454.025,444.85862000000003,3.0554599999999823,60,146.97472000000073,0.31,0.11184044591999999,146.55287955408073,1.5472342114379016,1.445530897595287,4.810000000000002,56322.85928972395,56469.41216927803
META,2024-09-09 00:00:00-04:00,long,2024-09-09 09:48:00-04:00,505.882272,2024-09-09 10:30:00-04:00,503.12367,stop,27,503.325,510.996816,2.5572720000000118,43,-74.4822539999999,0.27,0.10867471272,-74.8609287127199,-1.0842127819645244,0.7655587875730308,4.769999999999982,56469.41216927803,56394.55124056531
NVDA,2024-09-09 00:00:00-04:00,short,2024-09-09 09:50:00-04:00,104.618136,2024-09-09 09:52:00-04:00,105.56721,stop,134,105.525,102.80440800000001,0.9068639999999988,3,-127.17591599999946,1.34,0.112150641792,-128.62806664179146,-1.0584949287743226,0.9366218764984815,1.6899999999999977,56394.55124056531,56265.923173923526
AMZN,2024-09-09 00:00:00-04:00,long,2024-09-09 09:51:00-04:00,175.30009199999998,2024-09-09 10:07:00-04:00,174.300252,stop,80,174.37,177.16027599999993,0.9300919999999735,17,-79.98719999999821,0.8,0.11155216127999999,-80.89875216127821,-1.087241264322246,0.8050275500963069,1.6800000000000068,56265.923173923526,56185.024421762246
QQQ,2024-09-09 00:00:00-04:00,long,2024-09-09 09:58:00-04:00,449.60977199999996,2024-09-09 10:19:00-04:00,448.405566,stop,31,448.585,451.65931599999993,1.0247719999999845,22,-37.330385999998214,0.31,0.111204580368,-37.75159058036622,-1.1883553068662698,1.0345289152540302,1.6299999999999955,56185.024421762246,56147.27283118188
SPY,2024-09-09 00:00:00-04:00,long,2024-09-09 09:59:00-04:00,532.993112,2024-09-09 10:30:00-04:00,531.8321820000001,stop,26,532.0450000000001,534.8893359999998,0.9481119999999237,32,-30.18417999999724,0.26,0.11062109385600001,-30.554801093853243,-1.239499824341416,1.164669650578352,1.1899999999999409,56147.27283118188,56116.71803008803
NVDA,2024-09-10 00:00:00-04:00,short,2024-09-10 09:51:00-04:00,106.527372,2024-09-10 10:50:00-04:00,106.522592,time,131,107.92,103.742116,1.392628000000002,60,0.6261799999995645,1.31,0.111640685856,-0.7954606858564355,-0.004360259147455972,0.9427952518553936,2.5999999999999943,56116.71803008803,56115.92256940217
AMZN,2024-09-10 00:00:00-04:00,long,2024-09-10 09:56:00-04:00,179.8279024,2024-09-10 10:13:00-04:00,178.313646,stop,78,178.385,182.71370720000002,1.4429024000000084,18,-118.1119991999995,0.78,0.11126771510399999,-119.00326691510351,-1.0573708306036396,1.2085256007716767,2.6699999999999875,56115.92256940217,55996.91930248707
SPY,2024-09-10 00:00:00-04:00,short,2024-09-10 10:03:00-04:00,534.8759640000001,2024-09-10 10:13:00-04:00,533.8113311568,target,26,535.5150000000001,533.597892,0.6390360000000328,11,27.680453923203004,0.26,0.11125420051200001,27.309199722691,1.6436536212170543,0.900644195012978,0.8700000000000045,55996.91930248707,56024.22850220976
META,2024-09-10 00:00:00-04:00,short,2024-09-10 10:12:00-04:00,503.508516,2024-09-10 11:11:00-04:00,499.47971199999995,time,27,507.31,495.90554799999995,3.8014840000000163,60,108.77770800000098,0.27,0.108757839456,108.39895016054498,1.0561075442832377,0.9739984545439379,6.17999999999995,56024.22850220976,56132.6274523703
QQQ,2024-09-10 00:00:00-04:00,short,2024-09-10 10:14:00-04:00,450.18985200000003,2024-09-10 10:29:00-04:00,452.050748,stop,31,451.87,446.8295560000001,1.6801479999999742,16,-57.68777599999902,0.31,0.11164708329600001,-58.10942308329502,-1.1156740470577575,0.8871949745684851,2.3999999999999773,56132.6274523703,56074.518029287006
SPY,2024-09-11 00:00:00-04:00,short,2024-09-11 09:47:00-04:00,532.4569319999999,2024-09-11 10:30:00-04:00,528.4721003183998,target,26,534.555,528.2607959999999,2.098068000000012,44,103.60562372160257,0.26,0.11075104185599997,103.23487267974656,1.8924896743785595,1.0138176150741685,2.990000000000009,56074.518029287006,56177.752901966756
QQQ,2024-09-11 00:00:00-04:00,short,2024-09-11 09:47:00-04:00,452.45894400000003,2024-09-11 10:15:00-04:00,449.4965587328001,target,31,454.03,449.31683200000015,1.5710559999999418,29,91.83394328319753,0.31,0.11220981811200001,91.41173346508552,1.876932200792352,1.0067947314840233,2.2800000000000296,56177.752901966756,56269.16463543184
NVDA,2024-09-11 00:00:00-04:00,short,2024-09-11 10:11:00-04:00,109.066356,2024-09-11 11:10:00-04:00,108.61342799999998,time,128,110.455,106.289068,1.3886439999999993,60,57.97478400000182,1.28,0.11168394854399999,56.58310005145782,0.3183360668047494,1.076971178920785,2.5900000000000034,56269.16463543184,56325.7477354833
META,2024-09-11 00:00:00-04:00,short,2024-09-11 10:15:00-04:00,498.45054,2024-09-11 11:14:00-04:00,496.168388,time,28,502.375,490.60161999999997,3.9244600000000105,60,63.9002559999999,0.28,0.11165292096,63.5086030790399,0.577955794091414,0.5891753472902541,4.1299999999999955,56325.7477354833,56389.25633856234
AMZN,2024-09-11 00:00:00-04:00,short,2024-09-11 10:15:00-04:00,177.4609872,2024-09-11 11:14:00-04:00,177.01557791999997,time,79,178.91500000000002,174.55296159999997,1.4540128000000152,60,35.18733312000279,0.79,0.1121553439104,34.28517777609239,0.29847714690161653,1.0068186854810406,2.6699999999999875,56389.25633856234,56423.54151633844
SPY,2024-09-12 00:00:00-04:00,short,2024-09-12 09:47:00-04:00,541.1034720000001,2024-09-12 10:12:00-04:00,542.281826,stop,26,542.065,539.1804160000003,0.9615279999999302,26,-30.637203999997382,0.26,0.11254952217600002,-31.009753522173384,-1.2404036364785902,1.0078825575643846,0.8700000000000045,56423.54151633844,56392.53176281627
QQQ,2024-09-12 00:00:00-04:00,short,2024-09-12 09:50:00-04:00,462.35498400000006,2024-09-12 09:53:00-04:00,463.705408,stop,30,463.52,460.0249520000002,1.1650159999999232,4,-40.51271999999756,0.3,0.11096519616000002,-40.92368519615756,-1.170904811497875,0.8928773377657637,1.8799999999999955,56392.53176281627,56351.60807762011
NVDA,2024-09-12 00:00:00-04:00,long,2024-09-12 10:00:00-04:00,118.12723199999999,2024-09-12 10:59:00-04:00,118.392624,time,119,116.575,121.23169599999997,1.5522319999999894,60,31.58164800000067,1.19,0.11270977804799999,30.278938221952668,0.16392192598014174,1.031898479064438,2.75,56351.60807762011,56381.88701584207
META,2024-09-12 00:00:00-04:00,long,2024-09-12 10:13:00-04:00,516.8966760000001,2024-09-12 11:12:00-04:00,516.84318,time,27,514.2249999999999,522.2400280000004,2.6716760000001614,60,-1.4443920000029493,0.27,0.11163812688,-1.8260301268829493,-0.025313977233805726,1.2750648051729512,4.889999999999986,56381.88701584207,56380.06098571519
SPY,2024-09-13 00:00:00-04:00,long,2024-09-13 09:48:00-04:00,548.349252,2024-09-13 10:00:00-04:00,546.9611280000001,stop,25,547.1800000000001,550.6877559999998,1.169251999999915,13,-34.70309999999586,0.25,0.10939222560000003,-35.062492225595854,-1.1994845328671118,0.9361700469581198,1.3799999999999955,56380.06098571519,56344.99849348959
AMZN,2024-09-13 00:00:00-04:00,long,2024-09-13 09:48:00-04:00,188.355312,2024-09-13 10:47:00-04:00,187.644912,time,74,186.975,191.115936,1.3803120000000035,60,-52.56959999999947,0.74,0.11108578790399999,-53.42068578790347,-0.5229985389506075,0.8325512388663056,2.1299999999999955,56344.99849348959,56291.57780770169
QQQ,2024-09-13 00:00:00-04:00,long,2024-09-13 10:08:00-04:00,470.017932,2024-09-13 10:30:00-04:00,468.36757800000004,stop,29,468.555,472.9437959999999,1.4629319999999666,23,-47.86026599999815,0.29,0.108661278096,-48.25892727809415,-1.1375107938195173,0.7246127317487308,2.409999999999968,56291.57780770169,56243.31888042359
NVDA,2024-09-13 00:00:00-04:00,short,2024-09-13 10:31:00-04:00,117.622932,2024-09-13 10:44:00-04:00,119.01758799999999,stop,119,118.97,114.92879600000002,1.347067999999993,14,-165.96406399999802,1.19,0.111977031264,-167.266041031262,-1.0434491677153568,0.7084868346734887,1.5999999999999943,56243.31888042359,56076.05283939233
SPY,2024-09-16 00:00:00-04:00,long,2024-09-16 09:53:00-04:00,549.5397280000001,2024-09-16 10:26:00-04:00,548.250612,stop,25,548.47,551.6791840000002,1.0697280000000546,34,-32.227900000000886,0.25,0.10965012240000001,-32.587550122400884,-1.2185359314666615,0.9923063645688274,1.2799999999999727,56076.05283939233,56043.46528926993
AMZN,2024-09-16 00:00:00-04:00,long,2024-09-16 09:53:00-04:00,185.64923,2024-09-16 10:26:00-04:00,184.37622,stop,75,184.45,188.04769,1.19923,34,-95.47574999999995,0.75,0.11062573199999999,-96.33637573199995,-1.0710914584858613,1.0980784166194943,1.799999999999983,56043.46528926993,55947.128913537934
QQQ,2024-09-16 00:00:00-04:00,long,2024-09-16 09:55:00-04:00,468.57735599999995,2024-09-16 10:26:00-04:00,466.823196,stop,29,467.01,471.7120679999999,1.5673559999999611,32,-50.87063999999873,0.29,0.108302981472,-51.26894298147073,-1.127947055785667,1.0008352523078605,2.7200000000000273,55947.128913537934,55895.85997055646
NVDA,2024-09-16 00:00:00-04:00,long,2024-09-16 09:57:00-04:00,116.826712,2024-09-16 10:56:00-04:00,116.38342800000001,time,119,115.41,119.66013600000001,1.416712000000004,60,-52.75079599999897,1.19,0.11079702345600001,-54.05159302345497,-0.320612140946071,1.0229749223842333,2.4599999999999937,55895.85997055646,55841.80837753301
META,2024-09-17 00:00:00-04:00,long,2024-09-17 09:47:00-04:00,538.61536,2024-09-17 10:00:00-04:00,535.280802,stop,25,535.495,544.85608,3.120360000000005,14,-83.36395000000039,0.25,0.10705616039999999,-83.72100616040039,-1.073222399471859,1.6828053149248152,5.269999999999982,55841.80837753301,55758.08737137261
NVDA,2024-09-17 00:00:00-04:00,short,2024-09-17 09:49:00-04:00,116.84324400000001,2024-09-17 10:45:00-04:00,117.84711999999999,stop,119,117.8,114.92973200000004,0.9567559999999844,57,-119.46124399999725,1.19,0.111234768288,-120.76247876828525,-1.060678737266339,0.6387010088332189,1.6200000000000045,55758.08737137261,55637.32489260432
QQQ,2024-09-17 00:00:00-04:00,short,2024-09-17 09:50:00-04:00,470.021916,2024-09-17 10:04:00-04:00,471.4635099999999,stop,29,471.275,467.515748,1.2530840000000012,15,-41.80622599999862,0.29,0.109045084512,-42.20527108451061,-1.161417890044044,0.8524012146771937,1.650000000000034,55637.32489260432,55595.119621519814
SPY,2024-09-17 00:00:00-04:00,short,2024-09-17 09:54:00-04:00,551.12946,2024-09-17 10:04:00-04:00,552.215798,stop,25,551.995,549.39838,0.86554000000001,11,-27.15844999999888,0.25,0.11022589199999999,-27.51867589199888,-1.271746003281122,0.9234960074534209,0.9500000000000455,55595.119621519814,55567.60094562782
AMZN,2024-09-17 00:00:00-04:00,long,2024-09-17 10:39:00-04:00,188.98556399999998,2024-09-17 11:38:00-04:00,188.00946612,time,73,187.60000000000002,191.7566919999999,1.3855639999999596,60,-71.25514523999774,0.73,0.10979752821408001,-72.09494276821182,-0.7127797458139485,1.2351440401489882,2.5200000000000102,55567.60094562782,55495.506002859605
AMZN,2024-09-18 00:00:00-04:00,long,2024-09-18 10:04:00-04:00,186.934744,2024-09-18 11:03:00-04:00,187.135116,time,74,185.91,188.984232,1.0247439999999983,60,14.827528000001166,0.74,0.110783988672,13.976744011329165,0.18431424733593565,0.7103283188989742,1.6999999999999886,55495.506002859605,55509.48274687093
SPY,2024-09-18 00:00:00-04:00,short,2024-09-18 10:12:00-04:00,549.110268,2024-09-18 10:43:00-04:00,550.4701,stop,25,550.25,546.8308040000001,1.1397319999999809,32,-33.995799999999576,0.25,0.1098220536,-34.355622053599575,-1.2057438785117958,0.6498893386971497,1.2200000000000273,55509.48274687093,55475.127124817336
QQQ,2024-09-18 00:00:00-04:00,short,2024-09-18 10:12:00-04:00,467.902764,2024-09-18 10:30:00-04:00,469.297644,stop,29,469.11,465.48829199999994,1.207236000000023,19,-40.451520000000016,0.29,0.108553441248,-40.850073441248014,-1.1668167799104512,0.6473052652280445,1.579999999999984,55475.127124817336,55434.27705137609
SPY,2024-09-19 00:00:00-04:00,short,2024-09-19 09:47:00-04:00,555.17784,2024-09-19 10:03:00-04:00,557.087746,stop,24,556.865,551.8035199999998,1.6871600000000626,17,-45.8377440000022,0.24,0.10659414528,-46.184338145282204,-1.1405838347993198,1.6054687354724326,1.990000000000009,55434.27705137609,55388.092713230806
QQQ,2024-09-19 00:00:00-04:00,short,2024-09-19 09:51:00-04:00,475.879572,2024-09-19 10:03:00-04:00,477.420892,stop,29,477.23,473.17871599999995,1.3504280000000222,13,-44.698279999999556,0.29,0.110404060704,-45.098684060703555,-1.1515808592357084,1.8199568585995138,1.6399999999999864,55388.092713230806,55342.994029170106
META,2024-09-19 00:00:00-04:00,short,2024-09-19 09:52:00-04:00,543.652452,2024-09-19 10:15:00-04:00,547.2688199999999,stop,25,547.05,536.8573560000002,3.397547999999915,24,-90.4091999999963,0.25,0.1087304904,-90.76793049039631,-1.0686286756260523,1.960379257803853,6.139999999999986,55342.994029170106,55252.22609867971
AMZN,2024-09-19 00:00:00-04:00,short,2024-09-19 09:52:00-04:00,189.02436,2024-09-19 10:15:00-04:00,189.90093,stop,73,189.825,187.42308000000003,0.8006399999999871,24,-63.98960999999903,0.73,0.11039022624,-64.83000022623904,-1.1092153713029589,1.3364022560625182,1.1299999999999955,55252.22609867971,55187.39609845347
NVDA,2024-09-19 00:00:00-04:00,long,2024-09-19 10:19:00-04:00,119.107624,2024-09-19 11:18:00-04:00,118.892424,time,115,118.035,121.25287200000001,1.0726240000000047,60,-24.74799999999952,1.1500000000000001,0.10938103008000001,-26.00738103007952,-0.21083915649099297,1.1646154089554697,1.9300000000000068,55187.39609845347,55161.38871742339
META,2024-09-20 00:00:00-04:00,long,2024-09-20 09:51:00-04:00,560.143968,2024-09-20 09:58:00-04:00,556.667244,stop,24,556.89,566.651904,3.253967999999986,8,-83.44137599999976,0.24,0.10688011084799999,-83.78825611084775,-1.072898485157815,2.540945753749666,4.740000000000009,55161.38871742339,55077.60046131254
QQQ,2024-09-20 00:00:00-04:00,short,2024-09-20 09:57:00-04:00,477.079092,2024-09-20 10:54:00-04:00,475.4073629104,target,28,478.01,475.217276,0.9309079999999881,58,46.80841450879939,0.28,0.106865716608,46.42154879219139,1.7809627340875782,0.7419198581190044,1.1999999999999886,55077.60046131254,55124.02201010473
SPY,2024-09-20 00:00:00-04:00,short,2024-09-20 09:58:00-04:00,555.867564,2024-09-20 10:57:00-04:00,555.3920679999999,time,24,556.5899999999999,554.4226920000002,0.7224359999999024,60,11.411904000003233,0.24,0.10672657228799999,11.065177427715232,0.638186717561413,1.2181106902330403,0.8799999999999955,55124.02201010473,55135.087187532445
AMZN,2024-09-20 00:00:00-04:00,short,2024-09-20 09:59:00-04:00,189.554148,2024-09-20 10:58:00-04:00,188.360314,time,72,190.31,188.042444,0.7558520000000044,60,85.95604800000069,0.72,0.109183189248,85.12686481075269,1.5642183480575598,3.091860606408166,1.3000000000000114,55135.087187532445,55220.214052343195
NVDA,2024-09-20 00:00:00-04:00,short,2024-09-20 10:23:00-04:00,116.51337600000001,2024-09-20 11:22:00-04:00,116.00638399999998,time,118,117.595,114.35012800000003,1.0816239999999908,60,59.825056000002974,1.18,0.109988626944,58.53506737305897,0.4586250795027009,1.1114782344095602,1.6700000000000017,55220.214052343195,55278.74911971625
SPY,2024-09-23 00:00:00-04:00,short,2024-09-23 09:47:00-04:00,556.7372160000001,2024-09-23 09:48:00-04:00,557.7179979999999,stop,24,557.4949999999999,555.2216480000005,0.7577839999997877,2,-23.53876799999398,0.24,0.10689354547200003,-23.88566154546598,-1.3133503712509473,0.8930210154967717,0.8700000000000045,55278.74911971625,55254.86345817079
QQQ,2024-09-23 00:00:00-04:00,long,2024-09-23 09:50:00-04:00,479.38167599999997,2024-09-23 10:00:00-04:00,477.97873200000004,stop,28,478.17,481.8050279999999,1.2116759999999545,11,-39.28243199999815,0.28,0.10706723596800001,-39.66949923596616,-1.1692629299053439,0.7216484857859123,1.259999999999991,55254.86345817079,55215.193958934826
AMZN,2024-09-23 00:00:00-04:00,long,2024-09-23 09:50:00-04:00,192.406932,2024-09-23 10:35:00-04:00,191.353428,stop,71,191.43,194.36079600000002,0.976932000000005,46,-74.79878400000027,0.71,0.108688747104,-75.61747274710426,-1.0901831728554272,0.8948083429339639,1.7199999999999989,55215.193958934826,55139.576486187725
META,2024-09-23 00:00:00-04:00,long,2024-09-23 09:57:00-04:00,568.5173159999999,2024-09-23 10:39:00-04:00,564.7140240000001,stop,24,564.94,575.6719479999997,3.5773159999998825,43,-91.27900799999588,0.24,0.10842509260800001,-91.62743309260388,-1.067227416362422,1.227315768851222,5.239999999999895,55139.576486187725,55047.94905309512
NVDA,2024-09-23 00:00:00-04:00,short,2024-09-23 10:40:00-04:00,115.05396,2024-09-23 11:39:00-04:00,115.656244,time,119,116.03999999999999,113.08188000000003,0.9860399999999885,60,-71.67179599999969,1.19,0.10953136992,-72.97132736991969,-0.6218859596770968,0.5572372263661212,1.5400000000000063,55047.94905309512,54974.977725725206
META,2024-09-24 00:00:00-04:00,short,2024-09-24 09:50:00-04:00,554.2582080000001,2024-09-24 10:49:00-04:00,556.57254,time,24,559.575,543.6246240000002,5.316791999999964,60,-55.54396799999813,0.24,0.106417575936,-55.89038557593413,-0.4380021008277055,1.2229697924155294,9.850000000000023,54974.977725725206,54919.08734014927
SPY,2024-09-24 00:00:00-04:00,short,2024-09-24 09:51:00-04:00,557.8467720000001,2024-09-24 10:03:00-04:00,556.5828601264004,target,24,558.5899999999999,556.3603160000005,0.7432279999998173,13,30.33388496639236,0.24,0.10710658022400002,29.986778386168364,1.6811114482016138,0.9162374348447079,0.8999999999999773,54919.08734014927,54949.07411853544
AMZN,2024-09-24 00:00:00-04:00,short,2024-09-24 09:53:00-04:00,192.29964936000002,2024-09-24 10:52:00-04:00,191.646628,time,71,193.905,189.08894808000005,1.6053506399999833,60,46.36451656000179,0.71,0.10922620083648,45.54529035916531,0.3995905609787229,1.0882993213241077,2.930000000000007,54949.07411853544,54994.61940889461
QQQ,2024-09-24 00:00:00-04:00,short,2024-09-24 09:58:00-04:00,478.948344,2024-09-24 10:03:00-04:00,477.3358900128,target,28,479.85,477.145032,0.9016560000000027,6,45.14871164160036,0.28,0.107284429056,44.761427212544355,1.7729848195409423,0.5818929092859996,1.3599999999999568,54994.61940889461,55039.38083610715
NVDA,2024-09-24 00:00:00-04:00,short,2024-09-24 10:04:00-04:00,116.113536,2024-09-24 11:03:00-04:00,115.84631999999999,time,118,116.825,114.69060799999998,0.7114640000000065,60,31.531488000000564,1.18,0.10961117798399998,30.241876822016565,0.36022496108306595,0.570785244913998,1.210000000000008,55039.38083610715,55069.622712929166
META,2024-09-25 00:00:00-04:00,long,2024-09-25 09:46:00-04:00,564.955892,2024-09-25 10:45:00-04:00,566.893152,time,24,562.01,570.8476759999999,2.945891999999958,60,46.4942400000009,0.24,0.10884348518399999,46.145396514816895,0.6526800218012285,0.7330559560324725,3.019999999999982,55069.622712929166,55115.76810944398
NVDA,2024-09-25 00:00:00-04:00,long,2024-09-25 09:47:00-04:00,123.17925199999999,2024-09-25 10:46:00-04:00,124.60014000000001,time,111,122.215,125.10775599999997,0.9642519999999877,60,157.71856800000214,1.11,0.11064492432,156.4979230756821,1.4621605128950077,1.0321272579905456,1.5900000000000034,55115.76810944398,55272.26603251966
AMZN,2024-09-25 00:00:00-04:00,short,2024-09-25 09:51:00-04:00,192.482976,2024-09-25 10:14:00-04:00,193.42223796,stop,71,193.3449,190.75912800000003,0.8619239999999877,24,-66.68759915999871,0.71,0.10933033036800001,-67.5069294903667,-1.1031156155391837,0.6908232480183228,1.2098000000000013,55272.26603251966,55204.7591030293
QQQ,2024-09-25 00:00:00-04:00,long,2024-09-25 09:57:00-04:00,482.422892,2024-09-25 10:56:00-04:00,482.21703600000006,time,28,481.12,485.02867599999996,1.3028919999999857,60,-5.763967999997931,0.28,0.10801661606400001,-6.151984616061931,-0.16863541743132088,0.7044912223190392,1.6000000000000227,55204.7591030293,55198.60711841324
SPY,2024-09-25 00:00:00-04:00,short,2024-09-25 10:50:00-04:00,559.056288,2024-09-25 11:03:00-04:00,560.0389260000001,stop,24,559.815,557.5388639999999,0.7587120000000596,14,-23.58331200000157,0.24,0.107338807296,-23.930650807297567,-1.3142146826516345,1.0172196614060975,0.9499999999999318,55198.60711841324,55174.67646760594
QQQ,2024-09-26 00:00:00-04:00,short,2024-09-26 09:49:00-04:00,486.54530400000004,2024-09-26 10:48:00-04:00,484.163588,time,28,488.09000000000003,483.45591200000007,1.5446959999999876,60,66.68804800000112,0.28,0.108986148096,66.29906185190512,1.5328735476547224,1.3728727733276003,2.339999999999975,55174.67646760594,55240.97552945784
NVDA,2024-09-26 00:00:00-04:00,short,2024-09-26 09:49:00-04:00,125.719692,2024-09-26 09:55:00-04:00,126.69065599999999,stop,109,126.64,123.87907599999998,0.9203080000000057,7,-105.83507599999946,1.09,0.109627571424,-107.03470357142346,-1.067001218652874,1.0613996628257647,1.6599999999999966,55240.97552945784,55133.94082588642
AMZN,2024-09-26 00:00:00-04:00,short,2024-09-26 09:49:00-04:00,192.32304000000002,2024-09-26 10:34:00-04:00,190.09512764800002,target,71,193.47500000000002,190.01912000000002,1.1519600000000025,46,158.1817769920003,0.71,0.10923948672000001,157.36253750528027,1.9240023678599942,0.8634743282594123,2.1500000000000057,55133.94082588642,55291.3033633917
SPY,2024-09-26 00:00:00-04:00,short,2024-09-26 09:56:00-04:00,561.515304,2024-09-26 10:00:00-04:00,562.654972,stop,24,562.4300000000001,559.6859119999999,0.914696000000049,5,-27.35203200000069,0.24,0.107810938368,-27.69984293836869,-1.2617964027742188,1.2660461250631179,1.3799999999999955,55291.3033633917,55263.60352045333
META,2024-09-26 00:00:00-04:00,short,2024-09-26 10:01:00-04:00,567.402948,2024-09-26 11:00:00-04:00,561.0043119999999,time,24,571.56,559.0888440000002,4.157051999999908,60,153.56726400000298,0.24,0.108941366016,153.21832263398696,1.5357269469846095,1.7222660593571288,5.080000000000041,55263.60352045333,55416.82184308732
META,2024-09-27 00:00:00-04:00,short,2024-09-27 09:58:00-04:00,564.3541680000001,2024-09-27 10:57:00-04:00,563.92548,time,24,566.105,560.8525040000002,1.7508319999999458,60,10.288512000001901,0.24,0.108356000256,9.940155999745901,0.2365579145549613,0.6764981596091446,2.9300000000000637,55416.82184308732,55426.76199908706
SPY,2024-09-27 00:00:00-04:00,long,2024-09-27 10:04:00-04:00,562.2348039999999,2024-09-27 10:05:00-04:00,561.390354,stop,24,561.615,563.4744119999998,0.619803999999931,2,-20.26679999999851,0.24,0.107786947968,-20.614586947966508,-1.385827007944501,0.8221485287359226,0.75,55426.76199908706,55406.14741213909
NVDA,2024-09-27 00:00:00-04:00,short,2024-09-27 10:07:00-04:00,121.831248,2024-09-27 11:06:00-04:00,120.578212,time,113,122.945,119.60374400000002,1.113751999999991,60,141.59306800000098,1.1300000000000001,0.110135448192,140.35293255180898,1.1152045967289115,0.6260320433777322,1.7900000000000063,55406.14741213909,55546.5003446909
QQQ,2024-09-27 00:00:00-04:00,short,2024-09-27 10:13:00-04:00,484.28620800000004,2024-09-27 11:12:00-04:00,483.95350399999995,time,28,485.37,482.1186240000001,1.08379199999996,60,9.315712000002577,0.28,0.10848011059200001,8.927231889410578,0.2941797968024343,0.592655973531841,1.7200000000000273,55546.5003446909,55555.42757658031
AMZN,2024-09-27 00:00:00-04:00,short,2024-09-27 10:31:00-04:00,189.72408000000001,2024-09-27 11:23:00-04:00,188.51751685600004,target,73,190.36505,188.44214000000005,0.6409699999999816,53,88.07910951199796,0.73,0.11079886272,87.23831064927795,1.8644325808696292,0.5802647639739669,1.0699000000000183,55555.42757658031,55642.66588722959
NVDA,2024-09-30 00:00:00-04:00,long,2024-09-30 09:48:00-04:00,120.98837599999999,2024-09-30 10:09:00-04:00,119.392224,stop,114,119.44,124.08512799999997,1.5483759999999904,22,-181.9613279999988,1.1400000000000001,0.10888570828799998,-183.21021370828677,-1.0379307983280541,0.7762910203116382,2.9399999999999977,55642.66588722959,55459.455673521305
META,2024-09-30 00:00:00-04:00,short,2024-09-30 10:07:00-04:00,561.545292,2024-09-30 10:27:00-04:00,564.720798,stop,24,564.495,555.645876,2.949707999999987,21,-76.21214399999826,0.24,0.107816696064,-76.55996069606226,-1.0814624235130874,0.5505040671183776,5.25,55459.455673521305,55382.895712825244
AMZN,2024-09-30 00:00:00-04:00,short,2024-09-30 10:09:00-04:00,186.35542800000002,2024-09-30 11:08:00-04:00,184.92754144,time,74,187.495,184.07628400000004,1.139571999999987,60,105.66360544000139,0.74,0.110322413376,104.8132830266254,1.242919022734882,0.8661312144892167,1.990000000000009,55382.895712825244,55487.70899585187
QQQ,2024-09-30 00:00:00-04:00,short,2024-09-30 10:16:00-04:00,480.79760400000004,2024-09-30 11:15:00-04:00,482.24282,time,28,482.28,477.83281200000016,1.4823959999999374,60,-40.466047999998864,0.28,0.107698663296,-40.853746663294864,-0.9842595236576603,0.830879724632497,2.2199999999999704,55487.70899585187,55446.85524918858
SPY,2024-09-30 00:00:00-04:00,short,2024-09-30 10:26:00-04:00,558.566484,2024-09-30 10:30:00-04:00,559.6487699999999,stop,24,559.425,556.8494519999999,0.8585160000000087,5,-25.974863999998888,0.24,0.10724476492799999,-26.322108764926888,-1.277500398212663,0.698224893394585,1.07000000000005,55446.85524918858,55420.53314042365
SPY,2024-10-01 00:00:00-04:00,short,2024-10-01 09:46:00-04:00,557.896752,2024-10-01 10:45:00-04:00,557.07274,time,24,560.0550000000001,553.5802559999998,2.1582480000000714,60,19.776288000000932,0.24,0.10711617638399999,19.429171823616933,0.37509536716077674,1.7972990788893304,3.669999999999959,55420.53314042365,55439.96231224727
QQQ,2024-10-01 00:00:00-04:00,short,2024-10-01 09:48:00-04:00,478.15866000000005,2024-10-01 10:47:00-04:00,476.39047999999997,time,28,481.33000000000004,471.8159800000001,3.1713399999999865,60,49.509040000002415,0.28,0.10710753984,49.12193246016241,0.5531903645525531,1.3388388761165608,4.560000000000002,55439.96231224727,55489.08424470743
NVDA,2024-10-01 00:00:00-04:00,short,2024-10-01 09:48:00-04:00,119.79206400000001,2024-10-01 10:32:00-04:00,117.20305447680003,target,115,121.11,117.15619200000003,1.317935999999989,45,297.7360951679973,1.1500000000000001,0.11020869888000001,296.4758864691173,1.9561277533112367,0.6289690065597411,2.259999999999991,55489.08424470743,55785.56013117655
META,2024-10-01 00:00:00-04:00,short,2024-10-01 09:48:00-04:00,571.0914720000001,2024-10-01 10:04:00-04:00,576.60555,stop,24,576.375,560.5244160000002,5.283527999999933,17,-132.33787199999824,0.24,0.10964956262400001,-132.68752156262227,-1.0463930032690274,1.812159203286715,6.650000000000091,55785.56013117655,55652.87260961393
SPY,2024-10-02 00:00:00-04:00,long,2024-10-02 10:03:00-04:00,556.582544,2024-10-02 11:02:00-04:00,556.9671240000001,time,24,555.0899999999999,559.5676320000001,1.4925440000000663,60,9.229920000003403,0.24,0.10693768780800002,8.882982312195404,0.24798214525543327,0.8288557318993912,2.439999999999941,55652.87260961393,55661.75559192612
NVDA,2024-10-02 00:00:00-04:00,long,2024-10-02 10:04:00-04:00,117.78709599999999,2024-10-02 11:03:00-04:00,118.292664,time,118,116.28999999999999,120.78128799999999,1.497095999999999,60,59.657024000001286,1.18,0.111668274816,58.36535572518529,0.33038740246985576,0.6770342020944792,2.660000000000011,55661.75559192612,55720.1209476513
QQQ,2024-10-02 00:00:00-04:00,long,2024-10-02 10:12:00-04:00,476.920692,2024-10-02 11:11:00-04:00,478.10868000000005,time,29,475.04,480.6820759999999,1.8806919999999536,60,34.451652000002184,0.29,0.11092121376000001,34.050730786242184,0.6243250519277501,1.0487611637998548,3.1200000000000045,55720.1209476513,55754.171678437546
NVDA,2024-10-03 00:00:00-04:00,long,2024-10-03 09:46:00-04:00,122.669048,2024-10-03 10:45:00-04:00,122.06115600000001,time,113,121.305,125.397144,1.3640479999999968,60,-68.69179599999916,1.1300000000000001,0.11034328502400001,-69.93213928502315,-0.4536999352280814,1.0671637609036588,2.309999999999988,55754.171678437546,55684.23953915252
META,2024-10-03 00:00:00-04:00,long,2024-10-03 09:49:00-04:00,570.197988,2024-10-03 10:48:00-04:00,571.1514480000001,time,24,567.415,575.7639640000001,2.7829880000000458,60,22.88304000000153,0.24,0.10966107801600002,22.53337892198553,0.33736788962656267,0.5361118318142001,3.8700000000000045,55684.23953915252,55706.77291807451
SPY,2024-10-03 00:00:00-04:00,short,2024-10-03 09:52:00-04:00,555.2877960000001,2024-10-03 09:55:00-04:00,556.3874659999999,stop,25,556.165,553.5333880000003,0.8772039999998924,4,-27.491749999995818,0.25,0.11105755920000002,-27.852807559195817,-1.2700720725942534,0.674025234552626,1.1299999999999955,55706.77291807451,55678.92011051531
QQQ,2024-10-03 00:00:00-04:00,long,2024-10-03 09:55:00-04:00,477.97111199999995,2024-10-03 10:22:00-04:00,476.174454,stop,29,476.365,481.1833359999998,1.6061119999999391,28,-52.103081999997755,0.29,0.110472473328,-52.50355447332576,-1.1272360804427033,0.5820181466178422,2.6100000000000136,55678.92011051531,55626.416556041986
AMZN,2024-10-03 00:00:00-04:00,long,2024-10-03 09:56:00-04:00,183.353312,2024-10-03 10:16:00-04:00,181.929699,stop,75,182.0025,186.05493599999997,1.3508119999999906,21,-106.77097499999917,0.75,0.1091578194,-107.63013281939917,-1.0623746587918963,1.1170691615411334,2.2549999999999955,55626.416556041986,55518.786423222584
NVDA,2024-10-04 00:00:00-04:00,short,2024-10-04 09:51:00-04:00,123.290664,2024-10-04 10:50:00-04:00,123.359324,time,112,124.155,121.56199200000002,0.8643359999999944,60,-7.689919999999347,1.12,0.11046843494400001,-8.920388434943348,-0.09214741178429996,0.8571820860960155,1.289999999999992,55518.786423222584,55509.86603478764
QQQ,2024-10-04 00:00:00-04:00,short,2024-10-04 09:54:00-04:00,481.577292,2024-10-04 10:08:00-04:00,479.50360075040004,target,28,482.71,479.31187600000004,1.1327079999999796,15,58.06335498879889,0.28,0.107873313408,57.67548167539089,1.8185080632113462,1.126684405525223,1.259999999999991,55509.86603478764,55567.54151646303
SPY,2024-10-04 00:00:00-04:00,short,2024-10-04 09:55:00-04:00,559.37616,2024-10-04 10:27:00-04:00,557.4413673920002,target,24,560.4549999999999,557.2184800000002,1.0788399999999,33,46.43502259199613,0.24,0.10740022272,46.087622369276126,1.77998368499501,1.252344614994959,1.4099999999999682,55567.54151646303,55613.62913883231
AMZN,2024-10-04 00:00:00-04:00,short,2024-10-04 10:04:00-04:00,185.445792,2024-10-04 11:03:00-04:00,185.23906599999998,time,74,186.58999999999997,183.15737600000008,1.1442079999999635,60,15.297724000002347,0.74,0.10978390886400001,14.447940091138348,0.17063543836788236,1.3775816206781595,1.9000000000000057,55613.62913883231,55628.077078923445
META,2024-10-04 00:00:00-04:00,short,2024-10-04 10:11:00-04:00,579.658044,2024-10-04 11:02:00-04:00,583.128158,stop,23,582.895,573.1841320000001,3.2369559999999638,52,-79.81262199999924,0.23,0.106657080096,-80.14927908009524,-1.0765519408827324,1.2613119466996572,5.069999999999936,55628.077078923445,55547.927799843346
AMZN,2024-10-07 00:00:00-04:00,short,2024-10-07 09:47:00-04:00,180.907608,2024-10-07 10:46:00-04:00,181.72266,time,76,182.35,178.02282400000004,1.442391999999984,60,-61.94395199999849,0.76,0.109991825664,-62.813943825662484,-0.5730059934220304,1.5731403725067168,2.5,55547.927799843346,55485.113856017684
META,2024-10-07 00:00:00-04:00,short,2024-10-07 09:51:00-04:00,591.943128,2024-10-07 10:50:00-04:00,593.967492,time,23,596.0699999999999,583.6893840000001,4.126871999999935,60,-46.5603719999998,0.23,0.108917535552,-46.8992895355518,-0.49410292953695284,1.6387989672469923,6.860000000000014,55485.113856017684,55438.21456648213
SPY,2024-10-07 00:00:00-04:00,short,2024-10-07 09:52:00-04:00,558.936336,2024-10-07 09:56:00-04:00,559.9038720000001,stop,24,559.6800000000001,557.4490079999998,0.7436640000000807,5,-23.22086400000262,0.24,0.10731577651199999,-23.56817977651462,-1.3204988955872579,0.799772865805746,0.8799999999999955,55438.21456648213,55414.646386705615
QQQ,2024-10-07 00:00:00-04:00,short,2024-10-07 09:54:00-04:00,479.947944,2024-10-07 10:04:00-04:00,481.19239999999996,stop,28,481.0,477.843832,1.0520559999999932,11,-34.844767999998794,0.28,0.107508339456,-35.23227633945479,-1.1960347962009295,0.7110056941814095,1.3400000000000318,55414.646386705615,55379.41411036616
NVDA,2024-10-07 00:00:00-04:00,long,2024-10-07 10:58:00-04:00,127.711064,2024-10-07 11:57:00-04:00,128.93840400000002,time,108,126.18,130.77319199999997,1.5310639999999864,60,132.55272000000286,1.08,0.11140278105600002,131.36131721894685,0.794420411405426,1.2396171387221155,2.8599999999999994,55379.41411036616,55510.775427585104
QQQ,2024-10-08 00:00:00-04:00,long,2024-10-08 09:53:00-04:00,480.772232,2024-10-08 10:00:00-04:00,482.0737893216,target,28,480.025,482.26669599999997,0.7472319999999968,8,36.44360500480002,0.28,0.10798452880803838,36.05562047599198,1.7232944136298143,0.6981744982095367,1.0500000000000114,55510.775427585104,55546.831048061096
AMZN,2024-10-08 00:00:00-04:00,long,2024-10-08 09:54:00-04:00,182.54298799999998,2024-10-08 10:53:00-04:00,182.681898,time,76,181.69,184.24896399999994,0.8529879999999821,60,10.55716000000075,0.76,0.11107059398399999,9.68608940601675,0.1494142295272765,0.7997610264437319,1.5400000000000205,55546.831048061096,55556.51713746711
SPY,2024-10-08 00:00:00-04:00,long,2024-10-08 09:56:00-04:00,559.343648,2024-10-08 10:47:00-04:00,560.7665476224001,target,24,558.52,560.9909440000001,0.8236480000000483,52,34.149590937602625,0.24,0.10766717714350083,33.801923760459125,1.7099701450365297,0.9593608825851478,0.9400000000000546,55556.51713746711,55590.31906122757
NVDA,2024-10-08 00:00:00-04:00,long,2024-10-08 10:01:00-04:00,131.042396,2024-10-08 11:00:00-04:00,132.616932,time,106,130.005,133.117188,1.037396000000001,60,166.90081599999945,1.06,0.11245915833599998,165.72835684166344,1.5071149922922327,1.0236037831631302,1.5699999999999932,55590.31906122757,55756.04741806923
META,2024-10-08 00:00:00-04:00,long,2024-10-08 10:01:00-04:00,588.58534,2024-10-08 11:00:00-04:00,586.295388,time,23,584.855,596.0460199999999,3.7303399999999556,60,-52.668895999999336,0.23,0.10787835139199999,-53.006774351391336,-0.6178102701373062,0.5530294023811841,4.470000000000027,55756.04741806923,55703.04064371784
META,2024-10-09 00:00:00-04:00,short,2024-10-09 09:53:00-04:00,580.877556,2024-10-09 10:52:00-04:00,582.542924,time,23,586.185,570.2626680000002,5.307443999999919,60,-38.30346399999871,0.23,0.106881470304,-38.64034547030271,-0.31653937760774675,0.8031057001642561,9.610000000000014,55703.04064371784,55664.400298247536
AMZN,2024-10-09 00:00:00-04:00,long,2024-10-09 10:07:00-04:00,183.44264772,2024-10-09 11:06:00-04:00,184.1763,time,75,182.69,184.94794316,0.7526477199999988,60,55.02392100000009,0.75,0.11050578,54.16341522000009,0.9595177802438601,0.5741163765817858,1.2800000000000011,55664.400298247536,55718.563713467534
SPY,2024-10-09 00:00:00-04:00,long,2024-10-09 10:08:00-04:00,562.57494,2024-10-09 11:07:00-04:00,563.4845160000001,time,24,561.605,564.5148199999999,0.9699399999999514,60,21.8298240000031,0.24,0.10818902707200002,21.4816349729311,0.9228077240573376,0.6576641203472744,1.2100000000000364,55718.563713467534,55740.045348440464
QQQ,2024-10-09 00:00:00-04:00,long,2024-10-09 10:12:00-04:00,485.234016,2024-10-09 11:11:00-04:00,486.765216,time,28,484.27,487.162048,0.9640160000000151,60,42.87360000000035,0.28,0.109035408384,42.48456459161635,1.5739426298650527,0.6699380003194363,1.420000000000016,55740.045348440464,55782.52991303208
SPY,2024-10-10 00:00:00-04:00,short,2024-10-10 09:48:00-04:00,563.034696,2024-10-10 09:52:00-04:00,564.055532,stop,24,563.83,561.4440880000001,0.7953039999999874,5,-24.50006399999802,0.24,0.108102661632,-24.848166661630017,-1.3018170128252013,0.792500175142629,1.0,55782.52991303208,55757.68174637045
QQQ,2024-10-10 00:00:00-04:00,short,2024-10-10 09:48:00-04:00,485.615676,2024-10-10 09:55:00-04:00,486.799642,stop,28,486.605,483.637028,0.9893240000000105,8,-33.151047999999946,0.28,0.108777911424,-33.53982591142395,-1.2107771826095246,0.6597557308069067,1.150000000000034,55757.68174637045,55724.14192045903
AMZN,2024-10-10 00:00:00-04:00,long,2024-10-10 09:57:00-04:00,187.92514,2024-10-10 10:13:00-04:00,187.085136,stop,74,187.16,189.45542,0.7651400000000024,17,-62.160295999999505,0.74,0.110754400512,-63.01105040051151,-1.1128691234126966,1.0887952588148675,1.3199999999999932,55724.14192045903,55661.130870058514
NVDA,2024-10-10 00:00:00-04:00,long,2024-10-10 10:11:00-04:00,133.413344,2024-10-10 11:10:00-04:00,133.826448,time,104,131.96,136.32003199999997,1.453343999999987,60,42.96281600000043,1.04,0.11134360473599998,41.81147239526443,0.27662644798203845,0.8123493753392491,2.319999999999993,55661.130870058514,55702.94234245378
META,2024-10-10 00:00:00-04:00,short,2024-10-10 10:35:00-04:00,582.426936,2024-10-10 11:34:00-04:00,582.6329599999999,time,23,584.75,577.7808079999999,2.323064000000045,60,-4.738551999999004,0.23,0.10716655622399998,-5.075718556223004,-0.0949967006883807,0.5574290558636708,4.2000000000000455,55702.94234245378,55697.86662389756
QQQ,2024-10-11 00:00:00-04:00,long,2024-10-11 09:47:00-04:00,486.954704,2024-10-11 10:11:00-04:00,488.2787223552,target,28,486.195,488.474112,0.7597039999999993,25,37.072513945599894,0.28,0.10937443380756479,36.68313951179233,1.7245033926649798,0.6840060072784462,0.8700000000000045,55697.86662389756,55734.54976340935
META,2024-10-11 00:00:00-04:00,long,2024-10-11 09:47:00-04:00,582.813032,2024-10-11 10:46:00-04:00,582.426936,time,23,580.915,586.6090960000001,1.8980320000000575,60,-8.880208000001517,0.23,0.10716655622399998,-9.217374556225517,-0.2111426021732267,0.5154921484130162,3.07000000000005,55734.54976340935,55725.33238885312
NVDA,2024-10-11 00:00:00-04:00,long,2024-10-11 09:52:00-04:00,134.793896,2024-10-11 10:00:00-04:00,134.00637600000002,stop,103,134.06,136.26168799999996,0.7338959999999872,9,-81.11455999999714,1.03,0.110421253824,-82.25498125382114,-1.0881542493868153,0.649315686801179,1.2199999999999989,55725.33238885312,55643.0774075993
SPY,2024-10-11 00:00:00-04:00,long,2024-10-11 09:54:00-04:00,565.846248,2024-10-11 10:15:00-04:00,567.4716645023999,target,24,564.92,567.6987439999999,0.9262479999999869,22,39.00999605759898,0.24,0.10895455958446076,38.66104149801452,1.7391419242837352,0.734716476364868,1.259999999999991,55643.0774075993,55681.73844909732
AMZN,2024-10-11 00:00:00-04:00,long,2024-10-11 10:02:00-04:00,188.355312,2024-10-11 11:01:00-04:00,189.48417600000002,time,73,187.265,190.53593600000002,1.0903120000000115,60,82.40707200000156,0.73,0.110658758784,81.56641324121756,1.024796688096627,0.7086905680723575,1.9299999999999784,55681.73844909732,55763.30486233854
SPY,2024-10-14 00:00:00-04:00,long,2024-10-14 09:46:00-04:00,570.7282,2024-10-14 10:45:00-04:00,571.5912720000001,time,24,569.725,572.7346,1.0031999999999925,60,20.713728000002448,0.24,0.10974552422400002,20.36398247577845,0.845792733078258,0.9319297017664767,1.4300000000000637,55763.30486233854,55783.66884481432
QQQ,2024-10-14 00:00:00-04:00,long,2024-10-14 09:46:00-04:00,492.877072,2024-10-14 10:45:00-04:00,492.95274,time,28,491.865,494.901216,1.0120719999999892,60,2.118704000000207,0.28,0.11042141375999999,1.7282825862402071,0.06098812938210726,1.108371923703669,1.5500000000000114,55783.66884481432,55785.39712740056
META,2024-10-14 00:00:00-04:00,long,2024-10-14 09:46:00-04:00,593.177176,2024-10-14 10:45:00-04:00,593.682432,time,23,590.135,599.2615280000001,3.0421760000000404,60,11.620887999998104,0.23,0.10923756748799998,11.281650432510103,0.1612354250851729,0.6177564936266936,3.7100000000000364,55785.39712740056,55796.67877783307
NVDA,2024-10-14 00:00:00-04:00,long,2024-10-14 09:53:00-04:00,138.25527999999997,2024-10-14 10:52:00-04:00,138.424608,time,100,137.095,140.5758399999999,1.1602799999999718,60,16.932800000003567,1.0,0.1107396864,15.822060313603567,0.13636415618302436,1.0259547675712166,2.009999999999991,55796.67877783307,55812.500838146676
AMZN,2024-10-14 00:00:00-04:00,short,2024-10-14 10:53:00-04:00,188.484576,2024-10-14 11:52:00-04:00,188.49536799999998,time,74,189.2125,187.028728,0.7279240000000016,60,-0.7986079999985805,0.74,0.111582868992,-1.6501908689905804,-0.030634896785901783,0.5196661860557018,1.2350000000000136,55812.500838146676,55810.850647277686
NVDA,2024-10-15 00:00:00-04:00,short,2024-10-15 09:46:00-04:00,136.765272,2024-10-15 10:09:00-04:00,135.0998343264,target,102,137.625,135.04581600000003,0.8597279999999898,24,169.8746427071996,1.02,0.111600461952,168.74304224524758,1.924263896748757,0.834171597119807,1.4499999999999886,55810.850647277686,55979.59368952293
AMZN,2024-10-15 00:00:00-04:00,long,2024-10-15 09:48:00-04:00,188.02517999999998,2024-10-15 10:15:00-04:00,187.245072,stop,74,187.32,189.43553999999995,0.7051799999999844,28,-57.727991999998835,0.74,0.11084908262399999,-58.57884108262284,-1.1225587234124648,0.6837117828980007,1.0800000000000125,55979.59368952293,55921.01484844031
META,2024-10-15 00:00:00-04:00,short,2024-10-15 09:51:00-04:00,581.4773160000001,2024-10-15 10:50:00-04:00,579.351648,time,24,584.755,574.9219480000003,3.2776839999999083,60,51.01603200000318,0.24,0.11164364467200003,50.66438835533118,0.6440572616128313,0.6785733376224387,4.9500000000000455,55921.01484844031,55971.679236795644
SPY,2024-10-15 00:00:00-04:00,short,2024-10-15 10:00:00-04:00,572.191032,2024-10-15 10:04:00-04:00,573.0591319999999,stop,24,572.8299999999999,570.913096,0.6389679999999771,5,-20.834399999997913,0.24,0.10986067814399998,-21.18426067814191,-1.3814111634008974,0.7595100531860579,0.5400000000000773,55971.679236795644,55950.4949761175
QQQ,2024-10-15 00:00:00-04:00,short,2024-10-15 10:13:00-04:00,492.243024,2024-10-15 10:30:00-04:00,490.18506762879997,target,28,493.37,489.98907199999996,1.1269760000000133,18,57.62277839360058,0.28,0.110262437376,57.23251595622458,1.8137195707876623,0.7749764605397241,1.2999999999999545,55950.4949761175,56007.727492073725
QQQ,2024-10-16 00:00:00-04:00,short,2024-10-16 09:51:00-04:00,483.61647600000003,2024-10-16 10:13:00-04:00,485.629174,stop,28,485.435,479.9794280000001,1.818523999999968,23,-56.35554399999842,0.28,0.108330090624,-56.74387409062242,-1.114402082022552,1.056667468755768,2.769999999999982,56007.727492073725,55950.9836179831
META,2024-10-16 00:00:00-04:00,short,2024-10-16 09:52:00-04:00,573.160644,2024-10-16 10:51:00-04:00,574.819836,time,24,576.175,567.1319320000002,3.014355999999907,60,-39.82060799999908,0.24,0.110046843648,-40.170654843647085,-0.5552686162988093,0.8833218832917785,5.149999999999977,55950.9836179831,55910.812963139455
NVDA,2024-10-16 00:00:00-04:00,short,2024-10-16 10:02:00-04:00,131.577348,2024-10-16 10:13:00-04:00,132.858122,stop,106,132.805,129.122044,1.2276520000000062,12,-135.76204400000086,1.06,0.111577591104,-136.93362159110487,-1.0522742754331045,1.0588757029185052,2.1899999999999977,55910.812963139455,55773.87934154835
SPY,2024-10-16 00:00:00-04:00,long,2024-10-16 10:07:00-04:00,568.5273199999999,2024-10-16 10:43:00-04:00,567.5728799999999,stop,24,567.8,569.9819599999998,0.7273199999999633,37,-22.906559999999445,0.24,0.10897399295999999,-23.255533992959442,-1.3322617046692318,0.7210823683488725,0.9199999999999591,55773.87934154835,55750.62380755539
AMZN,2024-10-16 00:00:00-04:00,short,2024-10-16 11:00:00-04:00,186.035556,2024-10-16 11:59:00-04:00,185.8243,time,74,186.94299999999998,184.22066800000007,0.9074439999999697,60,15.632944000001487,0.74,0.110133049152,14.782810950849488,0.22014329870716734,0.6749980576652926,1.6260000000000048,55750.62380755539,55765.40661850624
NVDA,2024-10-17 00:00:00-04:00,long,2024-10-17 09:53:00-04:00,140.246076,2024-10-17 09:59:00-04:00,138.55455600000002,stop,99,138.61,143.51822799999994,1.6360759999999743,7,-167.4604799999969,0.99,0.10973520835200001,-168.5602152083489,-1.040678083688041,1.3395629599159258,2.3400000000000034,55765.40661850624,55596.84640329789
META,2024-10-17 00:00:00-04:00,short,2024-10-17 09:57:00-04:00,573.430536,2024-10-17 10:56:00-04:00,573.4793,time,24,577.8399999999999,564.611608,4.409463999999957,60,-1.170336000000134,0.24,0.11009866291199999,-1.520434662912134,-0.014367153079831515,0.8843396804786487,7.560000000000059,55596.84640329789,55595.32596863498
AMZN,2024-10-17 00:00:00-04:00,short,2024-10-17 09:57:00-04:00,186.48017808,2024-10-17 10:56:00-04:00,186.92473999999999,time,74,187.83749999999998,183.76553424000005,1.3573219199999755,60,-32.89758207999881,0.74,0.11039626542336,-33.747978345422176,-0.3359952821101071,0.847770518003353,1.8549999999999898,55595.32596863498,55561.57799028955
QQQ,2024-10-17 00:00:00-04:00,short,2024-10-17 10:02:00-04:00,487.40496,2024-10-17 11:01:00-04:00,488.15518399999996,time,28,489.975,482.26488,2.570040000000006,60,-21.00627199999849,0.28,0.10917871104,-21.39545071103849,-0.29731959023203697,1.9251100656737887,4.109999999999957,55561.57799028955,55540.18253957851
SPY,2024-10-17 00:00:00-04:00,short,2024-10-17 10:07:00-04:00,570.981516,2024-10-17 11:06:00-04:00,571.3584519999999,time,24,572.865,567.2145480000001,1.883483999999953,60,-9.046463999997286,0.24,0.109628451072,-9.396092451069286,-0.2078615226505225,1.4534205437635237,2.8700000000000045,55540.18253957851,55530.786447127444
AMZN,2024-10-18 00:00:00-04:00,long,2024-10-18 10:05:00-04:00,188.37542003999997,2024-10-18 11:04:00-04:00,189.219282,time,73,187.275,190.5762601199999,1.1004200399999604,60,61.60192308000194,0.73,0.11050406068799999,60.76141901931394,0.7563913555627872,1.4270003031221288,1.990000000000009,55530.786447127444,55591.54786614676
QQQ,2024-10-18 00:00:00-04:00,long,2024-10-18 10:08:00-04:00,490.806244,2024-10-18 10:54:00-04:00,489.499122,stop,28,489.695,493.028732,1.1112439999999992,47,-36.59941599999979,0.28,0.10964780332799999,-36.989063803327795,-1.1887920141535016,0.8951351353515092,1.6499999999999773,55591.54786614676,55554.55880234343
META,2024-10-18 00:00:00-04:00,short,2024-10-18 10:36:00-04:00,575.36976,2024-10-18 11:35:00-04:00,576.600548,time,24,578.13,569.8492800000001,2.7602399999999534,60,-29.538911999999073,0.24,0.11047099392,-29.88938299391907,-0.4511893741413726,1.4411484854840502,5.0,55554.55880234343,55524.66941934951
SPY,2024-10-21 00:00:00-04:00,long,2024-10-21 09:49:00-04:00,572.749008,2024-10-21 09:59:00-04:00,571.991112,stop,24,572.22,573.807024,0.5290079999999762,11,-18.189503999999033,0.24,0.109822293504,-18.53932629350303,-1.4602273101654313,0.6219507075184684,0.5199999999999818,55524.66941934951,55506.13009305601
QQQ,2024-10-21 00:00:00-04:00,long,2024-10-21 09:49:00-04:00,490.43609599999996,2024-10-21 10:39:00-04:00,489.26421600000003,stop,28,489.46000000000004,492.3882879999998,0.9760959999999272,51,-32.812639999998055,0.28,0.109595184384,-33.202235184382054,-1.21483349355803,0.733318321323809,1.5400000000000205,55506.13009305601,55472.927857871626
NVDA,2024-10-21 00:00:00-04:00,long,2024-10-21 09:54:00-04:00,141.266484,2024-10-21 10:53:00-04:00,140.573748,time,98,139.255,145.28945199999998,2.011483999999996,60,-67.88812799999965,0.98,0.11020981843199999,-68.97833781843165,-0.3499210483324739,1.155755805739412,2.9499999999999886,55472.927857871626,55403.9495200532
AMZN,2024-10-21 00:00:00-04:00,long,2024-10-21 10:16:00-04:00,188.55039,2024-10-21 10:45:00-04:00,187.35003000000003,stop,73,187.425,190.80116999999996,1.1253899999999817,30,-87.62627999999714,0.73,0.10941241752000001,-88.46569241751715,-1.076834519802007,0.989376936669994,2.049999999999983,55403.9495200532,55315.48382763568
META,2024-10-21 00:00:00-04:00,short,2024-10-21 10:40:00-04:00,567.8727600000001,2024-10-21 11:39:00-04:00,567.6469679999999,time,24,571.0450000000001,561.5282800000001,3.172239999999988,60,5.419008000004396,0.24,0.10903156992,5.069976430084396,0.06659301248335056,0.712461219780141,5.790000000000077,55315.48382763568,55320.55380406577
QQQ,2024-10-22 00:00:00-04:00,long,2024-10-22 09:46:00-04:00,490.125972,2024-10-22 10:45:00-04:00,489.75402,time,28,488.595,493.1879159999999,1.530971999999963,60,-10.414655999999013,0.28,0.10970490048,-10.804360900479013,-0.25204251427196195,1.2025312246478754,2.089999999999975,55320.55380406577,55309.74944316529
NVDA,2024-10-22 00:00:00-04:00,long,2024-10-22 09:46:00-04:00,143.93755199999998,2024-10-22 09:51:00-04:00,142.60793400000003,stop,96,142.66500000000002,146.4826559999999,1.272551999999962,6,-127.64332799999556,0.96,0.10952289331200002,-128.71285089330758,-1.05359848829124,1.096498648512624,2.210000000000008,55309.74944316529,55181.03659227198
META,2024-10-22 00:00:00-04:00,long,2024-10-22 09:46:00-04:00,573.77942,2024-10-22 09:52:00-04:00,570.911544,stop,24,571.14,579.0582599999999,2.639419999999973,7,-68.82902399999784,0.24,0.10961501644800001,-69.17863901644584,-1.0920745058959695,0.655352717723663,4.579999999999927,55181.03659227198,55111.85795325553
SPY,2024-10-22 00:00:00-04:00,long,2024-10-22 09:55:00-04:00,569.857852,2024-10-22 09:56:00-04:00,568.8973500000001,stop,24,569.125,571.3235559999999,0.7328519999999799,2,-23.05204799999774,0.24,0.10922829120000001,-23.40127629119774,-1.3304912571705236,0.8872634630896303,0.9100000000000819,55111.85795325553,55088.456676964335
AMZN,2024-10-22 00:00:00-04:00,long,2024-10-22 09:55:00-04:00,189.04268684,2024-10-22 10:54:00-04:00,190.04395200000002,time,72,187.8625,191.40306051999994,1.1801868399999762,60,72.09109152000224,0.72,0.109465316352,71.26162620365024,0.8386339983117004,0.7359327597151829,1.7750000000000057,55088.456676964335,55159.71830316799
META,2024-10-23 00:00:00-04:00,short,2024-10-23 09:46:00-04:00,575.829576,2024-10-23 10:45:00-04:00,578.1411639999999,time,23,578.9200000000001,569.6487279999998,3.090424000000098,60,-53.16652399999805,0.23,0.10595264198399999,-53.50247664198204,-0.7527105137055112,0.8650742065999906,5.459999999999923,55159.71830316799,55106.21582652601
NVDA,2024-10-23 00:00:00-04:00,short,2024-10-23 10:02:00-04:00,139.97398800000002,2024-10-23 10:48:00-04:00,141.246476,stop,98,141.19,137.54196400000006,1.2160119999999779,47,-124.70382399999818,0.98,0.10973960659200001,-125.79356360659018,-1.055588096091161,0.9739573661308855,2.0400000000000205,55106.21582652601,54980.42226291942
QQQ,2024-10-23 00:00:00-04:00,short,2024-10-23 10:03:00-04:00,488.15466000000004,2024-10-23 10:34:00-04:00,489.3606659999999,stop,28,489.16499999999996,486.1339800000002,1.0103399999999283,32,-33.76816799999688,0.28,0.10934664384,-34.157514643836876,-1.2074264478096235,0.957839882559857,1.2900000000000205,54980.42226291942,54946.264748275586
SPY,2024-10-23 00:00:00-04:00,short,2024-10-23 10:05:00-04:00,568.8623640000001,2024-10-23 10:40:00-04:00,569.832842,stop,24,569.605,567.3770920000002,0.7426359999999477,36,-23.291471999998976,0.24,0.10922157388800001,-23.640693573886974,-1.3263952985204417,0.6297367098522497,0.7300000000000182,54946.264748275586,54922.6240547017
AMZN,2024-10-23 00:00:00-04:00,short,2024-10-23 10:05:00-04:00,187.50306876000002,2024-10-23 11:04:00-04:00,187.945148,time,73,188.43,185.64920628000004,0.9269312399999876,60,-32.271784519997794,0.73,0.10950179215584001,-33.11128631215363,-0.4893343162649862,0.7548982186535754,1.460000000000008,54922.6240547017,54889.51276838955
SPY,2024-10-24 00:00:00-04:00,short,2024-10-24 09:46:00-04:00,566.783196,2024-10-24 09:55:00-04:00,568.0121140000001,stop,24,567.7850000000001,564.7795879999998,1.0018040000001065,10,-29.494032000003244,0.24,0.108822373632,-29.842854373635245,-1.241213117104746,1.0390898177536654,1.1499999999999773,54889.51276838955,54859.66991401591
QQQ,2024-10-24 00:00:00-04:00,short,2024-10-24 09:49:00-04:00,485.87557200000003,2024-10-24 10:00:00-04:00,487.199802,stop,28,487.005,483.6167160000001,1.1294279999999617,12,-37.07843999999841,0.28,0.108836128128,-37.46727612812641,-1.184774066674448,0.9411090149158394,1.5299999999999727,54859.66991401591,54822.202637887785
NVDA,2024-10-24 00:00:00-04:00,short,2024-10-24 09:49:00-04:00,139.46419200000003,2024-10-24 09:52:00-04:00,140.51618399999998,stop,98,140.45999999999998,137.47257600000012,0.9958079999999541,4,-103.09521599999567,0.98,0.10933992652800002,-104.18455592652367,-1.0675830215623945,0.6512495094822079,1.3400000000000034,54822.202637887785,54718.018081961265
META,2024-10-24 00:00:00-04:00,long,2024-10-24 10:00:00-04:00,564.865856,2024-10-24 10:22:00-04:00,562.3599660000001,stop,24,562.585,569.427568,2.2808559999999716,23,-60.1413599999978,0.24,0.10797311347200002,-60.489333113469804,-1.10501885245186,0.7183165189505057,3.92999999999995,54718.018081961265,54657.5287488478
AMZN,2024-10-24 00:00:00-04:00,long,2024-10-24 10:03:00-04:00,185.784284,2024-10-24 11:02:00-04:00,185.88561600000003,time,73,184.78500000000003,187.782852,0.9992839999999887,60,7.397236000000987,0.73,0.10855719974400001,6.5586788002569865,0.08990929012374313,0.7649997001390434,1.8499999999999943,54657.5287488478,54664.08742764805
SPY,2024-10-25 00:00:00-04:00,long,2024-10-25 09:46:00-04:00,571.208392,2024-10-25 10:45:00-04:00,571.661244,time,23,570.31,573.0051760000001,0.898392000000058,60,10.415596000000164,0.23,0.10518566889599999,10.080410331104163,0.48784796619736015,1.124192761460883,1.1399999999999864,54664.08742764805,54674.167837979156
QQQ,2024-10-25 00:00:00-04:00,long,2024-10-25 09:46:00-04:00,493.27723199999997,2024-10-25 10:45:00-04:00,494.49212400000005,time,27,491.82500000000005,496.1816959999998,1.452231999999924,60,32.80208400000208,0.27,0.106810298784,32.42527370121808,0.826958821323411,1.4779097231828542,2.3100000000000023,54674.167837979156,54706.59311168038
AMZN,2024-10-25 00:00:00-04:00,long,2024-10-25 09:48:00-04:00,189.32569999999998,2024-10-25 10:47:00-04:00,189.314244,time,72,188.4375,191.10209999999995,0.8881999999999834,60,-0.8248319999986506,0.72,0.10904500454399998,-1.6538770045426505,-0.025861871146117637,0.9321158646642237,1.5950000000000273,54706.59311168038,54704.93923467583
META,2024-10-25 00:00:00-04:00,long,2024-10-25 09:54:00-04:00,572.82904,2024-10-25 10:53:00-04:00,575.2698,time,23,569.955,578.5771199999998,2.8740399999999227,60,56.137480000001574,0.23,0.1058496432,55.801630356801574,0.8441628653742237,0.8969329371948573,3.009999999999991,54704.93923467583,54760.74086503263
NVDA,2024-10-25 00:00:00-04:00,long,2024-10-25 09:56:00-04:00,142.64703599999999,2024-10-25 10:55:00-04:00,143.132724,time,95,141.55,144.84110799999993,1.0970359999999744,60,46.14036000000098,0.9500000000000001,0.10878087024,45.08157912976098,0.4325682458989691,0.8293851341135554,1.9399999999999977,54760.74086503263,54805.8224441624
QQQ,2024-10-28 00:00:00-04:00,short,2024-10-28 09:51:00-04:00,491.75322,2024-10-28 10:09:00-04:00,493.39227800000003,stop,27,493.19500000000005,488.8696599999999,1.4417800000000511,19,-44.25456600000092,0.27,0.10621869551999999,-44.63078469552092,-1.1464939351079746,0.7510794773420432,1.6899999999999977,54805.8224441624,54761.19165946687
META,2024-10-28 00:00:00-04:00,short,2024-10-28 09:51:00-04:00,571.581276,2024-10-28 10:50:00-04:00,573.32924,time,23,576.4449999999999,561.8538280000001,4.863723999999934,60,-40.20317200000056,0.23,0.105170954784,-40.53834295478456,-0.36238418343805046,1.1325035623617792,7.92999999999995,54761.19165946687,54720.653316512085
SPY,2024-10-28 00:00:00-04:00,short,2024-10-28 09:52:00-04:00,569.552088,2024-10-28 10:24:00-04:00,570.6181560000001,stop,24,570.3900000000001,567.8762639999999,0.8379120000000739,33,-25.58563200000208,0.24,0.109354000896,-25.93498600089808,-1.289663373604855,1.1738218326536902,1.1200000000000045,54720.653316512085,54694.71833051119
SPY,2024-10-29 00:00:00-04:00,long,2024-10-29 09:58:00-04:00,568.5273199999999,2024-10-29 10:57:00-04:00,569.502108,time,24,567.51,570.5619599999998,1.017319999999927,60,23.394912000002478,0.24,0.10934440473599999,23.04556759526648,0.9438839137500219,0.7707047725586776,1.5,54694.71833051119,54717.76389810646
NVDA,2024-10-29 00:00:00-04:00,long,2024-10-29 09:58:00-04:00,140.416144,2024-10-29 10:57:00-04:00,140.34384,time,97,139.49,142.268432,0.9261439999999936,60,-7.013488000000251,0.97,0.10890681983999999,-8.092394819840251,-0.09007967521249736,0.6211335482819529,1.6200000000000045,54717.76389810646,54709.67150328662
QQQ,2024-10-29 00:00:00-04:00,long,2024-10-29 10:04:00-04:00,491.986716,2024-10-29 11:03:00-04:00,493.25262000000004,time,27,490.515,494.93014800000003,1.471716000000015,60,34.17940800000093,0.27,0.10654256592,33.80286543408093,0.8506790569919888,0.6564983982717922,2.2099999999999795,54709.67150328662,54743.4743687207
META,2024-10-29 00:00:00-04:00,long,2024-10-29 10:06:00-04:00,577.4108719999999,2024-10-29 10:53:00-04:00,582.9693349535999,target,23,574.515,583.2026159999998,2.8958719999999403,48,127.84464793279835,0.23,0.10726635763146238,127.50738157516689,1.9143799169716114,0.6907168099400537,4.809999999999945,54743.4743687207,54870.98175029587
AMZN,2024-10-29 00:00:00-04:00,long,2024-10-29 10:23:00-04:00,188.99546796,2024-10-29 11:22:00-04:00,189.61022556000003,time,72,188.3475,190.29140388000005,0.6479679600000168,60,44.262547200001336,0.72,0.10921548992256001,43.433331710078775,0.9309730656983763,0.6590308108880606,1.0649999999999977,54870.98175029587,54914.415082005944
SPY,2024-10-30 00:00:00-04:00,long,2024-10-30 09:57:00-04:00,570.268016,2024-10-30 10:56:00-04:00,570.551688,time,24,568.75,573.304048,1.5180159999999887,60,6.808128000000579,0.24,0.109545924096,6.4585820759045784,0.17727585644421806,1.097594424121834,2.2999999999999545,54914.415082005944,54920.873664081846
AMZN,2024-10-30 00:00:00-04:00,short,2024-10-30 10:04:00-04:00,192.802848,2024-10-30 11:03:00-04:00,193.367316,time,71,194.26,189.88854400000005,1.4571519999999794,60,-40.07722799999834,0.71,0.10951201766400001,-40.896740017662346,-0.395298790231894,1.9455507357072155,2.700000000000017,54920.873664081846,54879.97692406418
QQQ,2024-10-30 00:00:00-04:00,long,2024-10-30 10:10:00-04:00,495.33805599999994,2024-10-30 11:09:00-04:00,494.272212,time,27,493.625,498.7641679999998,1.7130559999999377,60,-28.777787999997656,0.27,0.10676279779200001,-29.154550797789657,-0.6303344302205839,1.217643156365833,2.9700000000000273,54879.97692406418,54850.8223732664
QQQ,2024-10-31 00:00:00-04:00,short,2024-10-31 09:46:00-04:00,484.74602400000003,2024-10-31 10:45:00-04:00,482.512928,time,28,486.625,480.9880720000001,1.878975999999966,60,62.526688000001286,0.28,0.108583109376,62.138104890625286,1.181078434108837,1.5090679301233842,2.75,54850.8223732664,54912.96047815702
SPY,2024-10-31 00:00:00-04:00,short,2024-10-31 09:48:00-04:00,562.334976,2024-10-31 10:28:00-04:00,560.5090419711998,target,24,563.36,560.2849279999999,1.0250240000000304,41,43.822416691203216,0.24,0.10796831539199998,43.474448375811214,1.7672126203796987,1.368082136915005,1.3199999999999363,54912.96047815702,54956.434926532835
NVDA,2024-10-31 00:00:00-04:00,short,2024-10-31 09:48:00-04:00,135.075948,2024-10-31 09:58:00-04:00,132.71090713760003,target,101,136.285,132.65784400000004,1.2090519999999856,11,238.86912710239793,1.01,0.109141365984,237.74998573641395,1.94694707491159,0.8802724093995884,2.25,54956.434926532835,55194.18491226925
AMZN,2024-10-31 00:00:00-04:00,short,2024-10-31 09:48:00-04:00,188.964384,2024-10-31 10:30:00-04:00,187.1980012608,target,73,189.885,187.123152,0.9206159999999954,43,128.9459399615998,0.73,0.11035520025599999,128.1055847613438,1.9061921845025571,1.2681673063956402,1.4699999999999989,55194.18491226925,55322.2904970306
META,2024-10-31 00:00:00-04:00,short,2024-10-31 09:53:00-04:00,571.0115040000001,2024-10-31 10:52:00-04:00,569.667776,time,24,579.395,554.2445120000002,8.383495999999923,60,32.24947200000133,0.24,0.10963420876800001,31.89983779123333,0.1585448252099205,4.113830820192604,14.269999999999982,55322.2904970306,55354.19033482183
SPY,2024-11-01 00:00:00-04:00,long,2024-11-01 09:50:00-04:00,561.714596,2024-11-01 10:49:00-04:00,562.0051080000001,time,24,560.325,564.493788,1.3895959999999832,60,6.9722880000008445,0.24,0.10790498073600001,6.624383019264844,0.19863036388708552,1.302903499343906,2.310000000000059,55354.19033482183,55360.814717841095
NVDA,2024-11-01 00:00:00-04:00,long,2024-11-01 09:52:00-04:00,135.86432399999998,2024-11-01 10:51:00-04:00,136.00557600000002,time,101,135.015,137.56297199999997,0.8493239999999957,60,14.266452000003738,1.01,0.10989250540800001,13.146559494595738,0.15325594872161585,0.7877873109532975,1.3099999999999739,55360.814717841095,55373.96127733569
QQQ,2024-11-01 00:00:00-04:00,long,2024-11-01 09:56:00-04:00,483.753424,2024-11-01 10:55:00-04:00,484.21623600000004,time,28,482.14,486.980272,1.613424000000009,60,12.958736000001181,0.28,0.108464436864,12.570271563137181,0.27825188550067415,1.1278985554667362,2.6000000000000227,55373.96127733569,55386.53154889883
META,2024-11-01 00:00:00-04:00,long,2024-11-01 10:29:00-04:00,568.8874639999999,2024-11-01 11:28:00-04:00,568.8623640000001,time,24,563.81,579.0423919999998,5.077463999999964,60,-0.6023999999961234,0.24,0.10922157388800001,-0.9516215738841234,-0.0078091935091689,1.6883176527453965,8.93999999999994,55386.53154889883,55385.57992732494
AMZN,2024-11-04 00:00:00-05:00,long,2024-11-04 09:46:00-05:00,197.29888799999998,2024-11-04 09:49:00-05:00,196.12152,stop,70,196.2,199.49666399999995,1.098887999999988,4,-82.4157599999981,0.7000000000000001,0.1098280512,-83.2255880511981,-1.0819455414564412,1.206528015574367,1.5999999999999943,55385.57992732494,55302.35433927375
SPY,2024-11-04 00:00:00-05:00,long,2024-11-04 10:02:00-05:00,560.264016,2024-11-04 11:01:00-05:00,559.7760000000001,time,24,558.895,563.002048,1.3690159999999878,60,-11.712383999997655,0.24,0.10747699200000001,-12.059860991997656,-0.36704772478912356,0.9233796345531711,2.2100000000000364,55302.35433927375,55290.29447828175
QQQ,2024-11-04 00:00:00-05:00,long,2024-11-04 10:02:00-05:00,483.1932,2024-11-04 11:01:00-05:00,483.836388,time,28,481.41999999999996,486.73960000000005,1.7732000000000312,60,18.009264000000258,0.28,0.10837935091199999,17.620884649088257,0.354904866284682,0.961667850379055,3.0400000000000205,55290.29447828175,55307.91536293084
META,2024-11-04 00:00:00-05:00,long,2024-11-04 10:24:00-05:00,562.965096,2024-11-04 11:23:00-05:00,562.564884,time,24,558.5550000000001,571.7852879999999,4.410095999999953,60,-9.60508800000025,0.24,0.108012457728,-9.953100457728251,-0.09403707290544579,1.1953789645999506,7.709999999999923,55307.91536293084,55297.96226247311
SPY,2024-11-05 00:00:00-05:00,long,2024-11-05 09:49:00-05:00,561.444488,2024-11-05 10:48:00-05:00,563.1446520000001,time,24,560.065,564.2034639999998,1.3794879999999239,60,40.80393600000207,0.24,0.10812377318400002,40.45581222681807,1.2219452744671786,0.696893318709458,2.1100000000000136,55297.96226247311,55338.418074699934
QQQ,2024-11-05 00:00:00-05:00,long,2024-11-05 09:50:00-05:00,485.804244,2024-11-05 10:49:00-05:00,486.66525600000006,time,28,484.26,488.89273199999997,1.544243999999992,60,24.108336000002055,0.28,0.109013017344,23.719322982658053,0.5485653031205416,0.9383792322139285,2.240000000000009,55338.418074699934,55362.13739768259
NVDA,2024-11-05 00:00:00-05:00,long,2024-11-05 10:01:00-05:00,139.03559199999998,2024-11-05 11:00:00-05:00,138.714492,time,99,137.945,141.21677599999995,1.0905919999999867,60,-31.788899999997312,0.99,0.10986187766399999,-32.88876187766132,-0.30461411411048034,0.6794026192933654,1.6500000000000057,55362.13739768259,55329.24863580493
SPY,2024-11-06 00:00:00-05:00,short,2024-11-06 09:47:00-05:00,574.9799160000001,2024-11-06 10:24:00-05:00,576.915674,stop,24,576.685,571.5697480000005,1.7050839999998288,38,-46.458191999996416,0.24,0.11039614387200002,-46.80858814386842,-1.1438485372732643,2.8553122581746666,1.7099999999999227,55329.24863580493,55282.44004766106
NVDA,2024-11-06 00:00:00-05:00,short,2024-11-06 09:47:00-05:00,142.30305600000003,2024-11-06 10:01:00-05:00,143.45235799999998,stop,97,143.39499999999998,140.11916800000012,1.0919439999999554,15,-111.48229399999505,0.97,0.11042717145600002,-112.56272117145105,-1.0627288802795714,1.2410122916507687,2.0100000000000193,55282.44004766106,55169.87732648961
META,2024-11-06 00:00:00-05:00,long,2024-11-06 09:49:00-05:00,562.32484,2024-11-06 10:48:00-05:00,565.283796,time,24,557.0,572.97452,5.324839999999995,60,71.01494400000138,0.24,0.108534488832,70.66640951116938,0.5529619161574921,2.389062009869778,10.019999999999982,55169.87732648961,55240.54373600078
QQQ,2024-11-06 00:00:00-05:00,short,2024-11-06 09:51:00-05:00,495.3018,2024-11-06 10:11:00-05:00,497.553942,stop,27,497.355,491.1954,2.053200000000004,21,-60.80783399999979,0.27,0.10698518879999999,-61.18481918879979,-1.1036939481784473,2.671817659142878,3.170000000000016,55240.54373600078,55179.35891681198
AMZN,2024-11-06 00:00:00-05:00,long,2024-11-06 10:04:00-05:00,201.58049996,2024-11-06 10:22:00-05:00,204.06983928004803,target,68,200.295,204.15149988000002,1.2854999600000099,19,169.27507376326616,0.68,0.11101399256834613,168.4840597706978,1.927426556538961,2.2333530596070417,2.3100000000000023,55179.35891681198,55347.84297658268
AMZN,2024-11-07 00:00:00-05:00,long,2024-11-07 09:49:00-05:00,209.96395199999998,2024-11-07 10:48:00-05:00,211.35532404,time,65,208.49,212.91185599999991,1.4739519999999686,60,90.4391826000014,0.65,0.1099047685008,89.6792778315006,0.9360421488676232,1.2571968712983528,2.5999999999999943,55347.84297658268,55437.52225441418
SPY,2024-11-07 00:00:00-05:00,long,2024-11-07 09:53:00-05:00,582.08274,2024-11-07 10:52:00-05:00,582.576876,time,23,581.4300000000001,583.3882199999997,0.6527399999998806,60,11.365128000000595,0.23,0.10719414518399999,11.027933854816595,0.734557993982464,1.0187899669801859,0.7800000000000864,55437.52225441418,55448.55018826899
QQQ,2024-11-07 00:00:00-05:00,long,2024-11-07 09:57:00-05:00,506.192396,2024-11-07 10:56:00-05:00,507.127068,time,27,504.81,508.9571879999999,1.3823959999999715,60,25.236144000000934,0.27,0.10953944668799999,24.856604553312934,0.6659560527200987,1.2340344417245952,2.080000000000041,55448.55018826899,55473.40679282231
NVDA,2024-11-07 00:00:00-05:00,long,2024-11-07 09:58:00-05:00,147.719064,2024-11-07 10:57:00-05:00,147.810852,time,93,146.755,149.64719200000002,0.9640640000000076,60,8.536284000000762,0.93,0.109971273888,7.4963127261127624,0.08361012669699062,0.9369852754035569,1.6299999999999955,55473.40679282231,55480.90310554842
META,2024-11-07 00:00:00-05:00,long,2024-11-07 10:45:00-05:00,585.304028,2024-11-07 11:44:00-05:00,587.804784,time,23,578.06,599.7920840000002,7.244028000000071,60,57.51738800000055,0.23,0.108156080256,57.17923191974455,0.3431866306601796,1.367093643543113,12.280000000000086,55480.90310554842,55538.082337468164
SPY,2024-11-08 00:00:00-05:00,long,2024-11-08 09:48:00-05:00,585.073936,2024-11-08 10:47:00-05:00,585.475716,time,23,584.4649999999999,586.2918080000002,0.6089360000000852,60,9.240940000000705,0.23,0.107727531744,8.903212468256704,0.6356927399135155,0.783553499824987,0.6699999999999591,55538.082337468164,55546.98554993642
META,2024-11-08 00:00:00-05:00,short,2024-11-08 09:53:00-05:00,586.1154600000001,2024-11-08 10:38:00-05:00,582.2591905520001,target,23,588.1600000000001,582.0263800000001,2.0445399999999836,46,88.6941973040008,0.23,0.10784524464000002,88.35635205936079,1.878946131804741,0.6635967385556197,3.1000000000000227,55546.98554993642,55635.34190199578
NVDA,2024-11-08 00:00:00-05:00,short,2024-11-08 10:05:00-05:00,147.161112,2024-11-08 11:04:00-05:00,146.398536,time,94,148.63,144.22333600000002,1.4688879999999926,60,71.6821439999996,0.9400000000000001,0.110665156224,70.6314788437756,0.5115425485836902,0.882651603231945,1.8199999999999932,55635.34190199578,55705.973380839554
QQQ,2024-11-08 00:00:00-05:00,short,2024-11-08 10:06:00-05:00,508.09668000000005,2024-11-08 10:32:00-05:00,509.17859,stop,27,508.975,506.3400400000001,0.8783199999999738,27,-29.21156999999829,0.27,0.10974888288,-29.59131888287829,-1.2478080579287383,0.7380981227374951,1.1299999999999955,55705.973380839554,55676.382061956676
AMZN,2024-11-08 00:00:00-05:00,short,2024-11-08 10:30:00-05:00,208.326636,2024-11-08 11:27:00-05:00,209.31584285999998,stop,66,209.23215,206.51560800000004,0.9055139999999824,58,-65.28765275999785,0.66,0.10999646380799999,-66.05764922380585,-1.1053097722265883,0.7281653163111069,1.462299999999999,55676.382061956676,55610.32441273287
SPY,2024-11-11 00:00:00-05:00,short,2024-11-11 09:46:00-05:00,586.8051839999999,2024-11-11 10:39:00-05:00,587.880058,stop,23,587.645,585.1255519999999,0.8398160000000416,54,-24.72210200000052,0.23,0.10797215385599998,-25.06007415385652,-1.2973894775426624,0.9765498672448262,0.8299999999999272,55610.32441273287,55585.264338579014
QQQ,2024-11-11 00:00:00-05:00,short,2024-11-11 09:46:00-05:00,508.376568,2024-11-11 10:45:00-05:00,509.15358,time,27,509.9,505.3297040000001,1.523431999999957,60,-20.979323999998826,0.27,0.109809338688,-21.359133338686824,-0.5192742521779632,0.8650306072279522,2.099999999999966,55585.264338579014,55563.90520524033
AMZN,2024-11-11 00:00:00-05:00,short,2024-11-11 09:47:00-05:00,207.57693600000002,2024-11-11 10:46:00-05:00,207.022776,time,66,208.675,205.38080800000003,1.0980639999999937,60,36.57456000000161,0.66,0.10960062220800001,35.804959377793615,0.4940507880342381,0.8135435862056243,1.950000000000017,55563.90520524033,55599.71016461812
META,2024-11-11 00:00:00-05:00,short,2024-11-11 09:54:00-05:00,574.580076,2024-11-11 10:53:00-05:00,578.7814199999999,time,24,579.23,565.2802279999999,4.6499240000000555,60,-100.83225599999878,0.24,0.11031937459199999,-101.18257537459077,-0.9066687198775504,0.973621417901873,8.819999999999936,55599.71016461812,55498.527589243524
NVDA,2024-11-11 00:00:00-05:00,short,2024-11-11 09:55:00-05:00,144.762072,2024-11-11 10:54:00-05:00,145.978368,time,95,146.73000000000002,140.82621599999993,1.967928000000029,60,-115.54811999999998,0.9500000000000001,0.11001917471999999,-116.60813917471998,-0.6237291692460201,0.9496077306252932,3.780000000000001,55498.527589243524,55381.9194500688
META,2024-11-12 00:00:00-05:00,long,2024-11-12 09:47:00-05:00,594.617752,2024-11-12 10:04:00-05:00,588.0196980000001,stop,23,588.255,607.343256,6.362752,18,-151.75524199999847,0.23,0.10819562443200001,-152.09343762443046,-1.0392921423912063,1.5155251957256455,10.849999999999909,55381.9194500688,55229.82601244437
QQQ,2024-11-12 00:00:00-05:00,long,2024-11-12 09:58:00-05:00,510.173988,2024-11-12 10:03:00-05:00,508.851378,stop,27,509.055,512.411964,1.1189880000000016,6,-35.71046999999993,0.27,0.109911897648,-36.09038189764793,-1.1945443660021335,0.5909963699345191,1.4700000000000273,55229.82601244437,55193.73563054672
AMZN,2024-11-12 00:00:00-05:00,short,2024-11-12 10:03:00-05:00,206.86722,2024-11-12 11:02:00-05:00,206.65762999999998,time,66,207.675,205.25166,0.8077800000000082,60,13.832940000001315,0.66,0.10922589216,13.063714107841315,0.2450358541187179,0.6933578086071369,1.3900000000000148,55193.73563054672,55206.79934465456
SPY,2024-11-12 00:00:00-05:00,short,2024-11-12 10:04:00-05:00,585.945528,2024-11-12 11:03:00-05:00,585.574136,time,23,586.75,584.3365839999999,0.8044720000000325,60,8.54201600000033,0.23,0.10781397715199999,8.20420202284833,0.44340192794279965,0.7424405087066347,0.900000000000091,55206.79934465456,55215.003546677406
NVDA,2024-11-12 00:00:00-05:00,long,2024-11-12 10:12:00-05:00,148.399336,2024-11-12 11:11:00-05:00,148.15071600000002,time,93,146.935,151.328008,1.464336000000003,60,-23.12165999999891,0.93,0.11022413270400001,-24.161884132702912,-0.17742185244915631,0.9685153342975462,2.3100000000000023,55215.003546677406,55190.841662544706
SPY,2024-11-13 00:00:00-05:00,short,2024-11-13 09:50:00-05:00,584.496108,2024-11-13 10:49:00-05:00,585.173976,time,23,585.31,582.8683240000003,0.8138919999998961,60,-15.590963999999758,0.23,0.10754728387200001,-15.928511283871758,-0.8509040128961556,0.679511946627442,0.6999999999999318,55190.841662544706,55174.91315126084
QQQ,2024-11-13 00:00:00-05:00,short,2024-11-13 09:50:00-05:00,506.91715200000004,2024-11-13 10:49:00-05:00,506.79263599999996,time,27,507.89,504.97145600000016,0.9728479999999422,60,3.361932000002298,0.27,0.109494104832,2.982437895170298,0.11354359857253309,0.5946147145068906,1.079999999999984,55174.91315126084,55177.895589156
META,2024-11-13 00:00:00-05:00,short,2024-11-13 09:50:00-05:00,572.800788,2024-11-13 10:15:00-05:00,577.2358019999999,stop,24,577.005,564.392364,4.204211999999984,26,-106.44033599999784,0.24,0.109977751296,-106.79031375129384,-1.0583663255573046,0.7286781323416307,6.269999999999982,55177.895589156,55071.10527540471
NVDA,2024-11-13 00:00:00-05:00,short,2024-11-13 10:04:00-05:00,147.06115200000002,2024-11-13 11:03:00-05:00,146.798696,time,93,148.20999999999998,144.7634560000001,1.1488479999999583,60,24.408408000001344,0.93,0.10941349708800001,23.368994502913345,0.21872302583459569,0.7719976859531924,1.7800000000000011,55071.10527540471,55094.47426990762
AMZN,2024-11-13 00:00:00-05:00,long,2024-11-13 10:58:00-05:00,211.854708,2024-11-13 11:57:00-05:00,212.734872,time,65,210.375,214.81412399999996,1.479707999999988,60,57.2106600000005,0.65,0.11062213344,56.4500378665605,0.5869145270715673,0.9479433213892494,2.4700000000000273,55094.47426990762,55150.924307774185
AMZN,2024-11-14 00:00:00-05:00,short,2024-11-14 09:46:00-05:00,212.68489200000002,2024-11-14 10:45:00-05:00,212.144824,time,64,214.515,209.02467600000008,1.8301079999999672,60,34.564352000001236,0.64,0.108894664704,33.81545733529723,0.28870783629383007,0.9819702168146941,2.7700000000000102,55150.924307774185,55184.73976510948
QQQ,2024-11-14 00:00:00-05:00,short,2024-11-14 09:47:00-05:00,505.59768,2024-11-14 10:44:00-05:00,507.23781399999996,stop,27,507.03499999999997,502.72304000000014,1.4373199999999429,58,-44.28361799999817,0.27,0.10920909888,-44.662827098878175,-1.1508771751871525,0.6596573770325419,2.2900000000000205,55184.73976510948,55140.0769380106
NVDA,2024-11-14 00:00:00-05:00,short,2024-11-14 09:47:00-05:00,145.611732,2024-11-14 09:56:00-05:00,146.718664,stop,94,146.66,143.51519599999997,1.0482680000000073,10,-104.05160800000004,0.9400000000000001,0.109500022464,-105.10110802246405,-1.0666135891355957,0.6506323063066813,1.759999999999991,55140.0769380106,55034.975829988136
SPY,2024-11-14 00:00:00-05:00,short,2024-11-14 10:19:00-05:00,583.346568,2024-11-14 10:44:00-05:00,585.0289180000001,stop,23,584.7950000000001,580.449704,1.4484320000000253,26,-38.69405000000097,0.23,0.10733576851200001,-39.03138576851297,-1.1716233641234193,0.7128140913698741,1.9099999999999682,55034.975829988136,54995.944444219625
META,2024-11-14 00:00:00-05:00,long,2024-11-14 10:53:00-05:00,575.6501679999999,2024-11-14 11:52:00-05:00,575.379756,time,23,573.12,580.7105039999997,2.5301679999998896,60,-6.219475999996575,0.23,0.105869875104,-6.555345875100576,-0.11264668514022134,0.5710286294336498,4.400000000000091,54995.944444219625,54989.38909834452
AMZN,2024-11-15 00:00:00-05:00,short,2024-11-15 09:46:00-05:00,204.49816800000002,2024-11-15 09:49:00-05:00,206.27247599999998,stop,67,206.19,201.11450400000007,1.6918319999999767,4,-118.87863599999747,0.67,0.10961101804800001,-119.65824701804547,-1.055627264021479,2.895903905639514,2.3000000000000114,54989.38909834452,54869.73085132648
SPY,2024-11-15 00:00:00-05:00,short,2024-11-15 09:57:00-05:00,576.7791960000001,2024-11-15 10:22:00-05:00,575.1875710352001,target,23,577.69,574.9575880000001,0.9108039999999846,26,36.60737419039913,0.23,0.10612737206400001,36.27124681833513,1.7314490617432388,1.3947951454268168,1.1999999999999318,54869.73085132648,54906.00209814482
QQQ,2024-11-15 00:00:00-05:00,short,2024-11-15 09:59:00-05:00,496.471332,2024-11-15 10:36:00-05:00,494.07154559840006,target,27,497.77,493.8739960000001,1.2986679999999637,38,64.79423284319876,0.27,0.107237807712,64.41699503548676,1.8371243696957351,1.5191222795397072,2.079999999999984,54906.00209814482,54970.4190931803
META,2024-11-15 00:00:00-05:00,short,2024-11-15 10:02:00-05:00,562.304988,2024-11-15 11:01:00-05:00,559.8738599999999,time,24,566.245,554.4249639999999,3.9400120000000243,60,58.34707200000139,0.24,0.107962557696,57.99910944230539,0.6133558882805542,1.0703315479440962,6.089999999999918,54970.4190931803,55028.418202622604
NVDA,2024-11-15 00:00:00-05:00,short,2024-11-15 10:15:00-05:00,142.78286400000002,2024-11-15 11:14:00-05:00,142.69705599999998,time,96,144.03,140.28859200000005,1.2471359999999834,60,8.237568000004103,0.96,0.109657239552,7.167910760452103,0.059869763272043894,1.15587624494171,1.9599999999999795,55028.418202622604,55035.586113383055
QQQ,2024-11-18 00:00:00-05:00,short,2024-11-18 09:47:00-05:00,492.472932,2024-11-18 10:01:00-05:00,493.57735199999996,stop,27,493.38,490.65879600000005,0.9070679999999811,15,-29.81933999999859,0.27,0.10637415331200001,-30.19571415331059,-1.2329392983282081,0.9671931790217647,1.1800000000000068,55035.586113383055,55005.39039922974
META,2024-11-18 00:00:00-05:00,short,2024-11-18 09:52:00-05:00,548.000712,2024-11-18 10:29:00-05:00,551.69559,stop,25,551.475,541.052136,3.4742880000000014,38,-92.37195000000042,0.25,0.1096001424,-92.73155014240042,-1.0676322762235069,1.0829031136524465,5.809999999999945,55005.39039922974,54912.65884908734
NVDA,2024-11-18 00:00:00-05:00,short,2024-11-18 09:54:00-05:00,137.025168,2024-11-18 10:11:00-05:00,138.615424,stop,100,138.56,133.95550400000002,1.5348319999999944,18,-159.02559999999824,1.0,0.1096201344,-160.13522013439822,-1.0433403794969014,1.1341309079688275,2.8000000000000114,54912.65884908734,54752.52362895294
SPY,2024-11-18 00:00:00-05:00,long,2024-11-18 10:05:00-05:00,575.1599719999999,2024-11-18 11:04:00-05:00,576.329376,time,23,574.045,577.3899159999999,1.114971999999966,60,26.89629200000229,0.23,0.106044605184,26.56024739481829,1.0357151255745747,0.6894927312311777,1.0299999999999727,54752.52362895294,54779.08387634776
META,2024-11-19 00:00:00-05:00,long,2024-11-19 09:47:00-05:00,552.150772,2024-11-19 09:50:00-05:00,549.4201440000002,stop,24,549.6400000000001,557.1723159999997,2.510771999999861,4,-65.53507199999513,0.24,0.10548866764800002,-65.88056066764312,-1.0932985397128647,0.5022220609623794,4.3799999999999955,54779.08387634776,54713.20331568012
AMZN,2024-11-19 00:00:00-05:00,long,2024-11-19 09:50:00-05:00,201.27017587999998,2024-11-19 10:49:00-05:00,202.11912,time,67,199.95,203.91052763999997,1.3201758799999936,60,56.87925604000182,0.67,0.10833584832,56.100920191681816,0.6342542533348141,0.6060190019173057,2.3400000000000034,54713.20331568012,54769.3042358718
SPY,2024-11-19 00:00:00-05:00,short,2024-11-19 09:51:00-05:00,572.300988,2024-11-19 09:52:00-05:00,573.599348,stop,23,573.37,570.1629639999999,1.0690120000000434,2,-29.862280000000055,0.23,0.105303381792,-30.197583381792057,-1.2281792981780832,0.894066836094473,1.2200000000000273,54769.3042358718,54739.10665249001
QQQ,2024-11-19 00:00:00-05:00,long,2024-11-19 10:30:00-05:00,495.09795999999994,2024-11-19 11:29:00-05:00,496.63126800000003,time,27,493.565,498.16387999999984,1.532959999999946,60,41.39931600000244,0.27,0.10727235388800001,41.02204364611444,0.9911119336813381,0.7624736951469101,1.9099999999999682,54739.10665249001,54780.128696136126
NVDA,2024-11-19 00:00:00-05:00,long,2024-11-19 10:51:00-05:00,143.44735599999998,2024-11-19 11:50:00-05:00,143.59254,time,95,142.05,146.24206799999993,1.3973559999999736,60,13.79248000000274,0.9500000000000001,0.1091303304,12.733349669602742,0.09592062415020323,1.0027034843614713,2.5600000000000023,54780.128696136126,54792.86204580573
AMZN,2024-11-20 00:00:00-05:00,short,2024-11-20 09:46:00-05:00,201.43939200000003,2024-11-20 10:10:00-05:00,199.62799527040008,target,68,202.385,199.5481760000001,0.9456079999999645,25,123.17497761279651,0.68,0.10958302924800002,122.3853945835485,1.9033100549741713,0.5902538026034899,1.490000000000009,54792.86204580573,54915.24744038928
META,2024-11-20 00:00:00-05:00,short,2024-11-20 09:56:00-05:00,555.0878759999999,2024-11-20 10:55:00-05:00,556.242408,time,24,558.82,547.6236279999997,3.7321240000001126,60,-27.70876800000042,0.24,0.10657687219199997,-28.055344872192418,-0.3132191489371688,0.7234426492556075,6.759999999999991,54915.24744038928,54887.192095517086
SPY,2024-11-20 00:00:00-05:00,short,2024-11-20 09:58:00-05:00,575.7496080000001,2024-11-20 10:57:00-05:00,575.590144,time,23,577.3199999999999,572.6088240000004,1.5703919999998561,60,3.6676720000016303,0.23,0.10593792787200002,3.3317340721296302,0.09224321260938935,1.1214749624850149,2.6000000000000227,54887.192095517086,54890.52382958922
QQQ,2024-11-20 00:00:00-05:00,short,2024-11-20 09:58:00-05:00,495.691644,2024-11-20 10:20:00-05:00,492.7019339728,target,27,497.28499999999997,492.50493200000005,1.5933559999999716,23,80.72217073439936,0.27,0.10706939510399999,80.34510133929535,1.8675954990899895,1.0424516054729567,2.8100000000000023,54890.52382958922,54970.86893092852
NVDA,2024-11-20 00:00:00-05:00,short,2024-11-20 10:06:00-05:00,143.672508,2024-11-20 10:55:00-05:00,145.693254,stop,95,145.635,139.747524,1.9624919999999975,50,-191.97087000000025,0.9500000000000001,0.10919110607999999,-193.03006110608024,-1.0353649238131952,1.198424328850277,3.390000000000015,54970.86893092852,54777.83886982244
META,2024-11-21 00:00:00-05:00,short,2024-11-21 09:57:00-05:00,553.0187040000001,2024-11-21 10:56:00-05:00,551.700592,time,24,560.175,538.7061120000003,7.156295999999884,60,31.634688000001006,0.24,0.106179591168,31.288508408833007,0.18217355044677624,0.6140850859311556,13.129999999999995,54777.83886982244,54809.12737823127
AMZN,2024-11-21 00:00:00-05:00,short,2024-11-21 09:57:00-05:00,200.21988000000002,2024-11-21 10:56:00-05:00,198.98456199999998,time,68,201.905,196.84964000000005,1.6851199999999835,60,84.00162400000238,0.68,0.10891961472,83.21270438528238,0.7261893758070921,1.1713029674909523,3.170000000000016,54809.12737823127,54892.34008261655
QQQ,2024-11-21 00:00:00-05:00,short,2024-11-21 10:02:00-05:00,495.371772,2024-11-21 11:01:00-05:00,498.04914,time,27,499.105,487.905316,3.733227999999997,60,-72.28893600000004,0.27,0.107000302752,-72.66593630275203,-0.7209125652588064,1.6280463924532624,6.589999999999975,54892.34008261655,54819.6741463138
NVDA,2024-11-21 00:00:00-05:00,short,2024-11-21 10:03:00-05:00,143.752476,2024-11-21 11:02:00-05:00,143.727468,time,59,148.38,134.497428,4.627523999999994,60,1.4754720000008206,0.59,0.067851168672,0.8176208313288206,0.0029946857524702037,3.0818141706078888,8.539999999999992,54819.6741463138,54820.49176714513
SPY,2024-11-21 00:00:00-05:00,short,2024-11-21 10:08:00-05:00,576.36936,2024-11-21 10:15:00-05:00,579.371656,stop,23,579.1400000000001,570.8280799999999,2.7706400000000713,8,-69.05280800000003,0.23,0.10605196224,-69.38885996224003,-1.0888845013714967,1.2905296308674332,4.899999999999977,54820.49176714513,54751.102907182896
SPY,2024-11-22 00:00:00-05:00,long,2024-11-22 09:46:00-05:00,584.08354,2024-11-22 10:09:00-05:00,582.44193,stop,23,582.675,586.90062,1.4085400000000163,24,-37.75703000000033,0.23,0.10716931511999998,-38.09419931512032,-1.1758768195720355,1.1908418445048758,2.169999999999959,54751.102907182896,54713.008707867775
QQQ,2024-11-22 00:00:00-05:00,long,2024-11-22 09:49:00-05:00,501.860664,2024-11-22 09:50:00-05:00,500.28480600000006,stop,27,500.485,504.61199199999993,1.375663999999972,2,-42.54816599999799,0.27,0.10806151809600001,-42.926227518093995,-1.15570392075969,0.5656105192760944,1.9300000000000068,54713.008707867775,54670.08248034968
NVDA,2024-11-22 00:00:00-05:00,short,2024-11-22 09:50:00-05:00,143.662512,2024-11-22 10:49:00-05:00,143.647436,time,95,145.45499999999998,140.077536,1.7924879999999916,60,1.4322199999993757,0.9500000000000001,0.10918350911999998,0.3730364908793756,0.0021906422268899127,0.9502944805003457,2.950000000000017,54670.08248034968,54670.45551684056
AMZN,2024-11-22 00:00:00-05:00,short,2024-11-22 09:51:00-05:00,197.480976,2024-11-22 10:42:00-05:00,198.67438797999998,stop,69,198.59494999999998,195.25302800000003,1.1139739999999847,52,-82.34542661999856,0.6900000000000001,0.109009498752,-83.14443611875056,-1.0817055225777223,0.5971487370555129,1.3298999999999808,54670.45551684056,54587.3110807218
META,2024-11-25 00:00:00-05:00,long,2024-11-25 09:46:00-05:00,568.2872239999999,2024-11-25 10:34:00-05:00,561.335376,stop,24,561.56,581.7416719999999,6.727223999999978,49,-166.84435199999825,0.24,0.107776392192,-167.19212839219026,-1.035544331957424,0.681739208345064,9.260000000000105,54587.3110807218,54420.11895232961
NVDA,2024-11-25 00:00:00-05:00,short,2024-11-25 09:50:00-05:00,138.164712,2024-11-25 10:49:00-05:00,137.785092,time,98,140.08,134.334136,1.9152880000000039,60,37.20276000000166,0.98,0.10832113420799999,36.114438865793666,0.19240692903835677,1.3296752449893272,3.5,54420.11895232961,54456.233391195405
QQQ,2024-11-25 00:00:00-05:00,short,2024-11-25 09:54:00-05:00,503.138664,2024-11-25 10:53:00-05:00,503.22120799999993,time,27,505.39,498.63599200000004,2.2513359999999807,60,-2.2286879999980442,0.27,0.108677951424,-2.6073659514220444,-0.04289413455473923,1.1197449512623943,2.9399999999999977,54456.233391195405,54453.62602524398
SPY,2024-11-25 00:00:00-05:00,short,2024-11-25 10:02:00-05:00,586.505304,2024-11-25 11:01:00-05:00,586.154368,time,23,587.73,584.055912,1.2246959999999945,60,8.07152800000108,0.23,0.107916975936,7.73361102406508,0.27455299728916277,1.5196776409087127,2.019999999999982,54453.62602524398,54461.35963626805
QQQ,2024-11-26 00:00:00-05:00,long,2024-11-26 09:46:00-05:00,505.322048,2024-11-26 09:54:00-05:00,504.078288,stop,26,504.28,507.40614400000004,1.0420480000000225,9,-32.33776000000023,0.26,0.10484828390399999,-32.702608283904226,-1.207039048396985,0.8403159933862012,1.5400000000000205,54461.35963626805,54428.65702798414
META,2024-11-26 00:00:00-05:00,long,2024-11-26 09:51:00-05:00,568.187184,2024-11-26 10:50:00-05:00,571.57128,time,23,564.965,574.6315519999999,3.22218399999997,60,77.83420799999999,0.23,0.10516911552,77.49903888447999,1.0457265723372813,0.6646219025713602,5.990000000000009,54428.65702798414,54506.15606686862
SPY,2024-11-26 00:00:00-05:00,long,2024-11-26 09:52:00-05:00,587.7149919999999,2024-11-26 09:54:00-05:00,586.675236,stop,23,586.91,589.3249759999999,0.8049919999999702,3,-23.914387999997643,0.23,0.10794824342400001,-24.252336243421645,-1.3098880509221664,1.0323676108965105,0.9600000000000364,54506.15606686862,54481.9037306252
NVDA,2024-11-26 00:00:00-05:00,short,2024-11-26 09:55:00-05:00,136.375428,2024-11-26 10:54:00-05:00,136.264484,time,99,137.875,133.376284,1.4995720000000006,60,10.983455999998938,0.99,0.108009338976,9.885446661022938,0.06658766406413912,1.027112655102111,2.410000000000025,54481.9037306252,54491.78917728622
AMZN,2024-11-26 00:00:00-05:00,long,2024-11-26 10:04:00-05:00,205.96235199999998,2024-11-26 11:03:00-05:00,207.47177808,time,66,203.83499999999998,210.21705599999999,2.127352000000002,60,99.62212128000169,0.66,0.10954509882624,98.85257618117545,0.7040519414630885,1.0053386327024167,4.090000000000003,54491.78917728622,54590.6417534674
META,2024-11-27 00:00:00-05:00,short,2024-11-27 09:46:00-05:00,566.163444,2024-11-27 10:45:00-05:00,565.185984,time,24,569.495,559.5003320000001,3.3315559999999778,60,23.45904000000155,0.24,0.108703381248,23.110336618753553,0.28903332030080575,0.3775624699536585,4.3900000000001,54590.6417534674,54613.75209008615
QQQ,2024-11-27 00:00:00-05:00,short,2024-11-27 09:55:00-05:00,501.20943600000004,2024-11-27 10:54:00-05:00,499.43969599999997,time,27,502.65,498.32830800000016,1.440563999999938,60,47.782980000001885,0.27,0.108261238176,47.40471876182588,1.2187798143728048,0.8901654427090698,2.0400000000000205,54613.75209008615,54661.156808847976
SPY,2024-11-27 00:00:00-05:00,short,2024-11-27 10:02:00-05:00,587.594868,2024-11-27 11:01:00-05:00,586.4490898415999,target,23,588.2850000000001,586.2146039999999,0.6901320000000624,60,26.352897643203733,0.23,0.108117455712,26.01478018749173,1.6389290736497655,0.6545473458327411,0.8899999999999864,54661.156808847976,54687.17158903547
NVDA,2024-11-27 00:00:00-05:00,short,2024-11-27 10:06:00-05:00,133.126728,2024-11-27 11:05:00-05:00,132.392936,time,102,134.05,131.28018400000002,0.9232719999999972,60,74.84678400000229,1.02,0.108631410048,73.71815258995429,0.7827888056564313,1.0236404285890035,1.7199999999999989,54687.17158903547,54760.889741625426
AMZN,2024-11-27 00:00:00-05:00,short,2024-11-27 10:16:00-05:00,205.37781600000002,2024-11-27 10:44:00-05:00,206.73766199999997,stop,66,206.65499999999997,202.82344800000013,1.2771839999999486,29,-89.74983599999655,0.66,0.108439486848,-90.51827548684454,-1.0738382429845683,0.5780942356442288,1.9699999999999989,54760.889741625426,54670.37146613858
NVDA,2024-11-29 00:00:00-05:00,long,2024-11-29 09:51:00-05:00,137.03479199999998,2024-11-29 10:05:00-05:00,138.34901424959992,target,99,136.35000000000002,138.4043759999999,0.684791999999959,15,130.1080027103937,0.99,0.10957241928568313,129.008430291108,1.90293615796624,0.5385694968511113,1.0200000000000102,54670.37146613858,54799.37989642969
QQQ,2024-12-02 00:00:00-05:00,long,2024-12-02 09:50:00-05:00,509.173588,2024-12-02 10:49:00-05:00,509.62606800000003,time,26,507.39,512.740764,1.7835880000000088,60,11.764480000000958,0.26,0.106002222144,11.398477777856959,0.24579835222934596,1.2884279601778414,2.7200000000000273,54799.37989642969,54810.77837420755
SPY,2024-12-02 00:00:00-05:00,short,2024-12-02 09:57:00-05:00,590.2638000000001,2024-12-02 10:00:00-05:00,591.256408,stop,23,591.02,588.7514000000002,0.7561999999999216,4,-22.829983999997808,0.23,0.1086085392,-23.168592539197807,-1.3320948299391815,1.0149717062735173,0.9600000000000364,54810.77837420755,54787.60978166835
META,2024-12-02 00:00:00-05:00,long,2024-12-02 09:57:00-05:00,583.58334,2024-12-02 10:56:00-05:00,582.946728,time,23,577.165,596.4200200000001,6.418340000000057,60,-14.642076000000316,0.23,0.107262197952,-14.979338197952316,-0.10147103048825833,0.8202087304101233,9.769999999999982,54787.60978166835,54772.63044347039
AMZN,2024-12-02 00:00:00-05:00,long,2024-12-02 10:03:00-05:00,212.424936,2024-12-02 11:02:00-05:00,211.26226128000002,time,64,210.84005,215.59470800000003,1.5848860000000116,60,-74.41118207999898,0.64,0.10816627777536,-75.15934835777433,-0.7409774697298199,0.941168282461787,2.6598999999999933,54772.63044347039,54697.47109511262
QQQ,2024-12-03 00:00:00-05:00,long,2024-12-03 09:46:00-05:00,510.624168,2024-12-03 10:45:00-05:00,509.71603200000004,time,26,509.59000000000003,512.6925039999999,1.0341679999999656,60,-23.611535999998864,0.26,0.106020934656,-23.977556934654867,-0.8917445988040503,0.8177337826480766,1.660000000000025,54697.47109511262,54673.493538177965
AMZN,2024-12-03 00:00:00-05:00,long,2024-12-03 10:02:00-05:00,211.68463999999997,2024-12-03 11:01:00-05:00,212.36502,time,64,210.575,213.90391999999994,1.1096399999999846,60,43.54432000000088,0.64,0.10873089023999999,42.79558910976088,0.602610828593078,0.4576859321383887,1.8499999999999943,54673.493538177965,54716.289127287724
META,2024-12-03 00:00:00-05:00,long,2024-12-03 10:06:00-05:00,594.707788,2024-12-03 11:05:00-05:00,601.269396,time,23,590.655,602.8133640000002,4.052788000000078,60,150.9169839999995,0.23,0.110633568864,150.57635043113552,1.6153812745280172,0.686649931225374,5.57000000000005,54716.289127287724,54866.86547771886
SPY,2024-12-03 00:00:00-05:00,short,2024-12-03 10:22:00-05:00,590.3537640000001,2024-12-03 11:01:00-05:00,591.31143,stop,23,591.075,588.9112920000001,0.7212359999999762,40,-22.026317999997787,0.23,0.108625092576,-22.364943092573785,-1.3482255878962444,0.588264640667856,0.92999999999995,54866.86547771886,54844.500534626284
NVDA,2024-12-04 00:00:00-05:00,short,2024-12-04 09:50:00-05:00,140.52376800000002,2024-12-04 10:13:00-05:00,141.55159799999998,stop,97,141.495,138.58130400000005,0.9712319999999863,24,-99.6995099999967,0.97,0.109046443968,-100.7785564439647,-1.0697281289578398,0.7519304136589872,1.829999999999984,54844.500534626284,54743.72197818232
AMZN,2024-12-04 00:00:00-05:00,long,2024-12-04 09:53:00-05:00,218.167232,2024-12-04 10:52:00-05:00,219.52715400000002,time,62,216.8,220.90169600000002,1.3672320000000013,60,84.31516400000072,0.62,0.108885468384,83.58627853161671,0.9860548778612629,1.3687868982380216,2.0999999999999943,54743.72197818232,54827.30825671394
SPY,2024-12-04 00:00:00-05:00,long,2024-12-04 09:55:00-05:00,594.097544,2024-12-04 10:00:00-05:00,593.3175780000001,stop,23,593.5550000000001,595.1826319999998,0.5425439999999071,6,-17.939217999996117,0.23,0.10917043435200002,-18.278388434348116,-1.4647891058125557,0.7219728709785528,0.5300000000000864,54827.30825671394,54809.02986827959
QQQ,2024-12-04 00:00:00-05:00,long,2024-12-04 10:08:00-05:00,516.416484,2024-12-04 11:07:00-05:00,517.2430200000001,time,26,515.51,518.2294519999999,0.9064839999999776,60,21.48993600000381,0.26,0.10758654816000002,21.122349451843807,0.8962078269888564,0.9010841857061793,1.1600000000000819,54809.02986827959,54830.15221773143
META,2024-12-04 00:00:00-05:00,long,2024-12-04 10:11:00-05:00,613.225192,2024-12-04 10:38:00-05:00,609.676032,stop,22,609.92,619.8355760000001,3.3051920000000337,28,-78.08152000000064,0.22,0.10730298163199999,-78.40882298163264,-1.0783147872365637,1.00319710380528,5.759999999999991,54830.15221773143,54751.7433947498
AMZN,2024-12-05 00:00:00-05:00,long,2024-12-05 09:48:00-05:00,218.432338,2024-12-05 10:44:00-05:00,219.58924315439995,target,62,217.80995000000001,219.67711399999993,0.6223879999999724,57,71.72811957279782,0.62,0.10891626460458237,70.99920330819323,1.8399269273423977,0.61477630854865,1.0198999999999785,54751.7433947498,54822.742598057994
QQQ,2024-12-05 00:00:00-05:00,short,2024-12-05 09:50:00-05:00,517.972728,2024-12-05 10:18:00-05:00,518.7674239999999,stop,26,518.56,516.798184,0.5872719999999845,29,-20.6620959999982,0.26,0.10773832742399998,-21.0298343274222,-1.3772830678526342,0.6555716224424765,0.7600000000001046,54822.742598057994,54801.712763730575
META,2024-12-05 00:00:00-05:00,short,2024-12-05 09:55:00-05:00,608.9463240000001,2024-12-05 10:54:00-05:00,607.5329159999999,time,22,612.87,601.0989720000003,3.9236759999998867,60,31.09497600000509,0.22,0.10717455302400002,30.767801446981093,0.3564352483253642,0.747404284856369,6.960000000000036,54801.712763730575,54832.48056517755
SPY,2024-12-05 00:00:00-05:00,long,2024-12-05 10:01:00-05:00,595.848244,2024-12-05 10:11:00-05:00,595.1168580000001,stop,23,595.355,596.834732,0.49324400000000423,11,-16.821877999998378,0.23,0.10950150187200001,-17.16137950187038,-1.5127339305980876,0.5227808033803348,0.4700000000000273,54832.48056517755,54815.31918567568
NVDA,2024-12-05 00:00:00-05:00,short,2024-12-05 10:23:00-05:00,143.88242400000001,2024-12-05 10:54:00-05:00,144.90794000000002,stop,95,144.85000000000002,141.947272,0.9675760000000082,32,-97.42402000000098,0.9500000000000001,0.10935064224,-98.48337064224098,-1.0714063385119117,0.7291921137287564,1.7800000000000011,54815.31918567568,54716.83581503344
SPY,2024-12-06 00:00:00-05:00,long,2024-12-06 09:46:00-05:00,596.298424,2024-12-06 10:45:00-05:00,596.031492,time,22,595.56,597.775272,0.7384240000000091,60,-5.872503999999935,0.22,0.10490154259199999,-6.197405542591935,-0.38148848349456893,0.6358863333535818,0.9399999999999409,54716.83581503344,54710.63840949085
QQQ,2024-12-06 00:00:00-05:00,long,2024-12-06 09:46:00-05:00,519.7678239999999,2024-12-06 10:45:00-05:00,520.531704,time,26,518.47,522.3634719999997,1.2978239999998777,60,19.860880000002226,0.26,0.10827059443199999,19.492609405570224,0.5776713532560318,0.5045847958647424,1.6200000000000045,54710.63840949085,54730.13101889642
AMZN,2024-12-06 00:00:00-05:00,long,2024-12-06 09:46:00-05:00,223.599404,2024-12-06 10:45:00-05:00,223.98037200000002,time,61,221.89999999999998,226.99821200000002,1.6994040000000155,60,23.239048000001475,0.61,0.109302421536,22.519745578465475,0.21723860660797598,0.8373135166596949,2.5999999999999943,54730.13101889642,54752.650764474885
META,2024-12-06 00:00:00-05:00,long,2024-12-06 09:48:00-05:00,611.5345159999999,2024-12-06 10:19:00-05:00,618.6259985807998,target,22,607.865,618.8735479999998,3.6695159999999305,32,156.01261677759635,0.22,0.10887817575022075,155.68373860184613,1.9284651089711347,0.614129813496895,5.6299999999999955,54752.650764474885,54908.33450307673
NVDA,2024-12-06 00:00:00-05:00,short,2024-12-06 10:46:00-05:00,143.872428,2024-12-06 11:11:00-05:00,142.28417491360005,target,95,144.695,142.22728400000005,0.8225719999999797,26,150.88404320799611,0.9500000000000001,0.10934304528,149.8247001627161,1.9172815352042107,0.5231870617673157,1.4699999999999989,54908.33450307673,55058.15920323945
NVDA,2024-12-09 00:00:00-05:00,long,2024-12-09 09:46:00-05:00,139.245676,2024-12-09 10:34:00-05:00,138.124728,stop,98,138.18,141.377028,1.0656759999999963,49,-109.85290399999985,0.98,0.10828978675199999,-110.94119378675185,-1.0622862838461244,0.9889962189619189,1.9199999999999875,55058.15920323945,54947.21800945269
QQQ,2024-12-09 00:00:00-05:00,long,2024-12-09 09:50:00-05:00,521.748616,2024-12-09 10:11:00-05:00,520.556694,stop,26,520.765,523.7158479999999,0.9836159999999836,22,-30.989971999999398,0.26,0.108275792352,-31.3582477923514,-1.226176123153748,0.7127860646106123,1.4700000000000273,54947.21800945269,54915.859761660344
AMZN,2024-12-09 00:00:00-05:00,long,2024-12-09 10:08:00-05:00,229.98195599999997,2024-12-09 10:27:00-05:00,228.2599095,stop,59,228.35125,233.24336799999992,1.6307059999999751,20,-101.6007434999986,0.59,0.10773867728399998,-102.29848217728261,-1.063264978037735,1.148361768872363,2.6425000000000125,54915.859761660344,54813.56127948306
SPY,2024-12-09 00:00:00-05:00,short,2024-12-09 10:12:00-05:00,594.61206,2024-12-09 10:47:00-05:00,593.5234944719999,target,23,595.2750000000001,593.28618,0.6629400000000487,36,25.0370071440027,0.23,0.10940861904,24.6975985249627,1.6197674473105235,0.627644149001138,0.6499999999999773,54813.56127948306,54838.25887800802
META,2024-12-09 00:00:00-05:00,short,2024-12-09 10:23:00-05:00,615.4537200000001,2024-12-09 10:55:00-05:00,607.6241124640002,target,22,619.49,607.3811600000002,4.03627999999992,33,172.25136579199807,0.22,0.10831985472000001,171.92304593727806,1.9361104547355652,0.8862636581583118,6.660000000000082,54838.25887800802,55010.181923945296
QQQ,2024-12-10 00:00:00-05:00,long,2024-12-10 09:46:00-05:00,520.388072,2024-12-10 09:53:00-05:00,518.822388,stop,26,519.03,523.104216,1.3580719999999928,8,-40.7077839999979,0.26,0.107915056704,-41.0756990567019,-1.1632922106515173,0.8059947933180226,1.8600000000000136,55010.181923945296,54969.106224888594
NVDA,2024-12-10 00:00:00-05:00,long,2024-12-10 09:46:00-05:00,141.496576,2024-12-10 10:28:00-05:00,139.948998,stop,97,140.005,144.47972800000002,1.4915760000000091,43,-150.11506600000152,0.97,0.10860042244799999,-151.19366642244952,-1.0450004505194548,0.8058482529194173,2.8100000000000023,54969.106224888594,54817.912558466145
AMZN,2024-12-10 00:00:00-05:00,long,2024-12-10 09:46:00-05:00,228.056186,2024-12-10 09:56:00-05:00,226.39935402000003,stop,60,226.48995000000002,231.18865799999995,1.566235999999975,11,-99.40991879999785,0.6,0.10867168992960001,-100.11859048992744,-1.0653842555222524,0.6237989266931016,2.1799000000000035,54817.912558466145,54717.79396797622
META,2024-12-10 00:00:00-05:00,long,2024-12-10 10:03:00-05:00,620.7882159999999,2024-12-10 11:00:00-05:00,614.754,stop,22,615.0,632.3646479999998,5.78821599999992,58,-132.75275199999783,0.22,0.10819670399999999,-133.08094870399782,-1.0450774525345952,0.9678749258239342,11.019999999999982,54717.79396797622,54584.713019272225
SPY,2024-12-10 00:00:00-05:00,long,2024-12-10 10:19:00-05:00,593.4873,2024-12-10 11:00:00-05:00,592.397946,stop,22,592.635,595.1919,0.8523000000000138,42,-23.965787999999066,0.22,0.104262038496,-24.290050038495064,-1.2954278816941682,0.6746314918227225,1.1100000000000136,54584.713019272225,54560.42296923373
SPY,2024-12-11 00:00:00-05:00,long,2024-12-11 09:46:00-05:00,594.317632,2024-12-11 10:45:00-05:00,594.5121,time,22,593.5899999999999,595.7728960000002,0.7276320000000851,60,4.278296000000637,0.22,0.1046341296,3.953661870400637,0.24698185786222698,0.8062209342130288,0.6200000000000045,54560.42296923373,54564.37663110413
QQQ,2024-12-11 00:00:00-05:00,long,2024-12-11 09:46:00-05:00,522.038732,2024-12-11 10:45:00-05:00,523.260612,time,26,520.6700000000001,524.7761959999998,1.368731999999909,60,31.768880000001445,0.26,0.10883820729600001,31.400041792705444,0.8823450573992102,1.1268123782348471,1.580000000000041,54564.37663110413,54595.776672896834
NVDA,2024-12-11 00:00:00-05:00,long,2024-12-11 09:51:00-05:00,137.785092,2024-12-11 10:23:00-05:00,136.200498,stop,99,136.255,140.84527599999998,1.5300919999999962,33,-156.87480599999816,0.99,0.107870794416,-157.97267679441416,-1.042867751732566,0.679875668665446,2.490000000000009,54595.776672896834,54437.80399610242
META,2024-12-11 00:00:00-05:00,long,2024-12-11 10:00:00-05:00,630.55212,2024-12-11 10:59:00-05:00,630.59766,time,21,623.61,644.4363599999998,6.942119999999932,60,0.9563400000015463,0.21,0.10594040688,0.6403995931215463,0.004392781847630685,1.212681373340311,11.259999999999991,54437.80399610242,54438.444395695544
AMZN,2024-12-11 00:00:00-05:00,long,2024-12-11 10:01:00-05:00,229.87191199999998,2024-12-11 11:00:00-05:00,230.147904,time,59,227.98,233.65573599999996,1.8919119999999907,60,16.28352800000181,0.59,0.10862981068800001,15.584898189313808,0.13962109060465389,0.83846537700661,3.4399999999999977,54438.444395695544,54454.02929388486
AMZN,2024-12-12 00:00:00-05:00,short,2024-12-12 09:46:00-05:00,228.628512,2024-12-12 10:23:00-05:00,229.6113078,stop,59,229.5195,226.84653600000001,0.890987999999993,38,-57.98495219999947,0.59,0.10791265766399999,-58.682864857663475,-1.1163167496038093,0.545714532357184,1.4989999999999952,54454.02929388486,54395.346429027195
NVDA,2024-12-12 00:00:00-05:00,long,2024-12-12 09:52:00-05:00,137.31490399999998,2024-12-12 10:02:00-05:00,136.385424,stop,99,136.44,139.06471199999996,0.8749039999999866,11,-92.0185199999984,0.99,0.10801725580799999,-93.11653725580639,-1.0750563300567813,0.7990849344755886,1.5199999999999818,54395.346429027195,54302.229891771385
SPY,2024-12-12 00:00:00-05:00,short,2024-12-12 09:54:00-05:00,593.422536,2024-12-12 10:24:00-05:00,594.267612,stop,22,594.03,592.2076080000002,0.6074639999999363,31,-18.59167199999888,0.22,0.104442366336,-18.916114366334877,-1.41543100543907,0.7689650256894338,0.7400000000000091,54302.229891771385,54283.31377740505
META,2024-12-12 00:00:00-05:00,long,2024-12-12 09:58:00-05:00,629.1515599999999,2024-12-12 10:57:00-05:00,630.407736,time,21,626.175,635.1046799999998,2.9765599999999495,60,26.379696000002014,0.21,0.10590849964799999,26.063787500354014,0.4169688291558433,0.6129165312813526,5.110000000000014,54283.31377740505,54309.3775649054
QQQ,2024-12-12 00:00:00-05:00,short,2024-12-12 10:10:00-05:00,521.7512160000001,2024-12-12 10:19:00-05:00,522.7290079999999,stop,26,522.52,520.2136480000004,0.7687839999998687,10,-25.422591999994665,0.26,0.10852425292800003,-25.791116252922667,-1.2903052219192443,0.9021390315926797,0.9800000000000182,54309.3775649054,54283.58644865248
SPY,2024-12-13 00:00:00-05:00,long,2024-12-13 09:46:00-05:00,594.957888,2024-12-13 09:53:00-05:00,594.002304,stop,22,594.24,596.3936640000001,0.7178880000000163,8,-21.022848000000977,0.22,0.10454440550399999,-21.347392405504976,-1.3516537655344878,0.7853725027999061,0.9200000000000728,54283.58644865248,54262.23905624697
QQQ,2024-12-13 00:00:00-05:00,long,2024-12-13 09:46:00-05:00,528.4612999999999,2024-12-13 10:06:00-05:00,526.5842820000001,stop,25,526.7950000000001,531.7938999999997,1.6662999999998647,21,-46.92544999999484,0.25,0.10531685640000003,-47.28076685639484,-1.1349881019359942,1.2753515611185264,2.550000000000068,54262.23905624697,54214.958289390575
AMZN,2024-12-13 00:00:00-05:00,short,2024-12-13 10:20:00-05:00,228.048744,2024-12-13 11:19:00-05:00,227.38091599999998,time,59,229.1971,225.75203199999999,1.1483560000000068,60,39.401852000000844,0.59,0.107639007168,38.704212992832844,0.5712545674407679,0.5683749328230382,1.8342000000000098,54214.958289390575,54253.662502383406
NVDA,2024-12-13 00:00:00-05:00,short,2024-12-13 10:25:00-05:00,137.055156,2024-12-13 10:58:00-05:00,134.54926618720006,target,98,138.33499999999998,134.49546800000007,1.2798439999999687,34,245.57720165439508,0.98,0.10745124230400001,244.4897504120911,1.9492948918399515,0.7340726884814607,2.109999999999985,54253.662502383406,54498.152252795495
META,2024-12-13 00:00:00-05:00,short,2024-12-13 10:26:00-05:00,621.731208,2024-12-13 11:00:00-05:00,615.9699134496001,target,21,624.735,615.7236240000001,3.003791999999976,35,120.987185558399,0.21,0.104450842944,120.67273471545501,1.9130221735512976,0.6001416514490076,5.230000000000018,54498.152252795495,54618.82498751095
META,2024-12-16 00:00:00-05:00,short,2024-12-16 09:48:00-05:00,619.7120160000001,2024-12-16 10:47:00-05:00,618.277212,time,22,624.535,610.0660480000003,4.822983999999906,60,31.565688000002183,0.22,0.109069314816,31.236618685186183,0.2943916678703738,1.0561728536313064,7.029999999999973,54618.82498751095,54650.061606196134
QQQ,2024-12-16 00:00:00-05:00,long,2024-12-16 09:54:00-05:00,529.921884,2024-12-16 10:53:00-05:00,530.117868,time,25,528.895,531.975652,1.0268839999999955,60,4.899600000001669,0.25,0.1060235736,4.543576426401669,0.17698499251723426,1.0525029866084723,1.3700000000000045,54650.061606196134,54654.60518262254
AMZN,2024-12-16 00:00:00-05:00,short,2024-12-16 09:57:00-05:00,229.048344,2024-12-16 10:56:00-05:00,230.102004,time,59,230.68515000000002,225.77473199999991,1.6368060000000355,60,-62.16594000000046,0.59,0.10811081836799999,-62.86405081836846,-0.6509582606319776,0.8124641426287187,2.7897000000000105,54654.60518262254,54591.74113180417
SPY,2024-12-16 00:00:00-05:00,long,2024-12-16 10:01:00-05:00,594.497704,2024-12-16 10:13:00-05:00,593.5524839999999,stop,22,593.79,595.9131120000001,0.7077040000000352,13,-20.794840000001386,0.22,0.10446523718399998,-21.119305237185387,-1.3564547040457808,0.8352354740936104,0.7599999999999909,54591.74113180417,54570.62182656699
SPY,2024-12-17 00:00:00-05:00,long,2024-12-17 09:49:00-05:00,592.716992,2024-12-17 10:00:00-05:00,591.678234,stop,23,591.915,594.3209760000001,0.8019920000000411,12,-23.891434000000686,0.23,0.108868795056,-24.230302795056687,-1.3135934346875977,1.1085821033455696,0.9900000000000091,54570.62182656699,54546.391523771934
AMZN,2024-12-17 00:00:00-05:00,short,2024-12-17 09:54:00-05:00,228.55854000000002,2024-12-17 10:53:00-05:00,230.06068748,time,59,230.81855000000002,224.03852000000003,2.260009999999994,60,-88.62670131999946,0.59,0.10787963088000001,-89.32458095087947,-0.6698978979385024,0.8595285100652447,3.8228999999999758,54546.391523771934,54457.06694282105
QQQ,2024-12-17 00:00:00-05:00,short,2024-12-17 10:04:00-05:00,529.817988,2024-12-17 11:03:00-05:00,530.9623,time,25,531.23,526.993964,1.4120120000000043,60,-28.60780000000034,0.25,0.1059635976,-28.963763597600337,-0.8204962450064235,1.433292366360995,2.0,54457.06694282105,54428.10317922345
NVDA,2024-12-17 00:00:00-05:00,short,2024-12-17 10:05:00-05:00,126.939204,2024-12-17 10:38:00-05:00,128.27629,stop,107,128.225,124.36761200000002,1.2857959999999906,34,-143.0682019999984,1.07,0.108659958624,-144.2468619586224,-1.0484567642394245,1.4713253538325912,2.3899999999999864,54428.10317922345,54283.85631726483
META,2024-12-17 00:00:00-05:00,short,2024-12-17 10:11:00-05:00,617.5029000000001,2024-12-17 11:10:00-05:00,621.628552,time,21,623.8199999999999,604.8687000000003,6.3170999999998685,60,-86.63869199999885,0.21,0.10374048720000001,-86.95243248719885,-0.6554577295277946,1.1461973000226056,10.879999999999995,54283.85631726483,54196.90388477763
SPY,2024-12-18 00:00:00-05:00,long,2024-12-18 09:54:00-05:00,592.376856,2024-12-18 10:44:00-05:00,593.6330197727999,target,22,591.63,593.8705679999999,0.7468559999999798,51,27.63560300159861,0.22,0.10447941148001279,27.311123590118598,1.6621875015287928,0.7578631206041319,0.6600000000000819,54196.90388477763,54224.21500836775
META,2024-12-18 00:00:00-05:00,long,2024-12-18 09:55:00-05:00,619.9979,2024-12-18 10:54:00-05:00,620.511696,time,21,616.435,627.1237,3.5629000000000133,60,10.789716000001476,0.21,0.10424596492799999,10.475470035073476,0.14000727116452003,0.8482347549318998,5.310000000000059,54224.21500836775,54234.69047840282
QQQ,2024-12-18 00:00:00-05:00,long,2024-12-18 10:06:00-05:00,531.152376,2024-12-18 11:05:00-05:00,531.3973560000001,time,25,529.765,533.927128,1.3873760000000175,60,6.124500000001376,0.25,0.1062794712,5.768220528801376,0.1663059049255949,0.7154527864411038,2.1900000000000546,54234.69047840282,54240.45869893162
NVDA,2024-12-18 00:00:00-05:00,long,2024-12-18 10:35:00-05:00,135.824308,2024-12-18 11:34:00-05:00,134.676108,time,99,134.09500000000003,139.28292399999995,1.7293079999999748,60,-113.67180000000027,0.99,0.106663477536,-114.76846347753627,-0.6703706967550139,1.0710608896672285,2.969999999999999,54240.45869893162,54125.69023545409
AMZN,2024-12-18 00:00:00-05:00,long,2024-12-18 10:48:00-05:00,231.33239595999999,2024-12-18 11:13:00-05:00,230.062938,stop,58,230.155,233.68718787999995,1.1773959599999841,26,-73.628561679999,0.58,0.10674920323199999,-74.31531088323099,-1.0882477153259469,0.64437009934866,1.8500000000000227,54125.69023545409,54051.37492457085
SPY,2024-12-19 00:00:00-05:00,short,2024-12-19 09:52:00-05:00,578.3385720000001,2024-12-19 10:51:00-05:00,578.151168,time,23,579.8599999999999,575.2957160000005,1.521427999999787,60,4.31029200000296,0.23,0.10641429724800001,3.9738777027549594,0.11356258161684474,2.007703083495537,2.3600000000000136,54051.37492457085,54055.348802273606
QQQ,2024-12-19 00:00:00-05:00,short,2024-12-19 09:55:00-05:00,513.6344640000001,2024-12-19 10:54:00-05:00,513.3652639999999,time,26,515.54,509.82339200000035,1.90553599999987,60,6.999200000004748,0.26,0.10683596851200002,6.632364031492749,0.13386833116152097,2.0078653755152174,3.060000000000059,54055.348802273606,54061.9811663051
NVDA,2024-12-19 00:00:00-05:00,long,2024-12-19 10:14:00-05:00,131.882732,2024-12-19 10:23:00-05:00,130.657716,stop,102,130.70999999999998,134.22819600000005,1.1727320000000248,10,-124.9516320000011,1.02,0.106616696256,-126.07824869625709,-1.0540014783667409,0.8383982889526994,2.1599999999999966,54061.9811663051,53935.902917608844
NVDA,2024-12-20 00:00:00-05:00,short,2024-12-20 09:49:00-05:00,128.188704,2024-12-20 09:54:00-05:00,129.12662999999998,stop,105,129.075,126.41611200000003,0.8862959999999873,6,-98.48222999999749,1.05,0.10767851135999999,-99.63990851135749,-1.0706936617473053,1.500226583822083,1.5100000000000193,53935.902917608844,53836.263009097485
META,2024-12-20 00:00:00-05:00,short,2024-12-20 09:50:00-05:00,584.935932,2024-12-20 10:05:00-05:00,589.080538,stop,23,588.845,577.1177959999999,3.9090680000000475,16,-95.32593800000154,0.23,0.10762821148799999,-95.66356621148955,-1.0640094998234917,3.424213627876331,6.029999999999973,53836.263009097485,53740.59944288599
QQQ,2024-12-20 00:00:00-05:00,short,2024-12-20 09:51:00-05:00,504.69804,2024-12-20 09:53:00-05:00,506.932692,stop,26,506.73,500.63411999999994,2.0319600000000264,3,-58.10095199999955,0.26,0.10497719232,-58.46592919231955,-1.1066603596133553,1.9162663390331722,3.0,53740.59944288599,53682.133513693676
AMZN,2024-12-20 00:00:00-05:00,long,2024-12-20 10:06:00-05:00,220.90832799999998,2024-12-20 10:30:00-05:00,223.03573400639993,target,60,219.8,223.12498399999993,1.1083279999999718,25,127.64436038399708,0.6,0.10705715232307196,126.93730323167402,1.9088408129434196,3.2405423514590184,2.140000000000015,53682.133513693676,53809.07081692535
SPY,2024-12-20 00:00:00-05:00,long,2024-12-20 10:14:00-05:00,574.67978,2024-12-20 10:32:00-05:00,578.1479882640001,target,23,572.83,578.3793400000001,1.8497800000000097,19,79.76879007200125,0.23,0.10637922984057602,79.43241084216068,1.8670236893543688,3.1075002178804954,2.980000000000018,53809.07081692535,53888.50322776751
